t_s	a	T_gamma_MeV	T_nue_MeV	T_numu_MeV	T_nutau_MeV	Y_n	Y_p	Y_H2	Y_H3	Y_He3	Y_He4	Y_Li7	Y_Be7
4.616445280495221179e-04	4.200133329459238692e-12	4.000000000000000000e+01	3.999999999997911715e+01	4.000000000005618972e+01	3.999999999989812238e+01	0.000000000000000000e+00	0.000000000000000000e+00	0.000000000000000000e+00	0.000000000000000000e+00	0.000000000000000000e+00	0.000000000000000000e+00	0.000000000000000000e+00	0.000000000000000000e+00
4.822311446602751983e-04	4.292755449337856233e-12	3.913688576913747852e+01	3.913707368795522257e+01	3.913707367315527108e+01	3.913707367319790364e+01	0.000000000000000000e+00	0.000000000000000000e+00	0.000000000000000000e+00	0.000000000000000000e+00	0.000000000000000000e+00	0.000000000000000000e+00	0.000000000000000000e+00	0.000000000000000000e+00
5.037358026594283443e-04	4.387426814311841585e-12	3.829239428540318357e+01	3.829258998961646654e+01	3.829258997374272155e+01	3.829258997381572271e+01	0.000000000000000000e+00	0.000000000000000000e+00	0.000000000000000000e+00	0.000000000000000000e+00	0.000000000000000000e+00	0.000000000000000000e+00	0.000000000000000000e+00	0.000000000000000000e+00
5.261994412652501235e-04	4.484192724569199306e-12	3.746612534502084202e+01	3.746616090086084228e+01	3.746616088388093857e+01	3.746616088388957877e+01	0.000000000000000000e+00	0.000000000000000000e+00	0.000000000000000000e+00	0.000000000000000000e+00	0.000000000000000000e+00	0.000000000000000000e+00	0.000000000000000000e+00	0.000000000000000000e+00
5.496648253431008846e-04	4.583081277052079422e-12	3.665768521499175137e+01	3.665784631187413822e+01	3.665784629362843106e+01	3.665784629370902792e+01	0.000000000000000000e+00	0.000000000000000000e+00	0.000000000000000000e+00	0.000000000000000000e+00	0.000000000000000000e+00	0.000000000000000000e+00	0.000000000000000000e+00	0.000000000000000000e+00
5.741766268185016439e-04	4.684154484491755505e-12	3.586668954875118231e+01	3.586688104475441463e+01	3.586688102519303101e+01	3.586688102522364829e+01	0.000000000000000000e+00	0.000000000000000000e+00	0.000000000000000000e+00	0.000000000000000000e+00	0.000000000000000000e+00	0.000000000000000000e+00	0.000000000000000000e+00	0.000000000000000000e+00
5.997815097207411699e-04	4.787463835735834258e-12	3.509276225630010515e+01	3.509282575713973529e+01	3.509282573611952216e+01	3.509282573618333601e+01	0.000000000000000000e+00	0.000000000000000000e+00	0.000000000000000000e+00	0.000000000000000000e+00	0.000000000000000000e+00	0.000000000000000000e+00	0.000000000000000000e+00	0.000000000000000000e+00
6.265282190189287552e-04	4.893042545314251826e-12	3.433553476771223956e+01	3.433566858549674095e+01	3.433566856295333736e+01	3.433566856300194559e+01	0.000000000000000000e+00	0.000000000000000000e+00	0.000000000000000000e+00	0.000000000000000000e+00	0.000000000000000000e+00	0.000000000000000000e+00	0.000000000000000000e+00	0.000000000000000000e+00
6.544676734196034403e-04	5.000950418124629698e-12	3.359464680611592513e+01	3.359483082034099510e+01	3.359483079609999834e+01	3.359483079614452095e+01	0.000000000000000000e+00	0.000000000000000000e+00	0.000000000000000000e+00	0.000000000000000000e+00	0.000000000000000000e+00	0.000000000000000000e+00	0.000000000000000000e+00	0.000000000000000000e+00
6.836530623025736855e-04	5.111245572716251189e-12	3.286974630950742693e+01	3.286983112266447193e+01	3.286983109661087354e+01	3.286983109664615199e+01	0.000000000000000000e+00	0.000000000000000000e+00	0.000000000000000000e+00	0.000000000000000000e+00	0.000000000000000000e+00	0.000000000000000000e+00	0.000000000000000000e+00	0.000000000000000000e+00
7.141399469795228208e-04	5.223967038299720792e-12	3.216048740841870313e+01	3.216059385602256526e+01	3.216059382802451694e+01	3.216059382804952094e+01	0.000000000000000000e+00	0.000000000000000000e+00	0.000000000000000000e+00	0.000000000000000000e+00	0.000000000000000000e+00	0.000000000000000000e+00	0.000000000000000000e+00	0.000000000000000000e+00
7.459863664681425305e-04	5.339171885312408624e-12	3.146653216001258713e+01	3.146670604032047791e+01	3.146670601017431679e+01	3.146670601019145153e+01	0.000000000000000000e+00	0.000000000000000000e+00	0.000000000000000000e+00	0.000000000000000000e+00	0.000000000000000000e+00	0.000000000000000000e+00	0.000000000000000000e+00	0.000000000000000000e+00
7.792529479831756005e-04	5.456925529380126215e-12	3.078755106856255708e+01	3.078765148396642459e+01	3.078765145149993998e+01	3.078765145152238958e+01	0.000000000000000000e+00	0.000000000000000000e+00	0.000000000000000000e+00	0.000000000000000000e+00	0.000000000000000000e+00	0.000000000000000000e+00	0.000000000000000000e+00	0.000000000000000000e+00
8.140030223547003313e-04	5.577273117404137265e-12	3.012322147756228574e+01	3.012330075665935070e+01	3.012330072165451611e+01	3.012330072167440775e+01	0.000000000000000000e+00	0.000000000000000000e+00	0.000000000000000000e+00	0.000000000000000000e+00	0.000000000000000000e+00	0.000000000000000000e+00	0.000000000000000000e+00	0.000000000000000000e+00
8.503027445933940406e-04	5.700268226028837481e-12	2.947322686283132143e+01	2.947338850063656324e+01	2.947338846270675106e+01	2.947338846274087132e+01	0.000000000000000000e+00	0.000000000000000000e+00	0.000000000000000000e+00	0.000000000000000000e+00	0.000000000000000000e+00	0.000000000000000000e+00	0.000000000000000000e+00	0.000000000000000000e+00
8.882212198322849903e-04	5.825984455312185726e-12	2.883725784020777994e+01	2.883736895006020617e+01	2.883736890890885007e+01	2.883736890891958993e+01	0.000000000000000000e+00	0.000000000000000000e+00	0.000000000000000000e+00	0.000000000000000000e+00	0.000000000000000000e+00	0.000000000000000000e+00	0.000000000000000000e+00	0.000000000000000000e+00
9.278306348847703382e-04	5.954474025989541134e-12	2.821501187718576631e+01	2.821506445387678497e+01	2.821506440925854520e+01	2.821506440927396397e+01	0.000000000000000000e+00	0.000000000000000000e+00	0.000000000000000000e+00	0.000000000000000000e+00	0.000000000000000000e+00	0.000000000000000000e+00	0.000000000000000000e+00	0.000000000000000000e+00
9.692063956693437688e-04	6.085786274949086318e-12	2.760619270199698505e+01	2.760634046193372981e+01	2.760634041361128155e+01	2.760634041362121849e+01	0.000000000000000000e+00	0.000000000000000000e+00	0.000000000000000000e+00	0.000000000000000000e+00	0.000000000000000000e+00	0.000000000000000000e+00	0.000000000000000000e+00	0.000000000000000000e+00
1.012427270762645583e-03	6.220003605119680325e-12	2.701051072900399319e+01	2.701062834822939251e+01	2.701062829593596248e+01	2.701062829594928871e+01	0.000000000000000000e+00	0.000000000000000000e+00	0.000000000000000000e+00	0.000000000000000000e+00	0.000000000000000000e+00	0.000000000000000000e+00	0.000000000000000000e+00	0.000000000000000000e+00
1.057575541354138001e-03	6.357186036845759943e-12	2.642768238111023393e+01	2.642770893017543443e+01	2.642770887370001631e+01	2.642770887371091959e+01	0.000000000000000000e+00	0.000000000000000000e+00	0.000000000000000000e+00	0.000000000000000000e+00	0.000000000000000000e+00	0.000000000000000000e+00	0.000000000000000000e+00	0.000000000000000000e+00
1.104737157887868962e-03	6.497377837690244161e-12	2.585743037727103300e+01	2.585756303790651600e+01	2.585756297693426831e+01	2.585756297694070582e+01	0.000000000000000000e+00	0.000000000000000000e+00	0.000000000000000000e+00	0.000000000000000000e+00	0.000000000000000000e+00	0.000000000000000000e+00	0.000000000000000000e+00	0.000000000000000000e+00
1.154001903689536599e-03	6.640671153079500194e-12	2.529948332226429741e+01	2.529960390586563790e+01	2.529960383991494766e+01	2.529960383992010620e+01	0.000000000000000000e+00	0.000000000000000000e+00	0.000000000000000000e+00	0.000000000000000000e+00	0.000000000000000000e+00	0.000000000000000000e+00	0.000000000000000000e+00	0.000000000000000000e+00
1.205463565890344067e-03	6.787134530375846969e-12	2.475357575081482508e+01	2.475357711920293013e+01	2.475357704781530543e+01	2.475357704781503898e+01	0.000000000000000000e+00	0.000000000000000000e+00	0.000000000000000000e+00	0.000000000000000000e+00	0.000000000000000000e+00	0.000000000000000000e+00	0.000000000000000000e+00	0.000000000000000000e+00
1.259220113973056384e-03	6.936806296875202945e-12	2.421944799568056439e+01	2.421956469128204148e+01	2.421956461412185746e+01	2.421956461412185035e+01	0.000000000000000000e+00	0.000000000000000000e+00	0.000000000000000000e+00	0.000000000000000000e+00	0.000000000000000000e+00	0.000000000000000000e+00	0.000000000000000000e+00	0.000000000000000000e+00
1.315373886280157660e-03	7.089789307587093060e-12	2.369684560400120432e+01	2.369696616999850391e+01	2.369696608671792859e+01	2.369696608671943139e+01	0.000000000000000000e+00	0.000000000000000000e+00	0.000000000000000000e+00	0.000000000000000000e+00	0.000000000000000000e+00	0.000000000000000000e+00	0.000000000000000000e+00	0.000000000000000000e+00
1.374031784839156722e-03	7.246157097872361244e-12	2.318551974579686004e+01	2.318554028726832783e+01	2.318554019748115991e+01	2.318554019748214756e+01	0.000000000000000000e+00	0.000000000000000000e+00	0.000000000000000000e+00	0.000000000000000000e+00	0.000000000000000000e+00	0.000000000000000000e+00	0.000000000000000000e+00	0.000000000000000000e+00
1.435305478875963624e-03	7.405954611534971636e-12	2.268522726663467992e+01	2.268532743857784340e+01	2.268532734202230472e+01	2.268532734202279144e+01	0.000000000000000000e+00	0.000000000000000000e+00	0.000000000000000000e+00	0.000000000000000000e+00	0.000000000000000000e+00	0.000000000000000000e+00	0.000000000000000000e+00	0.000000000000000000e+00
1.499311617403749569e-03	7.569282697261777493e-12	2.219573020758310022e+01	2.219584827713733688e+01	2.219584817363672968e+01	2.219584817363888263e+01	0.000000000000000000e+00	0.000000000000000000e+00	0.000000000000000000e+00	0.000000000000000000e+00	0.000000000000000000e+00	0.000000000000000000e+00	0.000000000000000000e+00	0.000000000000000000e+00
1.566172051292024671e-03	7.736224301596930723e-12	2.171679570052477359e+01	2.171683366897187284e+01	2.171683355673532390e+01	2.171683355673780724e+01	0.000000000000000000e+00	0.000000000000000000e+00	0.000000000000000000e+00	0.000000000000000000e+00	0.000000000000000000e+00	0.000000000000000000e+00	0.000000000000000000e+00	0.000000000000000000e+00
1.636014065238664819e-03	7.906832737563700288e-12	2.124819571659490691e+01	2.124827906707190905e+01	2.124827894566867670e+01	2.124827894567010489e+01	0.000000000000000000e+00	0.000000000000000000e+00	0.000000000000000000e+00	0.000000000000000000e+00	0.000000000000000000e+00	0.000000000000000000e+00	0.000000000000000000e+00	0.000000000000000000e+00
1.708970620086543287e-03	8.081205329237487731e-12	2.078970727095785165e+01	2.078982079482205947e+01	2.078982066380413229e+01	2.078982066380408256e+01	0.000000000000000000e+00	0.000000000000000000e+00	0.000000000000000000e+00	0.000000000000000000e+00	0.000000000000000000e+00	0.000000000000000000e+00	0.000000000000000000e+00	0.000000000000000000e+00
1.785180605946028089e-03	8.259435788366714217e-12	2.034111219504703527e+01	2.034116346237746598e+01	2.034116332128164473e+01	2.034116332128233751e+01	0.000000000000000000e+00	0.000000000000000000e+00	0.000000000000000000e+00	0.000000000000000000e+00	0.000000000000000000e+00	0.000000000000000000e+00	0.000000000000000000e+00	0.000000000000000000e+00
1.864789106605263405e-03	8.441586588742703796e-12	1.990219701957959586e+01	1.990226347122416684e+01	1.990226331676059601e+01	1.990226331676188565e+01	0.000000000000000000e+00	0.000000000000000000e+00	0.000000000000000000e+00	0.000000000000000000e+00	0.000000000000000000e+00	0.000000000000000000e+00	0.000000000000000000e+00	0.000000000000000000e+00
1.947947675731578334e-03	8.627750574649784124e-12	1.947275285259095412e+01	1.947286014573498392e+01	1.947285996821820220e+01	1.947285996821828036e+01	0.000000000000000000e+00	0.000000000000000000e+00	0.000000000000000000e+00	0.000000000000000000e+00	0.000000000000000000e+00	0.000000000000000000e+00	0.000000000000000000e+00	0.000000000000000000e+00
2.034814625389846053e-03	8.818033289966908676e-12	1.905257530634768415e+01	1.905263627818212768e+01	1.905263608398716713e+01	1.905263608398747976e+01	0.000000000000000000e+00	0.000000000000000000e+00	0.000000000000000000e+00	0.000000000000000000e+00	0.000000000000000000e+00	0.000000000000000000e+00	0.000000000000000000e+00	0.000000000000000000e+00
2.125555327427064087e-03	9.012507387393484382e-12	1.864146447500808534e+01	1.864151411999309715e+01	1.864151391282468850e+01	1.864151391282522852e+01	0.000000000000000000e+00	0.000000000000000000e+00	0.000000000000000000e+00	0.000000000000000000e+00	0.000000000000000000e+00	0.000000000000000000e+00	0.000000000000000000e+00	0.000000000000000000e+00
2.220342528296885120e-03	9.211260172462412810e-12	1.823922469832990600e+01	1.823932444930521157e+01	1.823932422352041627e+01	1.823932422352002192e+01	0.000000000000000000e+00	0.000000000000000000e+00	0.000000000000000000e+00	0.000000000000000000e+00	0.000000000000000000e+00	0.000000000000000000e+00	0.000000000000000000e+00	0.000000000000000000e+00
2.319356677923488461e-03	9.414410176873489941e-12	1.784566452391398172e+01	1.784573215512992306e+01	1.784573190724817948e+01	1.784573190724816172e+01	0.000000000000000000e+00	0.000000000000000000e+00	0.000000000000000000e+00	0.000000000000000000e+00	0.000000000000000000e+00	0.000000000000000000e+00	0.000000000000000000e+00	0.000000000000000000e+00
2.422786273230808328e-03	9.622041334805804111e-12	1.746059671676468028e+01	1.746062982186327162e+01	1.746062955180494214e+01	1.746062955180502030e+01	0.000000000000000000e+00	0.000000000000000000e+00	0.000000000000000000e+00	0.000000000000000000e+00	0.000000000000000000e+00	0.000000000000000000e+00	0.000000000000000000e+00	0.000000000000000000e+00
2.530828216991153935e-03	9.834234240970522102e-12	1.708383802156511777e+01	1.708392917995904625e+01	1.708392888697926537e+01	1.708392888697941103e+01	0.000000000000000000e+00	0.000000000000000000e+00	0.000000000000000000e+00	0.000000000000000000e+00	0.000000000000000000e+00	0.000000000000000000e+00	0.000000000000000000e+00	0.000000000000000000e+00
2.643688192676349642e-03	1.005112167025740908e-11	1.671520911528371300e+01	1.671528078036510223e+01	1.671528046214429253e+01	1.671528046214420726e+01	0.000000000000000000e+00	0.000000000000000000e+00	0.000000000000000000e+00	0.000000000000000000e+00	0.000000000000000000e+00	0.000000000000000000e+00	0.000000000000000000e+00	0.000000000000000000e+00
2.761581056025014854e-03	1.027280003202423240e-11	1.635453461934030273e+01	1.635455158073825999e+01	1.635455123430968172e+01	1.635455123430973146e+01	0.000000000000000000e+00	0.000000000000000000e+00	0.000000000000000000e+00	0.000000000000000000e+00	0.000000000000000000e+00	0.000000000000000000e+00	0.000000000000000000e+00	0.000000000000000000e+00
2.884731244071448136e-03	1.049934191999791431e-11	1.600164289058395539e+01	1.600172466735559240e+01	1.600172429025602483e+01	1.600172429025584719e+01	0.000000000000000000e+00	0.000000000000000000e+00	0.000000000000000000e+00	0.000000000000000000e+00	0.000000000000000000e+00	0.000000000000000000e+00	0.000000000000000000e+00	0.000000000000000000e+00
3.013373202414746169e-03	1.073089574750735082e-11	1.565636597050907497e+01	1.565643942892765850e+01	1.565643901839712449e+01	1.565643901839696461e+01	0.000000000000000000e+00	0.000000000000000000e+00	0.000000000000000000e+00	0.000000000000000000e+00	0.000000000000000000e+00	0.000000000000000000e+00	0.000000000000000000e+00	0.000000000000000000e+00
3.147751831541646585e-03	1.096757166265874965e-11	1.531853963901802906e+01	1.531854094024534874e+01	1.531854049341103696e+01	1.531854049341099788e+01	0.000000000000000000e+00	0.000000000000000000e+00	0.000000000000000000e+00	0.000000000000000000e+00	0.000000000000000000e+00	0.000000000000000000e+00	0.000000000000000000e+00	0.000000000000000000e+00
3.288122953052681138e-03	1.120943280301843843e-11	1.498800313844325593e+01	1.498807495317937999e+01	1.498807446705977142e+01	1.498807446705964175e+01	0.000000000000000000e+00	0.000000000000000000e+00	0.000000000000000000e+00	0.000000000000000000e+00	0.000000000000000000e+00	0.000000000000000000e+00	0.000000000000000000e+00	0.000000000000000000e+00
3.434753796679297644e-03	1.145664473848577376e-11	1.466459911085048695e+01	1.466467246631413524e+01	1.466467193719816997e+01	1.466467193719803497e+01	0.000000000000000000e+00	0.000000000000000000e+00	0.000000000000000000e+00	0.000000000000000000e+00	0.000000000000000000e+00	0.000000000000000000e+00	0.000000000000000000e+00	0.000000000000000000e+00
3.587923509019048073e-03	1.170932632911877344e-11	1.434817353257856887e+01	1.434818413594452657e+01	1.434818356139381379e+01	1.434818356139347628e+01	0.000000000000000000e+00	0.000000000000000000e+00	0.000000000000000000e+00	0.000000000000000000e+00	0.000000000000000000e+00	0.000000000000000000e+00	0.000000000000000000e+00	0.000000000000000000e+00
3.747923684957357119e-03	1.196754960698013048e-11	1.403857582014962091e+01	1.403863727255660443e+01	1.403863664669015066e+01	1.403863664668983979e+01	0.000000000000000000e+00	0.000000000000000000e+00	0.000000000000000000e+00	0.000000000000000000e+00	0.000000000000000000e+00	0.000000000000000000e+00	0.000000000000000000e+00	0.000000000000000000e+00
3.915058922787580629e-03	1.223147887287014165e-11	1.373565875571662254e+01	1.373573041047923660e+01	1.373572972973995832e+01	1.373572972973954442e+01	0.000000000000000000e+00	0.000000000000000000e+00	0.000000000000000000e+00	0.000000000000000000e+00	0.000000000000000000e+00	0.000000000000000000e+00	0.000000000000000000e+00	0.000000000000000000e+00
4.089647404086091051e-03	1.250124755184396499e-11	1.343927818772257510e+01	1.343929939701864384e+01	1.343929865697829484e+01	1.343929865697765180e+01	0.000000000000000000e+00	0.000000000000000000e+00	0.000000000000000000e+00	0.000000000000000000e+00	0.000000000000000000e+00	0.000000000000000000e+00	0.000000000000000000e+00	0.000000000000000000e+00
4.272021499446429504e-03	1.277694093770444328e-11	1.314929308126691154e+01	1.314934391819707749e+01	1.314934311316809534e+01	1.314934311316723736e+01	0.000000000000000000e+00	0.000000000000000000e+00	0.000000000000000000e+00	0.000000000000000000e+00	0.000000000000000000e+00	0.000000000000000000e+00	0.000000000000000000e+00	0.000000000000000000e+00
4.462528401225548773e-03	1.305871785273348083e-11	1.286556544413693004e+01	1.286563405427909323e+01	1.286563317902309045e+01	1.286563317902195180e+01	0.000000000000000000e+00	0.000000000000000000e+00	0.000000000000000000e+00	0.000000000000000000e+00	0.000000000000000000e+00	0.000000000000000000e+00	0.000000000000000000e+00	0.000000000000000000e+00
4.661530784506851509e-03	1.334672901036522077e-11	1.258796024703128680e+01	1.258798941921176251e+01	1.258798846642985581e+01	1.258798846642823399e+01	0.000000000000000000e+00	0.000000000000000000e+00	0.000000000000000000e+00	0.000000000000000000e+00	0.000000000000000000e+00	0.000000000000000000e+00	0.000000000000000000e+00	0.000000000000000000e+00
4.869407497538249391e-03	1.364107448614175603e-11	1.231634538494520825e+01	1.231638546776477838e+01	1.231638443037880570e+01	1.231638443037664032e+01	0.000000000000000000e+00	0.000000000000000000e+00	0.000000000000000000e+00	0.000000000000000000e+00	0.000000000000000000e+00	0.000000000000000000e+00	0.000000000000000000e+00	0.000000000000000000e+00
5.086554282959673129e-03	1.394190606780610076e-11	1.205059160733489065e+01	1.205065603442899658e+01	1.205065490393591254e+01	1.205065490393292471e+01	0.000000000000000000e+00	0.000000000000000000e+00	0.000000000000000000e+00	0.000000000000000000e+00	0.000000000000000000e+00	0.000000000000000000e+00	0.000000000000000000e+00	0.000000000000000000e+00
5.313384531193096443e-03	1.424939343583914098e-11	1.179057245537679499e+01	1.179060726040233575e+01	1.179060602778367084e+01	1.179060602777958522e+01	0.000000000000000000e+00	0.000000000000000000e+00	0.000000000000000000e+00	0.000000000000000000e+00	0.000000000000000000e+00	0.000000000000000000e+00	0.000000000000000000e+00	0.000000000000000000e+00
5.550330067429240163e-03	1.456365299974051223e-11	1.153616419989300290e+01	1.153619346841756155e+01	1.153619212475410372e+01	1.153619212474861655e+01	0.000000000000000000e+00	0.000000000000000000e+00	0.000000000000000000e+00	0.000000000000000000e+00	0.000000000000000000e+00	0.000000000000000000e+00	0.000000000000000000e+00	0.000000000000000000e+00
5.797841973709311723e-03	1.488482786060126433e-11	1.128724577204466861e+01	1.128730504951560398e+01	1.128730358329070427e+01	1.128730358328323646e+01	0.000000000000000000e+00	0.000000000000000000e+00	0.000000000000000000e+00	0.000000000000000000e+00	0.000000000000000000e+00	0.000000000000000000e+00	0.000000000000000000e+00	0.000000000000000000e+00
6.056391447666644584e-03	1.521310856209985054e-11	1.104369871362488453e+01	1.104373709859171626e+01	1.104373550090522649e+01	1.104373550089522205e+01	0.000000000000000000e+00	0.000000000000000000e+00	0.000000000000000000e+00	0.000000000000000000e+00	0.000000000000000000e+00	0.000000000000000000e+00	0.000000000000000000e+00	0.000000000000000000e+00
6.326470699563208414e-03	1.554862961394064079e-11	1.080540711885277894e+01	1.080542557790950653e+01	1.080542383614438684e+01	1.080542383613089896e+01	0.000000000000000000e+00	0.000000000000000000e+00	0.000000000000000000e+00	0.000000000000000000e+00	0.000000000000000000e+00	0.000000000000000000e+00	0.000000000000000000e+00	0.000000000000000000e+00
6.608593889328600625e-03	1.589152361233220006e-11	1.057225757492571461e+01	1.057231089368895383e+01	1.057230899774719468e+01	1.057230899772910959e+01	0.000000000000000000e+00	0.000000000000000000e+00	0.000000000000000000e+00	0.000000000000000000e+00	0.000000000000000000e+00	0.000000000000000000e+00	0.000000000000000000e+00	0.000000000000000000e+00
6.903298105385453388e-03	1.624200391646108512e-11	1.034413914834311221e+01	1.034417931197291018e+01	1.034417725020736434e+01	1.034417725018321121e+01	0.000000000000000000e+00	0.000000000000000000e+00	0.000000000000000000e+00	0.000000000000000000e+00	0.000000000000000000e+00	0.000000000000000000e+00	0.000000000000000000e+00	0.000000000000000000e+00
7.211144387124686535e-03	1.660022497988390473e-11	1.012094329575253759e+01	1.012095101656077745e+01	1.012094877650950409e+01	1.012094877647725077e+01	0.000000000000000000e+00	0.000000000000000000e+00	0.000000000000000000e+00	0.000000000000000000e+00	0.000000000000000000e+00	0.000000000000000000e+00	0.000000000000000000e+00	0.000000000000000000e+00
7.532718792977042416e-03	1.696630683676047309e-11	9.902563801654263642e+00	9.902610493826479399e+00	9.902608064311166913e+00	9.902608064268322963e+00	4.680205314234125447e-01	5.319794685765875109e-01	0.000000000000000000e+00	0.000000000000000000e+00	0.000000000000000000e+00	0.000000000000000000e+00	0.000000000000000000e+00	0.000000000000000000e+00
7.868633516114402829e-03	1.734048803446230465e-11	9.688896725847339297e+00	9.688937094270853478e+00	9.688934459618632644e+00	9.688934459560105239e+00	4.673050578844472613e-01	5.326949421155526831e-01	0.000000000000000000e+00	0.000000000000000000e+00	0.000000000000000000e+00	0.000000000000000000e+00	0.000000000000000000e+00	0.000000000000000000e+00
8.219528049904679598e-03	1.772294510802651650e-11	9.479840380377074993e+00	9.479837458303176589e+00	9.479834598911896393e+00	9.479834598831198278e+00	4.665698249393528951e-01	5.334301750606470494e-01	0.000000000000000000e+00	0.000000000000000000e+00	0.000000000000000000e+00	0.000000000000000000e+00	0.000000000000000000e+00	0.000000000000000000e+00
8.586070405339176620e-03	1.811378321367474533e-11	9.275295316773402021e+00	9.275334766738497549e+00	9.275331659225830805e+00	9.275331659118347005e+00	4.658200048395373938e-01	5.341799951604625507e-01	0.000000000000000000e+00	0.000000000000000000e+00	0.000000000000000000e+00	0.000000000000000000e+00	0.000000000000000000e+00	0.000000000000000000e+00
8.968958382749988786e-03	1.851326833904680451e-11	9.075164195130653866e+00	9.075203286527887769e+00	9.075199910421595462e+00	9.075199910279550863e+00	4.650535046285910745e-01	5.349464953714088145e-01	0.000000000000000000e+00	0.000000000000000000e+00	0.000000000000000000e+00	0.000000000000000000e+00	0.000000000000000000e+00	0.000000000000000000e+00
9.368920900238471641e-03	1.892159244504430699e-11	8.879351771815748862e+00	8.879350661785014864e+00	8.879346994430774132e+00	8.879346994242963476e+00	4.642713796026914364e-01	5.357286203973083971e-01	0.000000000000000000e+00	0.000000000000000000e+00	0.000000000000000000e+00	0.000000000000000000e+00	0.000000000000000000e+00	0.000000000000000000e+00
9.786719381343809976e-03	1.933886998558270557e-11	8.687764853615208338e+00	8.687796458692210066e+00	8.687792475264378922e+00	8.687792475016694382e+00	4.634728975006000007e-01	5.365271024993998328e-01	0.000000000000000000e+00	0.000000000000000000e+00	0.000000000000000000e+00	0.000000000000000000e+00	0.000000000000000000e+00	0.000000000000000000e+00
1.022314920459330319e-02	1.976537049022162303e-11	8.500312279182518083e+00	8.500348732662727613e+00	8.500344410123718220e+00	8.500344409799637901e+00	4.626567564262283327e-01	5.373432435737715007e-01	0.000000000000000000e+00	0.000000000000000000e+00	0.000000000000000000e+00	0.000000000000000000e+00	0.000000000000000000e+00	0.000000000000000000e+00
1.067904121769414592e-02	2.020130767547502619e-11	8.316904860571359137e+00	8.316908558933784334e+00	8.316903867576680653e+00	8.316903867152312557e+00	4.618222514663745670e-01	5.381777485336252109e-01	0.000000000000000000e+00	0.000000000000000000e+00	0.000000000000000000e+00	0.000000000000000000e+00	0.000000000000000000e+00	0.000000000000000000e+00
1.115526331924912400e-02	2.064681702077587110e-11	8.137455320586573393e+00	8.137478513047815554e+00	8.137473425411929639e+00	8.137473424858917781e+00	4.609714514159988785e-01	5.390285485840008439e-01	0.000000000000000000e+00	0.000000000000000000e+00	0.000000000000000000e+00	0.000000000000000000e+00	0.000000000000000000e+00	0.000000000000000000e+00
1.165272211100748696e-02	2.110215982926225704e-11	7.961878249533902441e+00	7.961910775354552605e+00	7.961905257515202727e+00	7.961905256794000962e+00	4.601017054141638973e-01	5.398982945858358251e-01	0.000000000000000000e+00	0.000000000000000000e+00	0.000000000000000000e+00	0.000000000000000000e+00	0.000000000000000000e+00	0.000000000000000000e+00
1.217236462379651073e-02	2.156757752092598630e-11	7.790090081889085916e+00	7.790096451564865632e+00	7.790090468738284812e+00	7.790090467798941987e+00	4.592122773577825279e-01	5.407877226422173056e-01	0.000000000000000000e+00	0.000000000000000000e+00	0.000000000000000000e+00	0.000000000000000000e+00	0.000000000000000000e+00	0.000000000000000000e+00
1.271518012041928866e-02	2.204322902964301427e-11	7.622009100749081334e+00	7.622023255306681122e+00	7.622016772222846015e+00	7.622016771004030744e+00	4.583057997978011167e-01	5.416942002021986058e-01	0.000000000000000000e+00	0.000000000000000000e+00	0.000000000000000000e+00	0.000000000000000000e+00	0.000000000000000000e+00	0.000000000000000000e+00
1.328220197895122259e-02	2.252936508519085035e-11	7.457555326036908738e+00	7.457582626949884386e+00	7.457575598632801395e+00	7.457575597047027216e+00	4.573785313311592993e-01	5.426214686688406452e-01	0.000000000000000000e+00	0.000000000000000000e+00	0.000000000000000000e+00	0.000000000000000000e+00	0.000000000000000000e+00	0.000000000000000000e+00
1.387450966002032847e-02	2.302625736176289581e-11	7.296650494010699539e+00	7.296657451801126903e+00	7.296649841450572715e+00	7.296649839404870441e+00	4.564317949430021781e-01	5.435682050569976553e-01	0.000000000000000000e+00	0.000000000000000000e+00	0.000000000000000000e+00	0.000000000000000000e+00	0.000000000000000000e+00	0.000000000000000000e+00
1.449323076181661084e-02	2.353409079564155748e-11	7.139218027976874659e+00	7.139222415466972116e+00	7.139214170298775031e+00	7.139214167652035314e+00	4.554649720748349950e-01	5.445350279251649495e-01	0.000000000000000000e+00	0.000000000000000000e+00	0.000000000000000000e+00	0.000000000000000000e+00	0.000000000000000000e+00	0.000000000000000000e+00
1.513954316674277593e-02	2.405310308489330543e-11	6.985183018531664345e+00	6.985203766798103509e+00	6.985194844225717681e+00	6.985194840827289475e+00	4.544774393205478491e-01	5.455225606794519289e-01	0.000000000000000000e+00	0.000000000000000000e+00	0.000000000000000000e+00	0.000000000000000000e+00	0.000000000000000000e+00	0.000000000000000000e+00
1.581467728379277321e-02	2.458359905383653056e-11	6.834472179809392145e+00	6.834477657466278444e+00	6.834468005024640469e+00	6.834468000670440802e+00	4.534681753913006874e-01	5.465318246086992016e-01	0.000000000000000000e+00	0.000000000000000000e+00	0.000000000000000000e+00	0.000000000000000000e+00	0.000000000000000000e+00	0.000000000000000000e+00
1.651991839092727121e-02	2.512579219305788567e-11	6.687013795887899015e+00	6.687007603455615623e+00	6.686997166379887503e+00	6.686997160812603980e+00	4.524387476886096993e-01	5.475612523113900787e-01	0.000000000000000000e+00	0.000000000000000000e+00	0.000000000000000000e+00	0.000000000000000000e+00	0.000000000000000000e+00	0.000000000000000000e+00
1.725660908190511725e-02	2.567990446354032322e-11	6.542737691774392239e+00	6.542750492975430099e+00	6.542739219108443471e+00	6.542739212027051998e+00	4.513862689555845908e-01	5.486137310444151316e-01	0.000000000000000000e+00	0.000000000000000000e+00	0.000000000000000000e+00	0.000000000000000000e+00	0.000000000000000000e+00	0.000000000000000000e+00
1.802615182222913268e-02	2.624627711754878478e-11	6.401575195879141589e+00	6.401577099481865041e+00	6.401564920125871971e+00	6.401564911115161571e+00	4.503120687376044318e-01	5.496879312623951241e-01	0.000000000000000000e+00	0.000000000000000000e+00	0.000000000000000000e+00	0.000000000000000000e+00	0.000000000000000000e+00	0.000000000000000000e+00
1.883001161907188817e-02	2.682515508309708195e-11	6.263459159247243058e+00	6.263441373738094065e+00	6.263428230602101188e+00	6.263428219212671344e+00	4.492154032287369869e-01	5.507845967712626800e-01	0.000000000000000000e+00	0.000000000000000000e+00	0.000000000000000000e+00	0.000000000000000000e+00	0.000000000000000000e+00	0.000000000000000000e+00
1.966971881026439301e-02	2.741674152035826573e-11	6.128323872409696449e+00	6.128327135796294733e+00	6.128312953283233888e+00	6.128312938885895456e+00	4.480953675367527755e-01	5.519046324632469469e-01	0.000000000000000000e+00	0.000000000000000000e+00	0.000000000000000000e+00	0.000000000000000000e+00	0.000000000000000000e+00	0.000000000000000000e+00
2.054687197765727585e-02	2.802141756027006422e-11	5.996105023636481235e+00	5.996101121103280640e+00	5.996085831401840593e+00	5.996085813295727540e+00	4.469521925795532646e-01	5.530478074204464578e-01	0.000000000000000000e+00	0.000000000000000000e+00	0.000000000000000000e+00	0.000000000000000000e+00	0.000000000000000000e+00	0.000000000000000000e+00
2.146314099040050674e-02	2.863946292257168540e-11	5.866739690474405577e+00	5.866709030943973779e+00	5.866692558675211444e+00	5.866692535983912826e+00	4.457846448756149216e-01	5.542153551243846898e-01	0.000000000000000000e+00	0.000000000000000000e+00	0.000000000000000000e+00	0.000000000000000000e+00	0.000000000000000000e+00	0.000000000000000000e+00
2.242027018393557072e-02	2.927105872466314599e-11	5.740166325261724545e+00	5.740158264087318329e+00	5.740140526606485771e+00	5.740140498215946963e+00	4.445922962295712488e-01	5.554077037704283626e-01	0.000000000000000000e+00	0.000000000000000000e+00	0.000000000000000000e+00	0.000000000000000000e+00	0.000000000000000000e+00	0.000000000000000000e+00
2.342008168075171426e-02	2.991662952757687163e-11	5.616324709854544572e+00	5.616312584282112219e+00	5.616293506160543458e+00	5.616293470840776791e+00	4.433760368548573250e-01	5.566239631451423975e-01	0.000000000000000000e+00	0.000000000000000000e+00	0.000000000000000000e+00	0.000000000000000000e+00	0.000000000000000000e+00	0.000000000000000000e+00
2.446447885922846052e-02	3.057648565115847757e-11	5.495155917142469093e+00	5.495114790166920393e+00	5.495094274368432785e+00	5.495094230436998295e+00	4.421347090874584995e-01	5.578652909125411119e-01	0.000000000000000000e+00	0.000000000000000000e+00	0.000000000000000000e+00	0.000000000000000000e+00	0.000000000000000000e+00	0.000000000000000000e+00
2.555544997716789613e-02	3.125080482859790330e-11	5.376602297087160309e+00	5.376580813700818418e+00	5.376558778676803207e+00	5.376558724354369545e+00	4.408651075922809803e-01	5.591348924077186311e-01	0.000000000000000000e+00	0.000000000000000000e+00	0.000000000000000000e+00	0.000000000000000000e+00	0.000000000000000000e+00	0.000000000000000000e+00
2.669507195691503063e-02	3.194003697696774106e-11	5.260607420960348612e+00	5.260584330897703609e+00	5.260560674665517134e+00	5.260560607622145390e+00	4.395719581957404642e-01	5.604280418042592027e-01	0.000000000000000000e+00	0.000000000000000000e+00	0.000000000000000000e+00	0.000000000000000000e+00	0.000000000000000000e+00	0.000000000000000000e+00
2.788551433927230830e-02	3.264452066533176711e-11	5.147116118361154236e+00	5.147067855234929823e+00	5.147042480477500348e+00	5.147042398058059298e+00	4.382495301233772511e-01	5.617504698766225824e-01	0.000000000000000000e+00	0.000000000000000000e+00	0.000000000000000000e+00	0.000000000000000000e+00	0.000000000000000000e+00	0.000000000000000000e+00
2.912904341373513326e-02	3.336446618243718626e-11	5.036074409418026754e+00	5.036037017142230177e+00	5.036009829390599712e+00	5.036009728547399256e+00	4.369028243370429165e-01	5.630971756629569169e-01	0.000000000000000000e+00	0.000000000000000000e+00	0.000000000000000000e+00	0.000000000000000000e+00	0.000000000000000000e+00	0.000000000000000000e+00
3.042802653291164922e-02	3.410031316385717391e-11	4.927429450323525195e+00	4.927392322403744807e+00	4.927363206367897597e+00	4.927363083111010233e+00	4.355265696956551191e-01	5.644734303043448254e-01	0.000000000000000000e+00	0.000000000000000000e+00	0.000000000000000000e+00	0.000000000000000000e+00	0.000000000000000000e+00	0.000000000000000000e+00
3.178493661934005121e-02	3.485244360766019950e-11	4.821129536319460840e+00	4.821070394750266885e+00	4.821039260927960868e+00	4.821039111315784886e+00	4.341218225195525582e-01	5.658781774804473308e-01	0.000000000000000000e+00	0.000000000000000000e+00	0.000000000000000000e+00	0.000000000000000000e+00	0.000000000000000000e+00	0.000000000000000000e+00
3.320235687328322582e-02	3.562110393036474973e-11	4.717124081276547365e+00	4.717067780388374487e+00	4.717034496715499792e+00	4.717034315034734249e+00	4.326900725159676386e-01	5.673099274840323059e-01	0.000000000000000000e+00	0.000000000000000000e+00	0.000000000000000000e+00	0.000000000000000000e+00	0.000000000000000000e+00	0.000000000000000000e+00
3.468298569046344287e-02	3.640672067862777645e-11	4.615363580011035971e+00	4.615308866953269806e+00	4.615273338906225931e+00	4.615273119676502667e+00	4.312277034698411837e-01	5.687722965301587053e-01	0.000000000000000000e+00	0.000000000000000000e+00	0.000000000000000000e+00	0.000000000000000000e+00	0.000000000000000000e+00	0.000000000000000000e+00
3.622964179909862054e-02	3.720972272424397051e-11	4.515799646394748734e+00	4.515725327210679652e+00	4.515687432905600041e+00	4.515687169015497382e+00	4.297368930480357507e-01	5.702631069519640272e-01	0.000000000000000000e+00	0.000000000000000000e+00	0.000000000000000000e+00	0.000000000000000000e+00	0.000000000000000000e+00	0.000000000000000000e+00
3.784526962602034750e-02	3.803039575007283790e-11	4.418384926020937797e+00	4.418306170945015765e+00	4.418265795910205185e+00	4.418265479406100482e+00	4.282164540301239275e-01	5.717835459698757949e-01	0.000000000000000000e+00	0.000000000000000000e+00	0.000000000000000000e+00	0.000000000000000000e+00	0.000000000000000000e+00	0.000000000000000000e+00
3.953294490208876522e-02	3.886914979109551472e-11	4.323073072961257424e+00	4.322996602797905652e+00	4.322953641033807415e+00	4.322953263265487678e+00	4.266640482451946603e-01	5.733359517548051176e-01	0.000000000000000000e+00	0.000000000000000000e+00	0.000000000000000000e+00	0.000000000000000000e+00	0.000000000000000000e+00	0.000000000000000000e+00
4.129588051757603767e-02	3.972646521797972352e-11	4.229818736811454372e+00	4.229724406456369934e+00	4.229678727948220640e+00	4.229678277918397455e+00	4.250831495030819585e-01	5.749168504969177640e-01	0.000000000000000000e+00	0.000000000000000000e+00	0.000000000000000000e+00	0.000000000000000000e+00	0.000000000000000000e+00	0.000000000000000000e+00
4.313743263866520739e-02	4.060267101157219020e-11	4.138577559393242566e+00	4.138472099049097075e+00	4.138423608002378629e+00	4.138423074945078994e+00	4.234700695801384973e-01	5.765299304198612251e-01	0.000000000000000000e+00	0.000000000000000000e+00	0.000000000000000000e+00	0.000000000000000000e+00	0.000000000000000000e+00	0.000000000000000000e+00
4.506110709670863024e-02	4.149815774779526970e-11	4.049306137465490174e+00	4.049203000517922924e+00	4.049151568518415623e+00	4.049150938344189932e+00	4.218238767457161420e-01	5.781761232542834694e-01	0.000000000000000000e+00	0.000000000000000000e+00	0.000000000000000000e+00	0.000000000000000000e+00	0.000000000000000000e+00	0.000000000000000000e+00
4.707056606240982849e-02	4.241346213230198181e-11	3.961961995566011030e+00	3.961842121155254581e+00	3.961787650962254048e+00	3.961786909651197952e+00	4.201495571525267203e-01	5.798504428474728911e-01	0.000000000000000000e+00	0.000000000000000000e+00	0.000000000000000000e+00	0.000000000000000000e+00	0.000000000000000000e+00	0.000000000000000000e+00
4.916963501763419592e-02	4.334896036015097964e-11	3.876503588156833935e+00	3.876366268073060173e+00	3.876308653109248770e+00	3.876307784207622564e+00	4.184404026040732250e-01	5.815595973959264420e-01	0.000000000000000000e+00	0.000000000000000000e+00	0.000000000000000000e+00	0.000000000000000000e+00	0.000000000000000000e+00	0.000000000000000000e+00
5.136231003812118806e-02	4.430502002012560901e-11	3.792890268670552789e+00	3.792754742791244915e+00	3.792693880614334212e+00	3.792692865616047015e+00	4.166974187865931656e-01	5.833025812134065013e-01	0.000000000000000000e+00	0.000000000000000000e+00	0.000000000000000000e+00	0.000000000000000000e+00	0.000000000000000000e+00	0.000000000000000000e+00
5.365276540096257374e-02	4.528223875387970892e-11	3.711082248535137573e+00	3.710930384070626697e+00	3.710866197132500321e+00	3.710865017494060503e+00	4.149238460129054951e-01	5.850761539870942274e-01	0.000000000000000000e+00	0.000000000000000000e+00	0.000000000000000000e+00	0.000000000000000000e+00	0.000000000000000000e+00	0.000000000000000000e+00
5.604536153132937820e-02	4.628104410054993860e-11	3.631040613119418392e+00	3.630865302091378588e+00	3.630797693353945643e+00	3.630796326125395712e+00	4.131146073247631278e-01	5.868853926752365391e-01	0.000000000000000000e+00	0.000000000000000000e+00	0.000000000000000000e+00	0.000000000000000000e+00	0.000000000000000000e+00	0.000000000000000000e+00
5.854465330357530584e-02	4.730177718987131478e-11	3.552727301690085326e+00	3.552552663270073907e+00	3.552481583296609902e+00	3.552480007374568149e+00	4.112759373969464005e-01	5.887240626030532109e-01	0.000000000000000000e+00	0.000000000000000000e+00	0.000000000000000000e+00	0.000000000000000000e+00	0.000000000000000000e+00	0.000000000000000000e+00
6.115539871252093779e-02	4.834510150805676432e-11	3.476105049770179534e+00	3.475913654675702791e+00	3.475839035670579058e+00	3.475837225317673695e+00	4.093953912514436966e-01	5.906046087485560259e-01	0.000000000000000000e+00	0.000000000000000000e+00	0.000000000000000000e+00	0.000000000000000000e+00	0.000000000000000000e+00	0.000000000000000000e+00
6.388256793142549350e-02	4.941150002627578680e-11	3.401137411422554990e+00	3.400916891792427066e+00	3.400838700137795989e+00	3.400836630356649071e+00	4.074865258190770168e-01	5.925134741809225947e-01	0.000000000000000000e+00	0.000000000000000000e+00	0.000000000000000000e+00	0.000000000000000000e+00	0.000000000000000000e+00	0.000000000000000000e+00
6.673135277389105613e-02	5.050128411554290608e-11	3.327788744992072445e+00	3.327567021953535598e+00	3.327485241805574034e+00	3.327482886688705843e+00	4.055428857334175685e-01	5.944571142665819874e-01	0.000000000000000000e+00	0.000000000000000000e+00	0.000000000000000000e+00	0.000000000000000000e+00	0.000000000000000000e+00	0.000000000000000000e+00
6.970717657771104137e-02	5.161518894629069768e-11	3.256024139280307317e+00	3.255784518826852381e+00	3.255699136092087276e+00	3.255696466433873226e+00	4.035623004445250128e-01	5.964376995554744321e-01	0.000000000000000000e+00	0.000000000000000000e+00	0.000000000000000000e+00	0.000000000000000000e+00	0.000000000000000000e+00	0.000000000000000000e+00
7.281570452948050998e-02	5.275375081497416539e-11	3.185809455222210040e+00	3.185536484814623925e+00	3.185447538462601980e+00	3.185444530334008206e+00	4.015458468071059772e-01	5.984541531928934122e-01	0.000000000000000000e+00	0.000000000000000000e+00	0.000000000000000000e+00	0.000000000000000000e+00	0.000000000000000000e+00	0.000000000000000000e+00
7.606285444962315734e-02	5.391726881799719461e-11	3.117111323059569727e+00	3.116833134811486605e+00	3.116740646033445916e+00	3.116737267510442777e+00	3.994967838728686327e-01	6.005032161271307567e-01	0.000000000000000000e+00	0.000000000000000000e+00	0.000000000000000000e+00	0.000000000000000000e+00	0.000000000000000000e+00	0.000000000000000000e+00
7.945480805836586946e-02	5.510653396975041227e-11	3.049897046536671485e+00	3.049599177142378714e+00	3.049503231855417607e+00	3.049499460517443694e+00	3.974084383812173105e-01	6.025915616187820234e-01	0.000000000000000000e+00	0.000000000000000000e+00	0.000000000000000000e+00	0.000000000000000000e+00	0.000000000000000000e+00	0.000000000000000000e+00
8.299802274411013925e-02	5.632212592279318968e-11	2.984134653474295185e+00	2.983801985047346950e+00	2.983702667881456438e+00	2.983698477222723966e+00	3.952902964254982887e-01	6.047097035745010452e-01	0.000000000000000000e+00	0.000000000000000000e+00	0.000000000000000000e+00	0.000000000000000000e+00	0.000000000000000000e+00	0.000000000000000000e+00
8.669924385660261745e-02	5.756439184203464481e-11	2.919792885922874781e+00	2.919447473354514599e+00	2.919344909786087516e+00	2.919340278631426422e+00	3.931328465975321707e-01	6.068671534024671077e-01	0.000000000000000000e+00	0.000000000000000000e+00	0.000000000000000000e+00	0.000000000000000000e+00	0.000000000000000000e+00	0.000000000000000000e+00
9.056551754830897971e-02	5.883412128908097325e-11	2.856841116807990577e+00	2.856473300052670528e+00	2.856367636921400166e+00	2.856362547322143897e+00	3.909404241287633974e-01	6.090595758712358254e-01	0.000000000000000000e+00	0.000000000000000000e+00	0.000000000000000000e+00	0.000000000000000000e+00	0.000000000000000000e+00	0.000000000000000000e+00
9.460420418843626389e-02	6.013196065025082571e-11	2.795249395207490828e+00	2.794844594334837229e+00	2.794735996045329962e+00	2.794730431333764198e+00	3.887124033089015551e-01	6.112875966910976677e-01	0.000000000000000000e+00	0.000000000000000000e+00	0.000000000000000000e+00	0.000000000000000000e+00	0.000000000000000000e+00	0.000000000000000000e+00
9.882299237514204082e-02	6.145830802864813969e-11	2.734988456693647763e+00	2.734563443522668003e+00	2.734452108141446569e+00	2.734446060731291261e+00	3.864519395478779318e-01	6.135480604521212911e-01	0.000000000000000000e+00	0.000000000000000000e+00	0.000000000000000000e+00	0.000000000000000000e+00	0.000000000000000000e+00	0.000000000000000000e+00
1.032299135726054279e-01	6.281395158266266338e-11	2.676029625248669053e+00	2.675578573649449954e+00	2.675464708135337766e+00	2.675458171471981395e+00	3.841542023636102532e-01	6.158457976363889141e-01	0.000000000000000000e+00	0.000000000000000000e+00	0.000000000000000000e+00	0.000000000000000000e+00	0.000000000000000000e+00	0.000000000000000000e+00
1.078333574008239065e-01	6.419960970436301538e-11	2.618344849606832003e+00	2.617853976911435065e+00	2.617737808116957776e+00	2.617730785094630974e+00	3.818189843356676882e-01	6.181810156643313681e-01	0.000000000000000000e+00	0.000000000000000000e+00	0.000000000000000000e+00	0.000000000000000000e+00	0.000000000000000000e+00	0.000000000000000000e+00
1.126420876072457139e-01	6.561573479882733768e-11	2.561906712875016368e+00	2.561387994686766589e+00	2.561269759999531104e+00	2.561262258337839270e+00	3.794478788439821781e-01	6.205521211560169892e-01	0.000000000000000000e+00	0.000000000000000000e+00	0.000000000000000000e+00	0.000000000000000000e+00	0.000000000000000000e+00	0.000000000000000000e+00
1.176652587506420294e-01	6.706311475610577765e-11	2.506688355367352461e+00	2.506139399170574045e+00	2.506019341676087642e+00	2.506011376433714855e+00	3.770494938988996902e-01	6.229505061010994771e-01	0.000000000000000000e+00	0.000000000000000000e+00	0.000000000000000000e+00	0.000000000000000000e+00	0.000000000000000000e+00	0.000000000000000000e+00
1.229124336289819097e-01	6.854254401489929186e-11	2.452663500108702710e+00	2.452071052841170218e+00	2.451949413383855969e+00	2.451941006693330927e+00	3.746120425350352723e-01	6.253879574649638950e-01	0.000000000000000000e+00	0.000000000000000000e+00	0.000000000000000000e+00	0.000000000000000000e+00	0.000000000000000000e+00	0.000000000000000000e+00
1.283936014844861973e-01	7.005453101042719783e-11	2.399806480858937885e+00	2.399178594728318181e+00	2.399055612446931551e+00	2.399046792854802934e+00	3.721380023719659258e-01	6.278619976280332970e-01	0.000000000000000000e+00	0.000000000000000000e+00	0.000000000000000000e+00	0.000000000000000000e+00	0.000000000000000000e+00	0.000000000000000000e+00
1.341191970205201922e-01	7.159986552016909980e-11	2.348092150746627027e+00	2.347429334146781343e+00	2.347305232892928029e+00	2.347296035432359318e+00	3.696332081500354749e-01	6.303667918499638034e-01	0.000000000000000000e+00	0.000000000000000000e+00	0.000000000000000000e+00	0.000000000000000000e+00	0.000000000000000000e+00	0.000000000000000000e+00
1.401001202665276002e-01	7.317942160729705306e-11	2.297495896809799820e+00	2.296784996247446475e+00	2.296659984466681070e+00	2.296650449915682568e+00	3.671010160749341722e-01	6.328989839250650506e-01	0.000000000000000000e+00	0.000000000000000000e+00	0.000000000000000000e+00	0.000000000000000000e+00	0.000000000000000000e+00	0.000000000000000000e+00
1.463477573288215483e-01	7.479376504384796845e-11	2.247993672294381184e+00	2.247240180722784864e+00	2.247114444136993239e+00	2.247104617799914106e+00	3.645311739293062847e-01	6.354688260706929936e-01	0.000000000000000000e+00	0.000000000000000000e+00	0.000000000000000000e+00	0.000000000000000000e+00	0.000000000000000000e+00	0.000000000000000000e+00
1.528740020667398725e-01	7.644369254412125045e-11	2.199561925511906324e+00	2.198768025611295585e+00	2.198641724646169138e+00	2.198631655538015650e+00	3.619284934880909188e-01	6.380715065119083595e-01	0.000000000000000000e+00	0.000000000000000000e+00	0.000000000000000000e+00	0.000000000000000000e+00	0.000000000000000000e+00	0.000000000000000000e+00
1.596912787354275998e-01	7.813016281426842246e-11	2.152177602020029834e+00	2.151330689315182454e+00	2.151203952471690606e+00	2.151193693074670232e+00	3.592925008769951578e-01	6.407074991230041761e-01	0.000000000000000000e+00	0.000000000000000000e+00	0.000000000000000000e+00	0.000000000000000000e+00	0.000000000000000000e+00	0.000000000000000000e+00
1.668125656383549760e-01	7.985380132657663577e-11	2.105818190162031645e+00	2.104921726111455449e+00	2.104794655788110536e+00	2.104784257238413225e+00	3.566340562699294447e-01	6.433659437300699446e-01	0.000000000000000000e+00	0.000000000000000000e+00	0.000000000000000000e+00	0.000000000000000000e+00	0.000000000000000000e+00	0.000000000000000000e+00
1.742514198345960219e-01	8.161541758493789673e-11	2.060461640768943781e+00	2.059518646065394254e+00	2.059391303771304305e+00	2.059380821668246320e+00	3.539453076730089687e-01	6.460546923269905317e-01	0.000000000000000000e+00	0.000000000000000000e+00	0.000000000000000000e+00	0.000000000000000000e+00	0.000000000000000000e+00	0.000000000000000000e+00
1.820220029479071577e-01	8.341605681091098369e-11	2.016086354987253859e+00	2.015085255834924371e+00	2.014957682115921855e+00	2.014947165689011666e+00	3.512277226603423563e-01	6.487722773396571441e-01	0.000000000000000000e+00	0.000000000000000000e+00	0.000000000000000000e+00	0.000000000000000000e+00	0.000000000000000000e+00	0.000000000000000000e+00
1.901391081267385097e-01	8.525640264805445910e-11	1.972671242371054401e+00	1.971613317882715988e+00	1.971485512865005063e+00	1.971475013014817090e+00	3.484809655310491805e-01	6.515190344689503199e-01	0.000000000000000000e+00	0.000000000000000000e+00	0.000000000000000000e+00	0.000000000000000000e+00	0.000000000000000000e+00	0.000000000000000000e+00
1.986181882065002069e-01	8.713728759044763469e-11	1.930195652340090717e+00	1.929085188902835313e+00	1.928957132268558583e+00	1.928946694111258742e+00	3.457045003709381947e-01	6.542954996290613057e-01	0.000000000000000000e+00	0.000000000000000000e+00	0.000000000000000000e+00	0.000000000000000000e+00	0.000000000000000000e+00	0.000000000000000000e+00
2.074753851277014172e-01	8.905984497785806325e-11	1.888639354857558850e+00	1.887464900234890219e+00	1.887336547911694806e+00	1.887326212553946059e+00	3.429104558113482137e-01	6.570895441886512867e-01	0.000000000000000000e+00	0.000000000000000000e+00	0.000000000000000000e+00	0.000000000000000000e+00	0.000000000000000000e+00	0.000000000000000000e+00
2.167275606659632703e-01	9.102481208739000169e-11	1.847982604836193588e+00	1.846744536203507092e+00	1.846615814825987023e+00	1.846605619985820068e+00	3.400952602143796355e-01	6.599047397856198094e-01	0.000000000000000000e+00	0.000000000000000000e+00	0.000000000000000000e+00	0.000000000000000000e+00	0.000000000000000000e+00	0.000000000000000000e+00
2.263923285324098422e-01	9.303305778249947080e-11	1.808206067383954840e+00	1.806908996348967511e+00	1.806779833783829670e+00	1.806769809557037254e+00	3.372549600066024333e-01	6.627450399933970671e-01	0.000000000000000000e+00	0.000000000000000000e+00	0.000000000000000000e+00	0.000000000000000000e+00	0.000000000000000000e+00	0.000000000000000000e+00
2.364880879055446805e-01	9.508580511281646881e-11	1.769290784680614959e+00	1.767923233992259924e+00	1.767793525834832069e+00	1.767783699455736324e+00	3.343889480078137688e-01	6.656110519921857316e-01	0.000000000000000000e+00	0.000000000000000000e+00	0.000000000000000000e+00	0.000000000000000000e+00	0.000000000000000000e+00	0.000000000000000000e+00
2.470340584584527488e-01	9.718384463980825787e-11	1.731218259338851428e+00	1.729780730619613571e+00	1.729650385328500795e+00	1.729640776465096286e+00	3.315093112023677069e-01	6.684906887976316270e-01	0.000000000000000000e+00	0.000000000000000000e+00	0.000000000000000000e+00	0.000000000000000000e+00	0.000000000000000000e+00	0.000000000000000000e+00
2.580503169480085068e-01	9.932810244883074407e-11	1.693970379521545500e+00	1.692466597378318394e+00	1.692335507274300932e+00	1.692326131719498639e+00	3.286164280009959415e-01	6.713835719990034478e-01	0.000000000000000000e+00	0.000000000000000000e+00	0.000000000000000000e+00	0.000000000000000000e+00	0.000000000000000000e+00	0.000000000000000000e+00
2.695578354357443529e-01	1.015198880231148792e-10	1.657529391083665926e+00	1.655948488095220883e+00	1.655816547799678462e+00	1.655807416070546711e+00	3.257029710592576621e-01	6.742970289407417273e-01	0.000000000000000000e+00	0.000000000000000000e+00	0.000000000000000000e+00	0.000000000000000000e+00	0.000000000000000000e+00	0.000000000000000000e+00
2.815785212131459159e-01	1.037600343161862534e-10	1.621877978244751883e+00	1.620220692455558442e+00	1.620087813924480535e+00	1.620078931562078495e+00	3.227699028358715361e-01	6.772300971641278533e-01	0.000000000000000000e+00	0.000000000000000000e+00	0.000000000000000000e+00	0.000000000000000000e+00	0.000000000000000000e+00	0.000000000000000000e+00
2.941352585073782056e-01	1.060495489604235594e-10	1.586999178665006838e+00	1.585267826673595337e+00	1.585133898983528855e+00	1.585125268481879068e+00	3.198368333105324757e-01	6.801631666894669692e-01	0.000000000000000000e+00	0.000000000000000000e+00	0.000000000000000000e+00	0.000000000000000000e+00	0.000000000000000000e+00	0.000000000000000000e+00
3.072519520468423582e-01	1.083898245250913337e-10	1.552876351347643347e+00	1.551061085177628973e+00	1.550926042815679029e+00	1.550917662225500315e+00	3.168904339094225642e-01	6.831095660905769362e-01	0.000000000000000000e+00	0.000000000000000000e+00	0.000000000000000000e+00	0.000000000000000000e+00	0.000000000000000000e+00	0.000000000000000000e+00
3.209535725694954156e-01	1.107817249267421561e-10	1.519493278039902640e+00	1.517594535090755148e+00	1.517458284547279712e+00	1.517450149697648243e+00	3.139303013077331395e-01	6.860696986922664165e-01	0.000000000000000000e+00	0.000000000000000000e+00	0.000000000000000000e+00	0.000000000000000000e+00	0.000000000000000000e+00	0.000000000000000000e+00
3.352662043605750819e-01	1.132263721061863311e-10	1.486834063847302101e+00	1.484853687952675472e+00	1.484716176917877384e+00	1.484708280787872869e+00	3.109635040123034377e-01	6.890364959876962292e-01	0.000000000000000000e+00	0.000000000000000000e+00	0.000000000000000000e+00	0.000000000000000000e+00	0.000000000000000000e+00	0.000000000000000000e+00
3.502170949102257347e-01	1.157252336367082453e-10	1.454883129668522290e+00	1.452810826018727353e+00	1.452671998468096248e+00	1.452664332383105217e+00	3.080039276295621353e-01	6.919960723704374761e-01	0.000000000000000000e+00	0.000000000000000000e+00	0.000000000000000000e+00	0.000000000000000000e+00	0.000000000000000000e+00	0.000000000000000000e+00
3.658347067855584056e-01	1.182791889389497487e-10	1.423625299611321005e+00	1.421463160921075941e+00	1.421322972108163052e+00	1.421315525670498570e+00	3.050326864909840840e-01	6.949673135090155274e-01	0.000000000000000000e+00	0.000000000000000000e+00	0.000000000000000000e+00	0.000000000000000000e+00	0.000000000000000000e+00	0.000000000000000000e+00
3.821487718159002345e-01	1.208895231930970662e-10	1.393045678959497602e+00	1.390793603051643457e+00	1.390652031880690975e+00	1.390644793904537213e+00	3.020743961799567945e-01	6.979256038200427614e-01	0.000000000000000000e+00	0.000000000000000000e+00	0.000000000000000000e+00	0.000000000000000000e+00	0.000000000000000000e+00	0.000000000000000000e+00
3.991903476943868823e-01	1.235577677364448395e-10	1.363129666638781323e+00	1.360777233245506368e+00	1.360634250104809206e+00	1.360627208349207917e+00	2.991033242531229153e-01	7.008966757468766406e-01	0.000000000000000000e+00	0.000000000000000000e+00	0.000000000000000000e+00	0.000000000000000000e+00	0.000000000000000000e+00	0.000000000000000000e+00
4.169918771036469352e-01	1.262847937936613122e-10	1.333863057525514151e+00	1.331414672099588081e+00	1.331270279890243602e+00	1.331263422095668281e+00	2.961344968837185121e-01	7.038655031162810438e-01	0.000000000000000000e+00	0.000000000000000000e+00	0.000000000000000000e+00	0.000000000000000000e+00	0.000000000000000000e+00	0.000000000000000000e+00
4.355872494781466431e-01	1.290721047528030130e-10	1.305231884252738839e+00	1.302684374299728276e+00	1.302538568423408316e+00	1.302531881728370866e+00	2.931722670603931769e-01	7.068277329396065456e-01	0.000000000000000000e+00	0.000000000000000000e+00	0.000000000000000000e+00	0.000000000000000000e+00	0.000000000000000000e+00	0.000000000000000000e+00
4.550118655207674445e-01	1.319212764412100818e-10	1.277222482454247965e+00	1.274566257864832020e+00	1.274419052266465568e+00	1.274412524195944307e+00	2.902198184214059840e-01	7.097801815785937940e-01	0.000000000000000000e+00	0.000000000000000000e+00	0.000000000000000000e+00	0.000000000000000000e+00	0.000000000000000000e+00	0.000000000000000000e+00
4.753027045964441366e-01	1.348331404918646931e-10	1.249821569602719284e+00	1.247062934564142189e+00	1.246914354824038895e+00	1.246907973083863475e+00	2.872794007919152737e-01	7.127205992080845043e-01	0.000000000000000000e+00	0.000000000000000000e+00	0.000000000000000000e+00	0.000000000000000000e+00	0.000000000000000000e+00	0.000000000000000000e+00
4.964983951311565114e-01	1.378094910734112038e-10	1.223016038025883878e+00	1.220148848695749688e+00	1.219998915424891583e+00	1.219992667601397240e+00	2.843400772229560114e-01	7.156599227770434890e-01	0.000000000000000000e+00	0.000000000000000000e+00	0.000000000000000000e+00	0.000000000000000000e+00	0.000000000000000000e+00	0.000000000000000000e+00
5.186392881503034680e-01	1.408519249613776479e-10	1.196793088291321805e+00	1.193808750595089618e+00	1.193657513004112491e+00	1.193651388176999006e+00	2.814276179120510091e-01	7.185723820879483803e-01	0.000000000000000000e+00	0.000000000000000000e+00	0.000000000000000000e+00	0.000000000000000000e+00	0.000000000000000000e+00	0.000000000000000000e+00
5.417675340964545061e-01	1.439611955735298763e-10	1.171140300596091199e+00	1.168046359860398065e+00	1.167893847271150642e+00	1.167887833498731487e+00	2.785304839831881929e-01	7.214695160168109744e-01	0.000000000000000000e+00	0.000000000000000000e+00	0.000000000000000000e+00	0.000000000000000000e+00	0.000000000000000000e+00	0.000000000000000000e+00
5.659271630727138458e-01	1.471394846933103304e-10	1.146045363506569270e+00	1.142833833098758189e+00	1.142680105779196875e+00	1.142674193175745367e+00	2.756620315004506550e-01	7.243379684995486789e-01	0.000000000000000000e+00	0.000000000000000000e+00	0.000000000000000000e+00	0.000000000000000000e+00	0.000000000000000000e+00	0.000000000000000000e+00
5.911641686644693028e-01	1.503882431358116674e-10	1.121496325538186234e+00	1.118160567228539737e+00	1.118005675684069500e+00	1.117999854151433770e+00	2.728098557284412418e-01	7.271901442715580366e-01	0.000000000000000000e+00	0.000000000000000000e+00	0.000000000000000000e+00	0.000000000000000000e+00	0.000000000000000000e+00	0.000000000000000000e+00
6.175265954990925010e-01	1.537084932416299332e-10	1.097481543392905046e+00	1.094027287070981069e+00	1.093871293391437405e+00	1.093865553681528491e+00	2.699725612855458090e-01	7.300274387144534138e-01	0.000000000000000000e+00	0.000000000000000000e+00	0.000000000000000000e+00	0.000000000000000000e+00	0.000000000000000000e+00	0.000000000000000000e+00
6.450646307102878563e-01	1.571025197796719779e-10	1.073989478934268993e+00	1.070407686928439128e+00	1.070250658696292323e+00	1.070244992480861912e+00	2.671580785732828867e-01	7.328419214267163362e-01	0.000000000000000000e+00	0.000000000000000000e+00	0.000000000000000000e+00	0.000000000000000000e+00	0.000000000000000000e+00	0.000000000000000000e+00
6.738306994812041095e-01	1.605716196292022275e-10	1.051008962229647015e+00	1.047297128866849114e+00	1.047139129196957841e+00	1.047133528205439923e+00	2.643669467013878283e-01	7.356330532986113946e-01	0.000000000000000000e+00	0.000000000000000000e+00	0.000000000000000000e+00	0.000000000000000000e+00	0.000000000000000000e+00	0.000000000000000000e+00
7.038795648482093492e-01	1.641173125797473396e-10	1.028529041722433535e+00	1.024688696401798493e+00	1.024529804329448623e+00	1.024524261688719795e+00	2.616234175856922972e-01	7.383765824143068146e-01	0.000000000000000000e+00	0.000000000000000000e+00	0.000000000000000000e+00	0.000000000000000000e+00	0.000000000000000000e+00	0.000000000000000000e+00
7.352684319553255410e-01	1.677418399418108518e-10	1.006538930015042688e+00	1.002560209213219977e+00	1.002400492895532791e+00	1.002395001620012716e+00	2.588866948624221065e-01	7.411133051375770053e-01	0.000000000000000000e+00	0.000000000000000000e+00	0.000000000000000000e+00	0.000000000000000000e+00	0.000000000000000000e+00	0.000000000000000000e+00
7.680570569577864770e-01	1.714462985707208717e-10	9.850282114890372975e-01	9.809143761741357936e-01	9.807539172874834010e-01	9.807484715873552306e-01	2.561933682258682454e-01	7.438066317741209854e-01	8.308701164919319713e-13	1.604309819063743904e-23	2.148912808926807978e-23	5.349998793676661730e-28	2.029555900827252242e-62	1.112407535890097603e-62
8.023078607820595121e-01	1.752328699224882793e-10	9.639865694492535386e-01	9.597331639144333071e-01	9.595720406751080400e-01	9.595666350936213895e-01	2.535358531333339327e-01	7.464641468666398660e-01	8.386271104918657653e-13	1.781073622643635594e-23	2.378692818543075167e-23	8.977207893459916377e-28	3.871016722489432236e-62	2.073803462414557546e-62
8.380860479588855272e-01	1.791036357674228285e-10	9.434039244827991944e-01	9.390023540647003397e-01	9.388406437273704164e-01	9.388352732364830810e-01	2.509138196238589469e-01	7.490861803760976434e-01	8.473050513249521179e-13	1.985279044791189582e-23	2.642443911327580708e-23	1.527564446140563224e-27	7.528145168048162860e-62	3.938312936890801387e-62
8.754597307555761487e-01	1.830595585142390866e-10	9.232705486202176237e-01	9.187277173804387909e-01	9.185655070684188850e-01	9.185601676461488951e-01	2.483260834570200637e-01	7.516739165429170422e-01	8.569497089223607837e-13	2.221664531122162176e-23	2.945724265427805393e-23	2.630579858567332592e-27	1.488062703855278581e-61	7.597004304653329484e-62
9.145000588438683131e-01	1.871035322372728317e-10	9.035767041121707255e-01	8.988826965203199348e-01	8.987200632022647184e-01	8.987147507334335428e-01	2.457726490871749436e-01	7.542273509127410680e-01	8.676023032245778999e-13	2.495728317544878591e-23	3.294915619104704569e-23	4.539067584978580575e-27	2.948864286470365577e-61	1.469118269893346700e-61
9.552813547502064795e-01	1.912370548028301432e-10	8.843130402177036276e-01	8.794665954647081785e-01	8.793036261322839664e-01	8.792983375929900314e-01	2.432737301468061164e-01	7.567262698530861087e-01	8.794095890288597409e-13	2.819546869625120798e-23	3.704066754907912137e-23	8.106048009188040557e-27	6.175606847868052181e-61	2.991850379828417558e-61
9.978812553463067836e-01	1.954619991196447350e-10	8.654703675713324440e-01	8.604705373625265441e-01	8.603073125972146018e-01	8.603020449493976596e-01	2.407998017672198787e-01	7.592001982326466170e-01	8.922995730833073108e-13	3.194881151007922820e-23	4.174887047033961019e-23	1.464387212726198543e-26	1.299572284823584742e-60	6.125484589740089256e-61
1.042380859649355562e+00	1.997810590821118715e-10	8.470396024053723494e-01	8.418775523783109671e-01	8.417141550096026714e-01	8.417089058821531911e-01	2.383650398309281881e-01	7.616349601689100801e-01	9.064007865568290213e-13	3.635265236060984774e-23	4.722806552615888977e-23	2.666108648894981319e-26	2.759892063385168807e-60	1.265859934237869467e-60
1.088864883213231716e+00	2.041952853964679151e-10	8.290120489786449998e-01	8.236926917368352363e-01	8.235292066183821369e-01	8.235239741224393839e-01	2.359709126804374890e-01	7.640290873193698040e-01	9.218016152925975857e-13	4.154328153158470792e-23	5.363078714522427322e-23	4.764816200087878905e-26	5.745586748966496012e-60	2.565880402867387606e-60
1.137421819404659917e+00	2.087077558350264195e-10	8.113789729133745743e-01	8.058940185808527445e-01	8.057305233592014782e-01	8.057253055781048445e-01	2.336366417082113012e-01	7.663633582915625464e-01	9.386512244748668764e-13	4.778696265021818393e-23	6.125278109707295821e-23	9.017164970809471279e-26	1.308539117106105982e-59	5.657870956123178799e-60
1.188144107871332844e+00	2.133203371115273666e-10	7.941319694826683984e-01	7.884793272260773866e-01	7.883159065455324077e-01	7.883107024742297408e-01	2.313390510000092881e-01	7.686609489997278111e-01	9.569538636698848976e-13	5.518057046470071336e-23	7.019417006077581135e-23	1.755930863224369855e-25	3.061793938811983310e-59	1.281098545946951695e-59
1.241128310522703782e+00	2.180349750699786316e-10	7.772628192895768562e-01	7.714413670980213578e-01	7.712780972890497244e-01	7.712729056691161045e-01	2.290841000397795257e-01	7.709158999599177164e-01	9.768314626135051188e-13	6.401363898077522382e-23	8.076873551774994070e-23	3.436146968629904416e-25	7.194112198447282135e-59	2.912941692338007652e-59
1.296475295358493041e+00	2.228547955825431034e-10	7.607633483273666952e-01	7.547649509131563184e-01	7.546019122704596960e-01	7.545967325959953564e-01	2.268703680953208790e-01	7.731296319043333698e-01	9.983702469282955509e-13	7.456652951861253627e-23	9.327127264873884614e-23	6.547955932503621565e-25	1.632481517638709217e-58	6.411914468202200185e-59
1.354290428494859366e+00	2.277808459067869535e-10	7.446257935741364964e-01	7.384546977198986895e-01	7.382919669543801522e-01	7.382867987454164727e-01	2.247038336050732332e-01	7.752961663945344695e-01	1.021736125307232602e-12	8.732917520656565427e-23	1.082210411213526377e-22	1.286330561389094166e-24	3.883465694211400579e-58	1.475307026552957786e-58
1.414683774753791701e+00	2.328167803150174733e-10	7.288422736918871436e-01	7.224900554890437698e-01	7.223277069486728763e-01	7.223225499753601619e-01	2.225998188694106039e-01	7.774001811301461951e-01	1.047152337834840301e-12	1.030914186287882556e-22	1.264380515713956187e-22	2.866890677867821041e-24	1.099856263499508025e-57	4.005062629361982804e-58
1.477770307197614041e+00	2.379643455849379710e-10	7.134052899651701640e-01	7.068717475348882395e-01	7.067098570338828933e-01	7.067047115158192616e-01	2.205293984368904281e-01	7.794706015626114981e-01	1.074578567213569399e-12	1.220108514649779352e-22	1.480540603901812800e-22	5.941804837149519329e-24	2.792955459797204744e-57	9.806894723882080337e-58
1.543670126007483878e+00	2.432262200794688558e-10	6.983074091974429409e-01	6.915882927326469920e-01	6.914269290053322026e-01	6.914217949357998050e-01	2.185072513733956612e-01	7.814927486260467848e-01	1.104304644931298233e-12	1.452765327454587322e-22	1.742913862294889021e-22	1.189524458967045981e-23	6.896782940956106563e-57	2.332484467320823610e-57
1.612508687122584661e+00	2.486053392890186759e-10	6.835413459272839942e-01	6.766320879339314809e-01	6.764713230328193161e-01	6.764662010409721038e-01	2.165326618175879847e-01	7.834673381817900406e-01	1.136462466253594556e-12	1.738795589331405853e-22	2.061093723792761665e-22	2.556665726354591629e-23	1.860311799149283725e-56	6.044364750233276102e-57
1.684417041075261467e+00	2.541034337215783843e-10	6.691001036002877100e-01	6.620014022763784922e-01	6.618413025689294793e-01	6.618361931094114414e-01	2.146044348654071454e-01	7.853955651339011856e-01	1.171251681666479626e-12	2.091858213140981720e-22	2.448341127617866874e-22	5.622727323955485069e-23	5.128175972477618461e-56	1.601207453397495874e-56
1.759532082476802373e+00	2.597245155988219057e-10	6.549765963185359974e-01	6.476798830221600634e-01	6.475205144258023848e-01	6.475154182721519769e-01	2.127210406557137889e-01	7.872789593435195465e-01	1.208873925406182558e-12	2.529481483904211977e-22	2.921456967509069657e-22	1.201587081256593589e-22	1.363084898690365741e-55	4.096639375169172257e-56
1.837996810628814925e+00	2.654696733347074944e-10	6.411642096898171328e-01	6.336736011048604844e-01	6.335150277206095248e-01	6.335099457732683570e-01	2.108891007155162534e-01	7.891108992836354252e-01	1.249646548883832106e-12	3.077821020163870140e-22	3.504944477292314755e-22	2.691332003068924825e-22	3.880400561254888494e-55	1.118593679350503451e-55
1.919960601756310448e+00	2.713433646766915599e-10	6.276561193796975635e-01	6.199622586620826548e-01	6.198045401987409830e-01	6.197994732972595955e-01	2.091009367376209238e-01	7.908990632614426586e-01	1.293757885704994367e-12	3.763215870280281285e-22	4.222975718661901247e-22	6.148523370537270140e-22	1.127051493416578092e-54	3.117737644550484690e-55
2.005579493380791778e+00	2.773471862330008503e-10	6.144459519220465404e-01	6.065507383573400801e-01	6.063939350785393367e-01	6.063888844045948190e-01	2.073653785274594818e-01	7.926346214715084271e-01	1.341602997154869040e-12	4.645557841418268438e-22	5.131282193191119111e-22	1.440467742166832903e-21	3.476730212449075566e-54	9.166256395668472402e-55
2.095016481374700756e+00	2.834850313163820593e-10	6.015272378954814592e-01	5.934239443880331422e-01	5.932681115887319390e-01	5.932630781615594318e-01	2.056800861594816898e-01	7.943199138393821634e-01	1.393508937795264280e-12	5.772271678887085760e-22	6.270105892447718768e-22	3.275268308400091225e-21	1.050866708537777322e-53	2.633596583805776091e-54
2.188441830262715992e+00	2.897592610326043024e-10	5.888938095630449343e-01	5.805819417899866774e-01	5.804271344273269628e-01	5.804221195263919997e-01	2.040382110061639831e-01	7.959617889925875156e-01	1.449766703803084747e-12	7.191225233824136519e-22	7.678694413910264410e-22	7.331298964148395832e-21	3.116539911162637504e-53	7.417830625827933858e-54
2.286033397360681008e+00	2.961733446113826725e-10	5.765395226563311271e-01	5.680148486477700764e-01	5.678611179722272695e-01	5.678561228005165606e-01	2.024432797539043594e-01	7.975567202447250148e-01	1.510813034610034946e-12	9.037178948930822659e-22	9.476852629626502070e-22	1.637664773681107826e-20	9.331401911124792120e-53	2.107655545232330196e-53
2.387976971369191848e+00	3.027302744594637665e-10	5.644584176314857427e-01	5.557180417763165625e-01	5.555654370699248945e-01	5.555604629084941459e-01	2.008890255419576443e-01	7.991109744565393358e-01	1.577000688843333679e-12	1.139061902948097502e-21	1.172649517067496597e-21	3.309351026884330592e-20	2.468641340807766828e-52	5.317667251003423422e-53
2.494466626066476955e+00	3.094332761308460551e-10	5.526446432803996389e-01	5.436865738132099501e-01	5.435351424511029039e-01	5.435301906688539963e-01	1.993779855500654452e-01	8.006220144482878442e-01	1.648861865478582640e-12	1.443313486159312034e-21	1.457880763298602132e-21	6.121248679149730028e-20	6.000514743719579766e-52	1.232684524974300783e-52
2.605705089773861172e+00	3.162857804813047274e-10	5.410924548377403775e-01	5.319123880757444800e-01	5.317621741592415407e-01	5.317572460372528287e-01	1.979173732951843845e-01	8.020826267030123358e-01	1.727162264017504816e-12	1.857458670630598407e-21	1.837602381315991033e-21	1.071269040043702244e-19	1.460570975443765773e-51	2.833440564875894941e-52
2.721904131297227192e+00	3.232909936022239082e-10	5.297962553991777401e-01	5.203932055996668415e-01	5.202442520025706285e-01	5.202393489768700752e-01	1.965035820941659073e-01	8.034964179038600607e-01	1.812536072190704632e-12	2.401665831987372390e-21	2.325261240831834905e-21	1.764164217381039423e-19	3.352175251666418922e-51	6.127386480728347494e-52
2.843284963079186323e+00	3.304525535253226586e-10	5.187505269974920230e-01	5.091199402639372540e-01	5.089722863219905413e-01	5.089674096776102274e-01	1.951329801045524615e-01	8.048670198932874609e-01	1.905575915242915268e-12	3.109036486611333680e-21	2.944506430097793844e-21	2.716742350589090419e-19	7.139126265861348541e-51	1.230936318366774461e-51
2.970078662329426855e+00	3.377739211153624296e-10	5.079499032687894156e-01	4.980897629423649553e-01	4.979434464604228783e-01	4.979385975899179861e-01	1.937994752266500309e-01	8.062005247709872480e-01	2.006847060376413703e-12	4.088165709743501034e-21	3.782643363677146434e-21	3.954175909315433343e-19	1.465228231489457728e-50	2.381948621541088145e-51
3.102526610935015139e+00	3.452586380920861991e-10	4.973891286887407448e-01	4.872974897155483709e-01	4.871525459873290997e-01	4.871477262492528992e-01	1.925064039240756419e-01	8.074935960733407025e-01	2.117374304652255164e-12	5.357976831860887746e-21	4.843773611858248748e-21	5.544683614169934467e-19	2.863865758307591709e-50	4.384023927230959887e-51
3.240880954988076379e+00	3.529107650952601565e-10	4.870630143524978251e-01	4.767350291659836481e-01	4.765914911174487512e-01	4.765867018070952255e-01	1.912522174246826245e-01	8.087477825724922464e-01	2.238035733706877662e-12	6.836392244609478913e-21	6.050727225559107456e-21	7.548282847845450516e-19	5.117829323240007433e-50	7.428237326667768065e-51
3.385405084805713560e+00	3.607333990187192608e-10	4.769665774933423141e-01	4.664027262742588831e-01	4.662606248792650621e-01	4.662558673551449595e-01	1.900487342832031246e-01	8.099512657137061256e-01	2.370834322999060174e-12	9.467132867532501180e-21	8.142043523125467126e-21	1.016612007187692621e-18	1.070328007583623059e-49	1.445315247891272055e-50
3.536374136355941999e+00	3.687316096078171940e-10	4.670947652711843201e-01	4.562885041857916435e-01	4.561478682177170785e-01	4.561431437360901064e-01	1.888836787518542171e-01	8.111163212447638493e-01	2.516385247320013604e-12	1.273957032500559472e-20	1.067012416777161406e-20	1.355345960545076087e-18	2.068962160507382359e-49	2.617988361006572030e-50
3.694075515044289215e+00	3.769076103060550662e-10	4.574428897825401075e-01	4.463965659972055633e-01	4.462574218780206992e-01	4.462527317255430281e-01	1.877518167374512825e-01	8.122481832588482886e-01	2.675695611485929369e-12	1.676937757641791870e-20	1.370731871739212652e-20	1.783212823150674432e-18	3.714695871219962529e-49	4.451026738513558553e-50
3.858809442858178507e+00	3.852676257768696494e-10	4.480060076233743915e-01	4.367126302564806051e-01	4.365750026546880713e-01	4.365703480393399727e-01	1.866564177101574518e-01	8.133435822857921771e-01	2.850678497640653569e-12	2.362975570469526988e-20	1.873468845231892190e-20	2.333971443213375992e-18	7.565909644554575432e-49	8.448542754897572441e-50
4.030889529910684388e+00	3.938135451809227331e-10	4.387796699123437394e-01	4.272405888170325294e-01	4.271044999466248049e-01	4.270998820526453188e-01	1.855956089788572960e-01	8.144043910167076961e-01	3.042983203265363176e-12	3.652559860824095108e-20	2.791910634826941203e-20	3.087164013241331779e-18	1.796749781742294266e-48	1.835355490454269357e-49
4.210643371471800123e+00	4.025515043114883636e-10	4.297591517465176869e-01	4.179708932687347112e-01	4.178363637194337232e-01	4.178317837146247049e-01	1.845750313612293247e-01	8.154249686339106740e-01	3.255513932446835205e-12	4.428441516702305357e-20	3.316532776362920329e-20	4.095999302439461254e-18	2.919750078476189011e-48	2.820658642561703584e-49
4.398413171623743345e+00	4.114850796946673657e-10	4.209400536090983080e-01	4.088988944153602589e-01	4.087659430324860899e-01	4.087614020033443762e-01	1.835929596303296496e-01	8.164070403643396423e-01	3.490887754222157438e-12	6.118848623983812041e-20	4.444854951478122905e-20	5.370066616628618811e-18	5.825544871362219988e-48	5.208382434721656679e-49
4.594556394727626447e+00	4.206183392728982011e-10	4.123180307677287715e-01	4.000248385545327467e-01	3.998934817610301229e-01	3.998889807887271997e-01	1.826396581481892767e-01	8.173603418459612913e-01	3.750242678954297651e-12	8.948052331533115877e-20	6.274498805572652638e-20	7.035398583238416693e-18	1.262488257201079233e-47	1.033456052852134807e-48
4.799446445941647710e+00	4.299573333021957149e-10	4.038886679114512823e-01	3.913376049776268739e-01	3.912078581862877269e-01	3.912033982833867940e-01	1.817182432047252383e-01	8.182817567888513999e-01	4.037253885267856965e-12	1.187610286146804601e-19	8.116816526155223108e-20	9.270753713209031774e-18	2.246208368551731152e-47	1.736073648007647028e-48
5.013473382086427677e+00	4.395044987349709442e-10	3.956479404548610135e-01	3.828408860931232227e-01	3.827127620558347099e-01	3.827083441900938632e-01	1.808268938749368338e-01	8.191731061180042017e-01	4.355082002367684547e-12	1.769791240536597609e-19	1.165376650946732738e-19	1.226425584892335621e-17	5.044054976836031372e-47	3.576860242760010101e-48
5.237044654210673222e+00	4.492664088048224739e-10	3.875915740882304727e-01	3.745260755618916026e-01	3.743995857546000283e-01	3.743952108520114397e-01	1.799671667321883495e-01	8.200328332600458348e-01	4.708441898239202647e-12	2.607832193655260531e-19	1.656676216214222528e-19	1.645279379865283028e-17	1.118517340172520684e-46	7.277620916569746205e-48
5.470585883270933536e+00	4.592482185897741249e-10	3.797155045174740451e-01	3.663862898077080432e-01	3.662614448988730786e-01	3.662571138388235337e-01	1.791434335179731829e-01	8.208565664734694955e-01	5.104214469613420325e-12	3.798110681313573206e-19	2.327140893899120214e-19	2.248016975651758933e-17	2.485717567387933049e-46	1.482245689752231132e-47
5.714541670402055296e+00	4.694525771444765545e-10	3.720159530427775696e-01	3.584272042859375507e-01	3.583040116289523125e-01	3.582997252305715752e-01	1.783438110368990304e-01	8.216561889536647678e-01	5.543641385232285954e-12	5.804892078700356222e-19	3.417236052659952276e-19	3.084210350465817202e-17	5.975920840171963789e-46	3.254341156231409426e-47
5.969376443320927095e+00	4.798870337881121707e-10	3.644888466030029583e-01	3.506356166718184730e-01	3.505140838664410619e-01	3.505098429137716298e-01	1.775714549405428277e-01	8.224285450490397276e-01	6.034250192512076929e-12	8.885055020366465937e-19	5.027985725608746448e-19	4.287964158253568925e-17	1.435809252409118000e-45	7.127469523201282343e-47
6.235575340474799333e+00	4.905568274891163624e-10	3.571303796555872490e-01	3.430104885853504371e-01	3.428906210025861601e-01	3.428864262236255844e-01	1.768246880730427184e-01	8.231753119154433529e-01	6.582478752998467645e-12	1.247228840046712436e-18	6.834681969936579703e-19	5.970918169684545258e-17	2.913925201214973357e-45	1.347526516779875840e-46
6.513645134617469523e+00	5.014648632378384293e-10	3.499369941011892804e-01	3.355529977862887203e-01	3.354347988290118932e-01	3.354306508882705096e-01	1.761018139883133993e-01	8.238981859989467083e-01	7.195459588493414716e-12	1.837675950168205142e-18	9.710618817662339977e-19	8.265320840864959277e-17	6.385263162221200691e-45	2.733114659672278803e-46
6.804115197571366735e+00	5.126189259380151659e-10	3.429048575906213370e-01	3.282537550805270654e-01	3.281372279342220089e-01	3.281331274712829815e-01	1.754091832228320824e-01	8.245908167630406904e-01	7.889036040913500760e-12	2.764936596536499785e-18	1.403903537543092764e-18	1.161930935521776277e-16	1.540443789144667259e-44	5.939206606395102868e-46
7.107538508012456013e+00	5.240247041586790310e-10	3.360303683736051705e-01	3.211113972028197816e-01	3.209965430078247639e-01	3.209924905979080756e-01	1.747386778909942873e-01	8.252613220933200378e-01	8.668143263902780103e-12	3.754927591262234603e-18	1.850081266629647974e-18	1.619221166023399062e-16	2.945651871373124333e-44	1.065009352145596744e-45
7.424492704196321569e+00	5.356869048049176248e-10	3.293100697257867471e-01	3.141217546483260348e-01	3.140085741212558790e-01	3.140045703084144990e-01	1.740879376189235495e-01	8.259120623636411196e-01	9.542773410960555175e-12	6.539862519447551363e-18	3.057789498913488681e-18	2.263838528072294615e-16	8.774957283580016975e-44	2.824060701207444772e-45
7.755581183629628228e+00	5.476111017910411097e-10	3.227405166617196008e-01	3.072849135482832450e-01	3.071734049177641257e-01	3.071694501660774956e-01	1.734621485555098153e-01	8.265378514250678599e-01	1.053611033193009273e-11	1.061101321221290791e-17	4.736330742492901484e-18	3.325816894417523883e-16	2.448276886228819569e-43	7.077190168158561917e-45
8.101434251780425200e+00	5.598046044581938141e-10	3.163182251786967325e-01	3.005937727377371860e-01	3.004839341825556454e-01	3.004800289347740461e-01	1.728558160038227709e-01	8.271441839745099500e-01	1.165818784794898547e-11	1.632089077268501290e-17	6.991047683192081955e-18	4.902021839741017351e-16	6.048064076823703091e-43	1.595976968810982164e-44
8.462710322014116215e+00	5.722735466844909715e-10	3.100398641276119749e-01	2.940450866427894994e-01	2.939369155113864540e-01	2.939330601750261840e-01	1.722699805317422506e-01	8.277300194440401215e-01	1.293291503775777718e-11	2.630995695978543377e-17	1.076134465770545964e-17	7.246098178745468073e-16	1.659374882356547572e-42	3.931379300873726400e-44
8.840097169039580649e+00	5.850239320771537542e-10	3.039021837109375790e-01	2.876387657476792703e-01	2.875322570866200023e-01	2.875284519846017517e-01	1.717012697852189906e-01	8.282987301876731934e-01	1.437724935475194742e-11	4.172023405725054139e-17	1.633423010852059461e-17	1.076536696408054533e-15	4.296732462289598403e-42	9.276157085530054898e-44
9.234313238251385059e+00	5.980606995861950573e-10	2.979020618115007513e-01	2.813698860372915167e-01	2.812650354267811625e-01	2.812612808852582580e-01	1.711533599101389136e-01	8.288466400594399763e-01	1.603274805745280685e-11	6.794753845690331505e-17	2.535944753414624947e-17	1.636596880311714422e-15	1.237227970836340212e-41	2.386800594600186550e-43
9.646109013461114046e+00	6.113922202068820686e-10	2.920362412112036399e-01	2.752370243954013196e-01	2.751338249835283967e-01	2.751301212351059400e-01	1.706227108911358981e-01	8.293772890746542448e-01	1.792517458322216586e-11	1.126770852622034327e-16	4.001441605117898765e-17	2.514434640650671870e-15	3.687707131952783395e-41	6.338154521389490044e-43
1.007626844562133073e+01	6.250252209007772166e-10	2.863016325253358585e-01	2.692349672411983863e-01	2.691334125725877713e-01	2.691297598501009580e-01	1.701071062330868355e-01	8.298928937283754914e-01	2.008626062868529727e-11	1.865125572679685756e-16	6.308519402789827609e-17	3.877027754294500611e-15	1.069810653300976165e-40	1.651428345865293902e-42
1.052561044526219547e+01	6.389665875230479039e-10	2.806952032451222045e-01	2.633614671909894067e-01	2.632615497631743962e-01	2.632579482525492232e-01	1.696068872467259292e-01	8.303931127097672338e-01	2.256631781305618956e-11	3.119664185010615039e-16	1.003878925942823629e-16	6.037224764147636427e-15	3.185696721873472436e-40	4.403178145588287126e-42
1.099499044148194038e+01	6.532233783429026749e-10	2.752139743340801248e-01	2.576154541999756686e-01	2.575171647659255103e-01	2.575136145779310937e-01	1.691196594998734537e-01	8.308803404509246260e-01	2.540664667475960052e-11	5.219682713740722355e-16	1.599139375845177441e-16	9.425202198905056128e-15	9.341592982477063990e-40	1.161133344359587773e-41
1.148530201045907972e+01	6.678028334417436415e-10	2.698550221420670803e-01	2.519909057588148871e-01	2.518942361280425146e-01	2.518907373982928188e-01	1.686463802937957224e-01	8.313536196504289766e-01	2.868162489490990444e-11	8.846737399666572688e-16	2.576158905041488104e-16	1.489337764282574184e-14	2.861883090914724174e-39	3.175811781690711800e-41
1.199747857658674732e+01	6.827113160501438155e-10	2.646155243693888437e-01	2.464902121675343338e-01	2.463951512102990904e-01	2.463917039614024751e-01	1.681884745880857512e-01	8.318115253484709148e-01	3.249599318839622452e-11	1.545693991904599686e-15	4.258121201781679074e-16	2.414563012341857708e-14	9.768865879847021203e-39	9.516318018876058200e-41
1.253249518946734042e+01	6.979571793451459116e-10	2.594926216262892771e-01	2.411072097934244540e-01	2.410137473860748947e-01	2.410103516629512888e-01	1.677411409298100731e-01	8.322588589978812124e-01	3.689647413299866462e-11	2.691162872929071314e-15	7.025768586319359641e-16	3.915533609190702949e-14	3.173192268401721919e-38	2.749752074842789797e-40
1.309137038015084009e+01	7.135484622948499105e-10	2.544835337904552408e-01	2.358400331222303692e-01	2.357481579262331040e-01	2.357448137147316047e-01	1.673053717725066503e-01	8.326946281448380782e-01	4.201550022096536535e-11	4.755377134944857931e-15	1.174312833689850172e-15	6.440194561459480909e-14	1.076947905020824849e-37	8.257971690054838150e-40
1.367516810015029272e+01	7.294930894378156337e-10	2.495855457991110748e-01	2.306868369713866163e-01	2.305965367396468624e-01	2.305932439799875389e-01	1.668786067330590150e-01	8.331213931722458721e-01	4.794545467881519661e-11	8.386860224084576547e-15	1.961277405223188339e-15	1.060313155861677282e-13	3.583431170569239343e-37	2.439099123219093182e-39
1.428499974692591401e+01	7.457991753722240325e-10	2.447959930472077550e-01	2.256436686980985429e-01	2.255549316003024329e-01	2.255516902381174416e-01	1.664610013957749102e-01	8.335389984954221232e-01	5.484845965366566151e-11	1.486347852330265232e-14	3.291328687140240397e-15	1.756917231851834245e-13	1.189922866604534525e-36	7.218856214818199623e-39
1.492202627969382966e+01	7.624750348187100789e-10	2.401122608631172384e-01	2.207102559031827449e-01	2.206230684433718725e-01	2.206198783500402105e-01	1.660539636866124047e-01	8.339460361877715222e-01	6.298527823832541213e-11	2.723294848390107532e-14	5.678973143306993550e-15	2.994710643847482344e-13	4.567405015688994471e-36	2.400320251396468167e-38
1.558746042958734002e+01	7.795291612616573085e-10	2.355317837771758460e-01	2.158822812365002453e-01	2.157966304441105987e-01	2.157934914972399476e-01	1.656552266778436033e-01	8.343447731764626063e-01	7.254860963212964294e-11	5.045643098562007461e-14	9.898994462261230672e-15	5.166438274291187560e-13	1.762195496651040844e-35	8.069851404760545783e-38
1.628256900837845578e+01	7.969702407870578274e-10	2.310520450345676935e-01	2.111584839148929749e-01	2.110743558102819439e-01	2.110712678377357487e-01	1.652634147714447110e-01	8.347365850587045166e-01	8.378888047563109012e-11	9.390955312715872252e-14	1.733294747111940133e-14	8.976189276756617520e-13	6.771954812666711978e-35	2.711440600289753192e-37
1.700867532015447026e+01	8.148072012705839955e-10	2.266705660097700636e-01	2.065371105694767118e-01	2.064544905402912189e-01	2.064514533347572012e-01	1.648770103214823590e-01	8.351229894793936737e-01	9.697161398981678962e-11	1.734806908838530852e-13	3.018063167979539827e-14	1.555228903294344936e-12	2.487292077491728149e-34	8.785552183334284320e-37
1.776716168054134215e+01	8.330492291557072079e-10	2.223849045449934891e-01	2.020146778120946729e-01	2.019335516864360913e-01	2.019305650474927105e-01	1.644958014440413563e-01	8.355041983207112111e-01	1.124946297080799369e-10	3.198490587598986288e-13	5.247828237956527849e-14	2.698076624532823719e-12	9.001066505795216106e-34	2.812950244730403397e-36
1.855947204826941288e+01	8.517054827752111952e-10	2.181927199189324373e-01	1.975908130755323899e-01	1.975111650857555856e-01	1.975082287364935962e-01	1.641217711800913581e-01	8.358782285377085453e-01	1.311369211385285046e-10	6.149355525811240628e-13	9.435673828808254427e-14	4.862355729520867032e-12	3.977350842112458749e-33	1.058748111631279656e-35
1.938711477409139761e+01	8.707857461991058489e-10	2.140916243729338864e-01	1.932616089700999185e-01	1.931834241453070089e-01	1.931805378300709697e-01	1.637514908417536108e-01	8.362485088146014434e-01	1.532413970636022832e-10	1.164695066368175488e-12	1.675125658345267595e-13	8.704176103802864260e-12	1.603409217790404439e-32	3.711949671169939619e-35
2.025166547228590019e+01	8.902997462711056150e-10	2.100793398050080640e-01	1.890258472116335686e-01	1.889491098500280242e-01	1.889462732743437956e-01	1.633834943466429268e-01	8.366165052277992897e-01	1.793584520608470695e-10	2.142849184458967653e-12	2.899011199027431257e-13	1.529845481963669386e-11	5.841265291035801330e-32	1.193683754200374400e-34
2.115477002021293984e+01	9.102574212221320607e-10	2.061536333773770768e-01	1.848823473019305386e-01	1.848070408584960855e-01	1.848042536825897919e-01	1.630203420760180100e-01	8.369796573794237027e-01	2.110438557413982459e-10	4.017729064637846628e-12	5.067774536176685824e-13	2.763704070399962056e-11	2.520110022000947071e-31	4.367993861764718697e-34
2.209814769163214621e+01	9.306690818118554719e-10	2.023122894361531754e-01	1.808269601767406587e-01	1.807530691181339355e-01	1.807503310317668532e-01	1.626577575496598316e-01	8.373422417389757566e-01	2.485830703192486103e-10	7.109020402042455308e-12	8.410901048626343038e-13	4.799980301101132332e-11	8.841127835702689260e-31	1.344758511616788038e-33
2.308359442974798625e+01	9.515432456760446691e-10	1.985531827512440339e-01	1.768613357693183674e-01	1.767888424709839479e-01	1.767861530716570151e-01	1.622976422101040372e-01	8.377023568314587720e-01	2.940925991030183371e-10	1.223101115027543969e-11	1.350474194782256375e-12	8.278968325389778708e-11	3.195004876755729753e-30	4.170457402248839544e-33
2.411298626621389829e+01	9.728922408911301405e-10	1.948741450091114047e-01	1.729811204855976614e-01	1.729100084055981146e-01	1.729073673230951680e-01	1.619382295687308848e-01	8.380617691177199013e-01	3.489991681970766804e-10	1.984946711273954491e-11	2.044090730166766846e-12	1.378803348390579103e-10	1.046527986318786934e-29	1.172875786379423521e-32
2.518828289260356357e+01	9.947271074578457646e-10	1.912731022170057749e-01	1.691844991953254107e-01	1.691147514449487244e-01	1.691121582834990977e-01	1.615789084799469644e-01	8.384210897108291816e-01	4.154842008857539348e-10	3.022449306534471809e-11	2.899930702687057591e-12	2.201333183100267598e-10	3.090246843988948840e-29	2.968312296374191744e-32
2.631153139114873341e+01	1.017059044934602467e-09	1.877480247118872292e-01	1.654703981004633784e-01	1.654019970738234424e-01	1.653994513974325342e-01	1.612191430748766696e-01	8.387808544494174123e-01	4.963852706156985516e-10	4.327023695718772037e-11	3.862083122775179628e-12	3.357973210821535793e-10	8.277299799924086069e-29	6.780779172797392894e-32
2.748487013184591987e+01	1.039899636278853719e-09	1.842969034932162298e-01	1.618359334237706726e-01	1.617688621872556964e-01	1.617663635793556431e-01	1.608581542674620002e-01	8.391418423972056839e-01	5.950811595607641729e-10	5.872099595438076790e-11	4.869719595742482551e-12	4.890122222719916708e-10	2.013407940642524360e-28	1.403334222315619377e-31
2.871053284335091860e+01	1.063260603407584070e-09	1.809177872191134184e-01	1.582804935804252300e-01	1.582147342564541315e-01	1.582122822510053650e-01	1.604951144891163251e-01	8.395048811046217363e-01	7.156925339519844547e-10	7.649456072858180269e-11	5.888660342814502418e-12	6.823445853013361035e-10	4.505204635546290329e-28	2.669660497844690974e-31
2.999085286541147610e+01	1.087152329892749781e-09	1.776087832924492793e-01	1.548022821435651453e-01	1.547378169529762815e-01	1.547354110796622384e-01	1.601296477096877668e-01	8.398703465754751019e-01	8.641765025934068784e-10	9.695367415886642133e-11	6.916807507722709316e-12	9.191309287126888146e-10	9.566662449221362899e-28	4.791386696387598340e-31
3.132826759093271107e+01	1.111585788372939816e-09	1.743680270199588767e-01	1.514001260498200885e-01	1.513369369974700562e-01	1.513345767697703570e-01	1.597607543526044505e-01	8.402392383613930260e-01	1.046966044657513741e-09	1.207852938746321328e-10	7.977653901661060125e-12	1.201858149690641744e-09	1.939707331535730074e-27	8.202940486557392597e-31
3.272532310613298279e+01	1.136576105070144024e-09	1.711936372093788850e-01	1.480719519262922723e-01	1.480100208072651358e-01	1.480077057174804811e-01	1.593877274779253728e-01	8.406122633635423336e-01	1.272632095873986736e-09	1.490426686384574158e-10	9.104452150836438809e-12	1.535119501738380664e-09	3.807882759682731266e-27	1.358664708370074018e-30
3.418467903762299898e+01	1.162136124778255921e-09	1.680838134266855188e-01	1.448151712877717712e-01	1.447544804222220260e-01	1.447522099752226454e-01	1.590101313594513011e-01	8.409898572490079882e-01	1.553329531195730962e-09	1.832218739804149975e-10	1.033530094178781867e-11	1.926465278194160841e-09	7.377476902156255022e-27	2.209713949845282779e-30
3.570911361563601361e+01	1.188278968772638008e-09	1.650367941244996750e-01	1.416290219600930822e-01	1.415695530592684381e-01	1.415673267255299350e-01	1.586271061478345401e-01	8.413728797999968645e-01	1.903132735339869185e-09	2.250431036599739555e-10	1.170748022590598354e-11	2.384325576307970670e-09	1.413975768705385113e-26	3.545879331236980167e-30
3.730152896304821297e+01	1.215013130798416865e-09	1.620509025159505567e-01	1.385134987013335039e-01	1.384552330276375698e-01	1.384530502554524867e-01	1.582379457400272527e-01	8.417620370296170496e-01	2.340755549505723931e-09	2.767077251373979748e-10	1.325894541020514687e-11	2.920148894998819439e-09	2.695558582852226526e-26	5.644216129247020602e-30
3.896495662025800755e+01	1.242355629625564920e-09	1.591244099908620813e-01	1.354652104922938194e-01	1.354081300581647107e-01	1.354059903151197397e-01	1.578419526301890197e-01	8.421580263281894796e-01	2.890644718344413506e-09	3.410153721405244082e-10	1.502999367591203363e-11	3.548461732604381488e-09	5.134955262911311162e-26	8.949404372500480844e-30
4.070256331644271341e+01	1.270321580134967359e-09	1.562556579839544102e-01	1.324833943683778048e-01	1.324274804927816351e-01	1.324253832072650461e-01	1.574383895240636932e-01	8.425615848448436696e-01	3.584308537635201587e-09	4.215038379052663623e-10	1.706442591923848861e-11	4.287105425101987941e-09	9.798520092009255667e-26	1.417161030092740460e-29
4.251765699817833166e+01	1.298925253789256190e-09	1.534430326056114569e-01	1.295652990107136193e-01	1.295105340122144344e-01	1.295084786482871841e-01	1.570265306640699632e-01	8.429734381514724095e-01	4.463180360557031943e-09	5.227511520409624206e-10	1.941239040861943289e-11	5.158314316321458702e-09	1.877554003200086864e-25	2.246268465701952020e-29
4.441369312690095228e+01	1.328174094254658898e-09	1.506849982806194033e-01	1.267127754140696672e-01	1.266591399781404337e-01	1.266571259273868155e-01	1.566056226580851973e-01	8.433943394053957654e-01	5.581271296773183425e-09	6.506427508692392176e-10	2.213163970233911998e-11	6.189326045304520575e-09	3.616983359806146889e-25	3.568853728971892880e-29
4.639428125719731355e+01	1.358089146064661507e-09	1.479799682753349388e-01	1.239220463387633586e-01	1.238695221699483567e-01	1.238675488545301628e-01	1.561749251447295261e-01	8.438250286644901621e-01	7.010413159034519343e-09	8.129188611040286677e-10	2.529115018070514852e-11	7.414243724836307345e-09	7.018983013543795988e-25	5.692698130969553605e-29
4.846319190844825187e+01	1.388686105093683176e-09	1.453264336594715100e-01	1.211913508980809184e-01	1.211399200309859203e-01	1.211379868800794291e-01	1.557336693206728684e-01	8.442662743442569395e-01	8.845238685069809272e-09	1.019656730068391587e-09	2.897245328483793335e-11	8.875089022215902694e-09	1.373266197381457245e-24	9.125309474407616144e-29
5.062436374290687979e+01	1.419976800093797841e-09	1.427229387903086455e-01	1.185209832922353851e-01	1.184706269052039906e-01	1.184687333059490089e-01	1.552810833837686144e-01	8.447188477438355436e-01	1.121212735753760042e-08	1.284149011535574047e-09	3.327369613044846306e-11	1.062438103221557505e-08	2.711800260406111038e-24	1.471451104183417880e-28
5.288191106387649398e+01	1.451974929121530200e-09	1.401680479223451625e-01	1.159094869911887621e-01	1.158601866177210865e-01	1.158583319671910999e-01	1.548163881222207605e-01	8.451835274182885049e-01	1.428087333768212507e-08	1.624032399023100901e-09	3.831356306735854178e-11	1.272808935746923686e-08	5.411889798279292189e-24	2.389239615855377936e-28
5.524013164826341438e+01	1.484701724461371194e-09	1.376603446488800786e-01	1.133545052763481886e-01	1.133062428421605927e-01	1.133044265439535903e-01	1.543387710486130993e-01	8.456611250043758465e-01	1.827775481294751191e-08	2.062512073710170637e-09	4.423387676421239340e-11	1.526822869125318036e-08	1.091498446263598032e-23	3.907854799602751006e-28
5.770351492841427188e+01	1.518173114696922121e-09	1.351984708058508733e-01	1.108552152729153084e-01	1.108079724770054675e-01	1.108061939183013628e-01	1.538474355547367611e-01	8.461524359762473413e-01	2.351252888125623676e-08	2.630913574234009110e-09	5.120942611053110618e-11	1.834981012158675995e-08	2.228485040903449315e-23	6.445750178761818065e-28
6.027675053881600320e+01	1.552396379039757811e-09	1.327810926814611825e-01	1.084117168292703243e-01	1.083654752802516580e-01	1.083637338443256548e-01	1.533415524669948238e-01	8.466582880133022293e-01	3.040481960127920704e-08	3.370976373955200533e-09	5.945097256729181623e-11	2.210510825892697685e-08	4.608087337200158436e-23	1.072748162943356679e-27
6.296473724392754434e+01	1.587397780582480067e-09	1.304068988534029250e-01	1.060215501152431544e-01	1.059762916525036069e-01	1.059745867200548031e-01	1.528202787131114904e-01	8.471795221973618117e-01	3.952787999960287699e-08	4.338853366145156452e-09	6.921544824918718083e-11	2.670280287981534647e-08	9.654836744896933869e-23	1.802272671948499450e-27
6.577259226414017235e+01	1.623194645046877947e-09	1.280746269124007630e-01	1.036830772243834686e-01	1.036387842024618366e-01	1.036371151710875627e-01	1.522827582383085021e-01	8.477169919099388773e-01	5.167103654331246726e-08	5.610470205193211551e-09	8.081699582122150224e-11	3.235936732047042894e-08	2.050757911784840475e-22	3.058212859597768563e-27
6.870566101762052824e+01	1.659797090055053894e-09	1.257830337035457657e-01	1.013968569994802005e-01	1.013535111580467635e-01	1.013518773970376874e-01	1.517281290730296828e-01	8.482715554848958561e-01	6.793405361785139994e-08	7.289446707297493318e-09	9.464237035426785346e-11	3.935583776388269685e-08	4.421590539409483248e-22	5.245893302173237252e-27
7.176952729658206920e+01	1.697226923698353337e-09	1.235309231607989305e-01	9.916102337876636641e-02	9.911860682190952454e-02	9.911700770827744367e-02	1.511555042719351927e-01	8.488440949287625603e-01	8.984566175782860922e-08	9.516766533896114630e-09	1.111638594672277138e-10	4.805645959030515660e-08	9.681925448932030682e-22	9.101103930075373782e-27
7.497002389735888528e+01	1.735505388448816606e-09	1.213171401256317866e-01	9.697374809081395208e-02	9.693224347154340281e-02	9.693067839977519140e-02	1.505639742091522681e-01	8.494355131161137606e-01	1.195423422424341132e-07	1.248460371640639459e-08	1.309571954095532987e-10	5.893625436953775790e-08	2.152864520531530383e-21	1.597269772977935573e-26
7.831324372451636862e+01	1.774647993677347020e-09	1.191405471329211735e-01	9.483473274407892839e-02	9.479412246773168127e-02	9.479259081776107709e-02	1.499526281937121064e-01	8.500467113267771158e-01	1.600639794701552986e-07	1.645876489822306534e-08	1.547338464976640669e-10	7.262817650305818459e-08	4.867704211734768421e-21	2.838402194830917027e-26
8.180555139014114729e+01	1.814668560824869570e-09	1.170000281728444252e-01	9.274366978345220669e-02	9.270393612848350229e-02	9.270243727184654392e-02	1.493205273280434342e-01	8.506786153705291342e-01	2.157228669363790371e-07	2.180384485648519087e-08	1.833563147989999445e-10	8.997393518340401867e-08	1.119427278003830758e-20	5.109311596684607303e-26
8.545359533038998734e+01	1.855593887097657901e-09	1.148945470232017596e-01	9.069821939791891663e-02	9.065934543505259346e-02	9.065787877025337227e-02	1.486667146654799543e-01	8.513321637963605637e-01	2.926889289907914698e-07	2.902192250582657109e-08	2.178689780420028980e-10	1.121106444429868059e-07	2.618742770818477708e-20	9.319882823676247059e-26
8.926432046236526219e+01	1.897443428487776727e-09	1.128230771508502289e-01	8.869761603096444624e-02	8.865958476525698240e-02	8.865814968277670183e-02	1.479902210936415718e-01	8.520082994846901459e-01	3.999014937246160833e-07	3.880713754772555575e-08	2.595295943981021176e-10	1.406050825706546599e-07	6.237201499403332038e-20	1.724108719528119074e-25
9.324498140541228963e+01	1.940231273055975864e-09	1.107845965402091126e-01	8.674163633427790787e-02	8.670443080674894443e-02	8.670302669760845959e-02	1.472900512366975834e-01	8.527079802126538155e-01	5.503579741389554065e-07	5.211098045125095562e-08	3.098130840373345747e-10	1.776434926628403746e-07	1.512654257775264553e-19	3.236281450945675424e-25
9.740315629200817682e+01	1.983978688073252091e-09	1.087781513196326849e-01	8.482921540535635907e-02	8.479281878164959818e-02	8.479144503688806900e-02	1.465651857744135200e-01	8.534321708288590269e-01	7.631018876725501026e-07	7.022937068483890148e-08	3.704026656389247116e-10	2.263488206114882184e-07	3.734585415942498494e-19	6.166515032888143756e-25
1.017467611945355372e+02	2.028710642605555314e-09	1.068028442074593076e-01	8.295881253052989068e-02	8.292320845738154755e-02	8.292186448365265750e-02	1.458145804291239300e-01	8.541818357031895070e-01	1.066293135606733979e-06	9.490699470417718341e-08	4.431321976917908894e-10	2.913081713696602281e-07	9.383144739964192731e-19	1.193317464530663808e-24
1.062840651954031728e+02	2.074447950902756564e-09	1.048577923326132061e-01	8.112963951573015642e-02	8.109481182748431993e-02	8.109349703639952278e-02	1.450371613026869011e-01	8.549579298302026897e-01	1.502001796499403776e-06	1.284480872254714465e-07	5.298465374025735486e-10	3.794828416524249469e-07	2.398181547107854181e-18	2.346682363777543132e-24
1.110237061292069711e+02	2.121211054935349842e-09	1.029421455216938674e-01	7.934087477273586708e-02	7.930680743169850333e-02	7.930552123651073149e-02	1.442318080746117226e-01	8.557613946023473472e-01	2.133469874904486952e-06	1.737927246023248686e-07	6.321335519688660084e-10	5.017775917842860505e-07	6.225211272594177438e-18	4.690066202897088671e-24
1.159747070268970504e+02	2.169014745114858249e-09	1.010550477454475043e-01	7.759253033652939446e-02	7.755920721276335361e-02	7.755794902201337826e-02	1.433973435762373461e-01	8.565931332903001794e-01	3.056782845433313710e-06	2.345390431362736025e-07	7.509744679406940580e-10	6.759248422413879474e-07	1.637361827666735625e-17	9.523714077069313640e-24
1.211464932932578620e+02	2.217888924411953320e-09	9.919577984216616795e-02	7.588284276715175081e-02	7.585024830924523565e-02	7.584901755077458341e-02	1.425325061062736043e-01	8.574539810668452278e-01	4.419214903708722137e-06	3.148663354922941257e-07	8.864514969250256976e-10	9.317850906685157088e-07	4.348718376610960032e-17	1.962829957242085225e-23
1.265489106504022487e+02	2.267856010031901331e-09	9.736361298886364590e-02	7.421095046049637489e-02	7.417906934673479391e-02	7.417786545505837548e-02	1.416358961222108637e-01	8.583446619231831498e-01	6.448042211564042469e-06	4.194408528273451183e-07	1.038012876913654743e-09	1.321108808771234847e-06	1.160059595037708670e-16	4.095728226979653538e-23
1.321922438814390262e+02	2.318938817662638611e-09	9.555785826407552086e-02	7.257624000258325325e-02	7.254505709036761230e-02	7.254387950556448472e-02	1.407059105146995504e-01	8.592656766687295500e-01	9.499940426667739143e-06	5.538869464126422427e-07	1.206410827531203516e-09	1.936914323442301556e-06	3.096236801864305790e-16	8.635878035041047504e-23
1.380872364099986100e+02	2.371160682067455676e-09	9.377787080380596552e-02	7.097775309484648243e-02	7.094725351526279256e-02	7.094610168577648868e-02	1.397405661361378892e-01	8.602171728422729480e-01	1.413635447214513306e-05	7.267216123906329700e-07	1.398641311702803491e-09	2.950988382069663156e-06	8.243432646350512555e-16	1.838210171576516043e-22
1.442451107528872001e+02	2.424545397556690915e-09	9.202304849498224582e-02	6.941490855175019847e-02	6.938507761725988543e-02	6.938395099740818361e-02	1.387372230432457609e-01	8.611986151448220994e-01	2.125511639589459329e-05	9.543984348672130375e-07	1.636778027089251844e-09	4.695868784159541684e-06	2.198596222793684790e-15	3.972270568513163465e-22
1.506775898848108568e+02	2.479117178971162543e-09	9.029283317168627920e-02	6.788693184481565945e-02	6.785775510725181037e-02	6.785665315905688166e-02	1.376919843141502786e-01	8.622082046181036574e-01	3.230184534019563093e-05	1.269204587817148221e-06	1.970115035703249234e-09	7.848463641418238653e-06	5.944911404170014536e-15	8.842378110264125205e-22
1.573969195558389060e+02	2.534900961193374442e-09	8.858671140989446413e-02	6.639278991252967055e-02	6.636425327437371624e-02	6.636317547176648346e-02	1.365984733814525343e-01	8.632416075820358303e-01	4.963210924157669001e-05	1.728567998922043660e-06	2.494498566838895848e-09	1.386540801754813198e-05	1.659132929365886692e-14	2.076204521605781494e-21
1.644158916040941847e+02	2.591922234875071748e-09	8.690421560544539514e-02	6.493236625380313654e-02	6.490445564020846936e-02	6.490340145758387302e-02	1.354451288199752246e-01	8.642891779315670098e-01	7.712984242679279327e-05	2.426689615913645855e-06	3.400434098386173599e-09	2.603582369094864979e-05	4.864046454881109344e-14	5.297629917931228336e-21
1.717478683080518351e+02	2.650206948319160260e-09	8.524492535127337067e-02	6.350433333358843080e-02	6.347703514400633573e-02	6.347600407229481156e-02	1.342090233119006826e-01	8.653296509938529502e-01	1.212491859843896228e-04	3.514714483043629093e-06	5.105941958854951966e-09	5.206696539813811866e-05	1.514820089857623226e-13	1.517717710814937266e-20
1.794068078248059805e+02	2.709781991475633652e-09	8.360846718097521280e-02	6.210820739845503147e-02	6.208150820336524184e-02	6.208049973942825900e-02	1.328412133713410270e-01	8.663151623213257713e-01	1.927732137607496125e-04	5.236705296878009711e-06	8.610866656608527718e-09	1.105854823629943680e-04	5.026983400472925163e-13	5.038223054351425358e-20
1.874072907627346467e+02	2.770674811846447484e-09	8.199451442489411046e-02	6.074336907930218132e-02	6.071725567137454399e-02	6.071626931983483549e-02	1.312307162684324957e-01	8.671343794072926547e-01	3.097212623735698086e-04	7.988336558115968211e-06	1.644671037012249300e-08	2.478618597415885674e-04	1.772244573948385400e-12	1.980501633870065121e-19
1.957645479391447907e+02	2.832913313228757197e-09	8.040278672335435250e-02	5.940876567525103791e-02	5.938322525072874808e-02	5.938226053075144201e-02	1.291156756533352878e-01	8.675215817127494011e-01	5.014761020619478088e-04	1.239522804836983282e-05	3.520735705307220938e-08	5.806247698043998746e-04	6.572578539337333550e-12	9.190388202249436269e-19
2.044944893757478042e+02	2.896526516394638518e-09	7.883304979812202906e-02	5.810417182792596696e-02	5.807919165814388884e-02	5.807824809141797634e-02	1.258713784393666046e-01	8.668392128463272561e-01	8.121242477141960578e-04	1.935817172401718114e-05	8.197744395881973572e-08	1.401709899239753738e-03	2.515213934834318382e-11	4.867475468323147952e-18
2.136137345871599678e+02	2.961544206314046411e-09	7.728511462570281099e-02	5.682851867736933571e-02	5.680408645460501005e-02	5.680316357816735107e-02	1.200794017142046144e-01	8.636334935160145942e-01	1.291087647796277348e-03	2.979642125921318888e-05	1.977791019283443080e-07	3.403736551607747848e-03	9.547480466004236090e-11	2.763698021735265342e-17
2.231396442200913839e+02	3.027996863267334840e-09	7.575883608351381693e-02	5.558116411428397352e-02	5.555726778412513334e-02	5.555636514425506961e-02	1.090860377940436471e-01	8.551648587952503933e-01	1.935419802085374969e-03	4.335044335841590840e-05	4.596640105545733973e-07	7.936707791169001283e-03	3.316287286549520564e-10	1.527818540553714102e-16
2.330903531034551293e+02	3.095911857434660968e-09	7.425408778511030650e-02	5.436197552626800822e-02	5.433860307430660869e-02	5.433772021855094725e-02	9.013239705685346936e-02	8.385066738593982549e-01	2.571698747264849691e-03	5.598209348228875735e-05	9.392917190482656090e-07	1.651169023710625378e-02	9.266906435712346173e-10	7.279765739820419303e-16
2.434848047723182560e+02	3.165315154372172821e-09	7.277076891316928975e-02	5.316999101992554710e-02	5.314713082073112965e-02	5.314626731097844836e-02	6.464498709044537439e-02	8.148691245384592774e-01	2.886860698086541471e-03	6.111820281013398220e-05	1.592578311336716983e-06	2.863100541781761835e-02	1.851702561234391035e-09	2.757948737981587363e-15
2.543427875314121991e+02	3.236248304420133636e-09	7.130889815624513739e-02	5.200472635738735000e-02	5.198236698497057939e-02	5.198152239051747475e-02	3.957732503982574340e-02	7.910789434277655241e-01	2.747491779447029832e-03	5.658665314860416797e-05	2.283383742132594244e-06	4.091802992752059664e-02	2.593478539784563428e-09	8.511603865398116598e-15
2.656849721268672511e+02	3.308745195401376130e-09	6.986847313466644505e-02	5.086512223105289082e-02	5.084325269859028829e-02	5.084242660508973138e-02	2.098472067185950043e-02	7.732415284080073059e-01	2.300622305447003191e-03	4.609346304405672522e-05	2.930339085830402233e-06	5.025635395985154907e-02	2.723561462407334578e-09	2.326706194910830191e-14
2.775329510978812664e+02	3.382825697143926772e-09	6.844944633288192748e-02	4.975127018190166062e-02	4.972987945426619871e-02	4.972907144541895835e-02	9.895598651014596639e-03	7.625416887681522038e-01	1.759857547509347626e-03	3.428641387778357018e-05	3.527498404611094285e-06	5.598238483933388326e-02	2.341836720752148424e-09	6.064771924535993698e-14
2.899092798832406856e+02	3.458534695549681758e-09	6.705191586791399427e-02	4.866229426346996983e-02	4.864137167455621219e-02	4.864058134789392418e-02	4.267023336189599593e-03	7.570920001443045555e-01	1.266604346906361010e-03	2.397134080156293262e-05	4.101125134091706895e-06	5.900588450097402071e-02	1.774934213724286956e-09	1.572757687825812865e-13
3.028375197609492488e+02	3.535910900004897242e-09	6.567595533252042206e-02	4.759713553793689517e-02	4.757667086876705281e-02	4.757589783859454691e-02	1.729477489031806901e-03	7.546290375010672458e-01	8.789789943148534207e-04	1.612156123557126870e-05	4.689819683226709121e-06	6.045527102879003079e-02	1.251731384461158259e-09	4.122243263942672032e-13
3.163422827027097810e+02	3.614971839214772236e-09	6.432156876269426449e-02	4.655640738667656681e-02	4.653639015099340220e-02	4.653563402146888850e-02	6.781735349946065722e-04	7.536061637716121586e-01	6.016010769751197482e-04	1.063955519922158082e-05	5.332907090783260153e-06	6.111613429297874100e-02	8.535290917434454006e-10	1.086382032945735425e-12
3.304492782286538386e+02	3.695776939546496417e-09	6.298892393055249839e-02	4.553835552848099766e-02	4.551877598875431891e-02	4.551803639223913484e-02	2.651449154984717718e-04	7.532028883620841553e-01	4.146947726347127304e-04	7.005491986181440847e-06	6.044037709109725029e-06	6.141585613101009644e-02	5.780020589944697810e-10	2.808254378157305964e-12
3.451853623515086156e+02	3.778341822503655110e-09	6.167802725714720963e-02	4.454330742599037218e-02	4.452415570095365205e-02	4.452343226433793516e-02	1.067929077885250726e-04	7.530472747078408302e-01	2.930336391207359874e-04	4.662768982819554340e-06	6.775629781335892090e-06	6.155638677311932316e-02	3.958678931897776608e-10	6.847799190339009775e-12
3.605785887033914037e+02	3.862724832490390069e-09	6.038902369137290338e-02	4.357019986443245313e-02	4.355146652754363079e-02	4.355075889485967439e-02	4.569202107383357135e-05	7.529865417446378606e-01	2.146812735117925466e-04	3.170816362949063623e-06	7.420068938604453817e-06	6.162665724614137946e-02	2.775305805971843573e-10	1.510439252234738997e-11
3.766582619425526559e+02	3.948945846563752373e-09	5.912192955073627271e-02	4.261889806738280301e-02	4.260057374771435146e-02	4.259988156506186452e-02	2.131218783845359121e-05	7.529619194380665625e-01	1.637456649176471989e-04	2.225876548982470758e-06	7.877571475354006985e-06	6.166474127231953012e-02	2.009844747520377143e-10	2.938107075056935771e-11
3.934549935417456368e+02	4.037065779506187874e-09	5.787685834672675472e-02	4.168854038253452104e-02	4.167061607847990373e-02	4.166993900589278238e-02	1.099453278610794637e-05	7.529513484960183023e-01	1.297989598936071789e-04	1.625620055831686360e-06	8.121067278929290162e-06	6.168720439503914271e-02	1.512664539661619732e-10	5.029038877180859244e-11
4.110007600644267995e+02	4.127100464466597390e-09	5.665379384156153664e-02	4.077919495769824487e-02	4.076166163698356076e-02	4.076099933331754632e-02	6.278804863883412470e-06	7.529465096777293587e-01	1.064132854408115841e-04	1.237958642930179766e-06	8.189754969964158489e-06	6.170152510997754108e-02	1.184972307834648878e-10	7.684941118098112175e-11
4.293289640397296125e+02	4.219117880058186647e-09	5.545281094582393822e-02	3.988969256615106096e-02	3.987254169846984192e-02	3.987189384153088517e-02	3.930289942504190034e-06	7.529441554976521456e-01	8.973433456572490162e-05	9.799900303009857253e-07	8.144995443763937781e-06	6.171126729122258792e-02	9.633125248771418458e-11	1.070418421967358515e-10
4.484744975521068682e+02	4.313140760303456513e-09	5.427386889830449618e-02	3.902023072824775674e-02	3.900345369778259602e-02	3.900281996213812025e-02	2.652692422225143333e-06	7.529429453465409372e-01	7.743220045151352857e-05	8.014628097467182564e-07	8.039861784242321047e-06	6.171825301292516858e-02	8.079509652951316259e-11	1.386765282401479465e-10
4.684738086666857839e+02	4.409224523923097692e-09	5.311695788897924375e-02	3.816985940561011537e-02	3.815344800453478874e-02	3.815282808015604821e-02	1.900341149073943350e-06	7.529422965386464162e-01	6.809703389737124693e-05	6.730230105930089185e-07	7.910074844327601526e-06	6.172346452106792364e-02	6.949390492204756802e-11	1.699665933669373714e-10
4.893649708168104553e+02	4.507417504173378647e-09	5.198202459771227718e-02	3.733828739932056745e-02	3.732223354477055832e-02	3.732162712634554125e-02	1.424401756721023125e-06	7.529419362322868903e-01	6.082640318902801191e-05	5.770875666314944550e-07	7.776707970867243491e-06	6.172748083746223274e-02	6.096018206710004190e-11	1.997208271892137931e-10
5.111877552858539957e+02	4.607746895538312040e-09	5.086896489081463996e-02	3.652536295547411521e-02	3.650965862959171943e-02	3.650906541425990443e-02	1.104955331155631789e-06	7.529417310985538903e-01	5.503436893454635367e-05	5.030680223372237636e-07	7.650695429059381787e-06	6.173065798710480195e-02	5.430266027135896514e-11	2.272862982635103458e-10
5.339837069212916276e+02	4.710281353444349474e-09	4.977768858599834062e-02	3.573022673258382381e-02	3.571486428688404324e-02	3.571428398573563145e-02	8.806569812782256596e-07	7.529416130236512572e-01	5.033729373380507012e-05	4.445012115920470081e-07	7.537071659193269216e-06	6.173322122637755344e-02	4.897668281376124130e-11	2.523701171804478089e-10
5.577962232251740033e+02	4.815061069238444306e-09	4.870804435026857004e-02	3.495267974976852543e-02	3.493765162123537577e-02	3.493708394858744543e-02	7.170226252560692738e-07	7.529415446885342478e-01	4.646346632170765371e-05	3.971148401504684892e-07	7.437456935018582739e-06	6.173532635139576674e-02	4.462304196952529784e-11	2.749396569711920765e-10
5.826706369715670917e+02	4.922126014125873136e-09	4.765985636256246660e-02	3.419244426531099779e-02	3.417774301030993001e-02	3.417718768498791138e-02	5.941990909728667273e-07	7.529415054052515099e-01	4.322670627749050117e-05	3.581240342083409374e-07	7.351873806996490988e-06	6.173707865966634317e-02	4.100884432813783215e-11	2.950716848259419724e-10
6.086543025082463600e+02	5.031543412184825399e-09	4.663293650418273706e-02	3.344886571856413304e-02	3.343448417487506624e-02	3.343394092633395626e-02	4.997161220135731656e-07	7.529414830024019345e-01	4.048918263861276155e-05	3.255582333990334701e-07	7.279450039916093305e-06	6.173855535919604148e-02	3.796854431638365191e-11	3.129235842317403271e-10
6.357966859069258589e+02	5.143358563818405611e-09	4.562705602607634858e-02	3.272163363150150384e-02	3.270756477040723254e-02	3.270703333314444600e-02	4.256595878689808930e-07	7.529414702738522758e-01	3.815226873923320848e-05	2.980479229679759955e-07	7.219078178390988168e-06	6.173981140102342835e-02	3.538690541353411319e-11	3.286607739176102002e-10
6.641494591336652320e+02	5.257612808922041707e-09	4.464196794984776756e-02	3.201062484463771535e-02	3.199686169038057360e-02	3.199634180089380719e-02	3.664556249448408692e-07	7.529414627421855410e-01	3.613550239661242227e-05	2.745121394118827057e-07	7.169357804445407357e-06	6.174089138988805153e-02	3.317151403883708151e-11	3.424945944410657571e-10
6.937665984187150343e+02	5.374378086704436935e-09	4.367741103494034161e-02	3.131513999369882340e-02	3.130167587124186440e-02	3.130116727738802701e-02	3.185266826676354605e-07	7.529414577406221554e-01	3.438405513387971548e-05	2.542226855877303887e-07	7.129169214837277450e-06	6.174182568686471806e-02	3.125976476885184561e-11	3.545855726619249867e-10
7.247044870130758909e+02	5.493708481090712391e-09	4.273309857644975313e-02	3.063483270572288364e-02	3.062166108898911610e-02	3.062116354425187953e-02	2.792134245146953382e-07	7.529414535818659271e-01	3.285239756575246455e-05	2.365866876383106377e-07	7.097375509162878511e-06	6.174263944042551050e-02	2.960003480868805951e-11	3.651050979773237682e-10
7.570220225273931192e+02	5.615638320351987498e-09	4.180872537449911025e-02	2.996977706732272678e-02	2.995689139838595555e-02	2.995640465504584640e-02	2.466267993748246929e-07	7.529414492357786592e-01	3.150590314899285915e-05	2.211584973138962262e-07	7.072993678800479192e-06	6.174335176493728899e-02	2.815299010993657015e-11	3.742036942888917796e-10
7.907807290575304933e+02	5.740248888642048733e-09	4.090398027006400539e-02	2.931918335187517696e-02	2.930657741240919392e-02	2.930610123557482807e-02	2.192831521683145665e-07	7.529414441013400072e-01	3.031412436730343768e-05	2.075536356206287230e-07	7.055041270278969663e-06	6.174397943030491415e-02	2.688411985580771290e-11	3.820424744563961014e-10
8.260448743102882645e+02	5.867599338502769012e-09	4.001853527891995055e-02	2.868277436144136411e-02	2.867044205231499693e-02	2.866997621159743381e-02	1.961166156370086016e-07	7.529414378559338150e-01	2.925390363388483722e-05	1.954820886226809498e-07	7.042699680850403328e-06	6.174453519371246590e-02	2.576720384994537872e-11	3.887577745412248738e-10
8.628815919522211288e+02	5.997730797919918252e-09	3.915205243759754122e-02	2.806049438563662166e-02	2.804842963170329703e-02	2.804797389761962134e-02	1.763717303391914711e-07	7.529414303365771222e-01	2.830855247430908960e-05	1.847353503067040047e-07	7.035317638287655814e-06	6.174502827368821140e-02	2.478318833963985464e-11	3.944561848804995066e-10
9.013610094145051335e+02	6.130717476113428244e-09	3.830418926322248785e-02	2.745183460112545978e-02	2.744003154603663272e-02	2.743958569736885261e-02	1.594048712209560871e-07	7.529414215081136064e-01	2.746217438567438390e-05	1.751184037859759797e-07	7.032237677051865066e-06	6.174546742736910371e-02	2.391415756962965727e-11	3.992537096325227644e-10
9.415563813971385798e+02	6.266630280944629409e-09	3.747459701811289151e-02	2.685641233146876181e-02	2.684486528342779760e-02	2.684442910517369218e-02	1.446809981033647703e-07	7.529414114169875605e-01	2.670014218036673867e-05	1.664548078636552859e-07	7.032840277374584354e-06	6.174586068729327748e-02	2.314368091239048613e-11	4.032670238722779705e-10
9.835442293266423803e+02	6.405523957124235343e-09	3.666292356548848247e-02	2.627405560497685783e-02	2.626275894615698325e-02	2.626233222610851320e-02	1.318738949917539719e-07	7.529414001216121477e-01	2.601431535093575551e-05	1.586453726544180272e-07	7.036708580860120560e-06	6.174621257759125431e-02	2.246242953895593459e-11	4.065683658701898469e-10
1.027404487032749330e+03	6.547457231814692317e-09	3.586881480197054439e-02	2.570455500635640891e-02	2.569350320898062742e-02	2.569308573833129286e-02	1.206085410768873718e-07	7.529413877389621312e-01	2.539273978218629187e-05	1.515496295399994466e-07	7.043328017638448820e-06	6.174652963094632435e-02	2.185714134069591637e-11	4.092650971702733512e-10
1.073220652921410647e+03	6.692514634940179281e-09	3.509191699151625182e-02	2.514740709384861994e-02	2.513659484662457769e-02	2.513618642474541032e-02	1.106892998705061282e-07	7.529413743663299075e-01	2.483015522910740801e-05	1.451048104948957816e-07	7.052382343961334564e-06	6.174681478623618436e-02	2.132180533003546655e-11	4.114145196114222939e-10
1.121079948933828746e+03	6.840765219793026125e-09	3.433187770293562313e-02	2.460235060857860617e-02	2.459177271255754554e-02	2.459137314306326927e-02	1.018888912772192012e-07	7.529413601258766464e-01	2.431881745310209255e-05	1.392208402899981689e-07	7.063506422755546622e-06	6.174707228314799817e-02	2.084800196865774003e-11	4.130940958096326581e-10
1.171073486594103088e+03	6.992251014179911836e-09	3.358834647329916878e-02	2.406942147985744254e-02	2.405907272065584829e-02	2.405868180657817421e-02	9.404357846316340853e-08	7.529413451370526866e-01	2.385314750003513184e-05	1.338339768815448264e-07	7.076403459872635019e-06	6.174730519253616295e-02	2.042936668748119691e-11	4.143654787263674842e-10
1.223296440461639122e+03	7.147073054103994934e-09	3.286097534334277148e-02	2.354803323746190030e-02	2.353790865287213804e-02	2.353752620676844917e-02	8.702311588427990229e-08	7.529413295184458343e-01	2.342856832855683344e-05	1.288917248666503280e-07	7.090811662846611229e-06	6.174751604146724165e-02	2.006092543872993479e-11	4.152817890105376137e-10
1.277848229318499989e+03	7.305305584287583205e-09	3.214942064998406457e-02	2.303793538430940618e-02	2.302803011983469914e-02	2.302765595833109261e-02	8.070736107465930568e-08	7.529413133872738806e-01	2.304044903542184843e-05	1.243417183034174178e-07	7.106484774734827014e-06	6.174770737000937620e-02	1.973759167139904800e-11	4.158949122044917554e-10
1.334832705436643437e+03	7.467003601827722846e-09	3.145334379492462085e-02	2.253907411250754070e-02	2.252938333680208280e-02	2.252901727739917495e-02	7.500717730566323236e-08	7.529412968594891842e-01	2.268535643714208379e-05	1.201456196139921510e-07	7.123208171471751545e-06	6.174788107770404211e-02	1.945553919772994181e-11	4.162472731267787735e-10
1.394358352285360525e+03	7.632252935868529645e-09	3.077241063492017897e-02	2.205110129505714195e-02	2.204162032646241054e-02	2.204126219231510031e-02	6.984702300659492648e-08	7.529412800479408086e-01	2.236026379378525998e-05	1.162697774450742628e-07	7.140784476855567127e-06	6.174803884180411762e-02	1.921147351005364195e-11	4.163769565187499729e-10
1.456538491055291843e+03	7.801144681723301736e-09	3.010629254070503955e-02	2.157367716429697130e-02	2.156440146725108892e-02	2.156405108703295451e-02	6.514268958770229595e-08	7.529412630420040387e-01	2.206126739089652814e-05	1.126711068778670022e-07	7.159039431541925725e-06	6.174818277582175274e-02	1.900112450667697150e-11	4.163234664786075173e-10
1.521491496392210820e+03	7.973747824367341066e-09	2.945466714076575357e-02	2.110666207057873903e-02	2.109758716957297470e-02	2.109724437422603668e-02	6.085235891229961138e-08	7.529412459462844209e-01	2.178671181606533399e-05	1.093314983553170018e-07	7.177815968135358856e-06	6.174831382310665140e-02	1.882276403915353644e-11	4.161127302235514386e-10
1.589341021751227572e+03	8.150132372264701269e-09	2.881721835438399992e-02	2.064992097962554257e-02	2.064104245721498990e-02	2.064070707987457343e-02	5.692313668588466757e-08	7.529412288484603755e-01	2.153410191407259682e-05	1.062249925070498412e-07	7.196971073413404037e-06	6.174843334922522353e-02	1.867324899300253675e-11	4.157733518185860814e-10
1.660216234800487882e+03	8.330406111349301381e-09	2.819363523449515754e-02	2.020303929038889945e-02	2.019435290740091704e-02	2.019402478793644665e-02	5.331901680285428390e-08	7.529412118377651897e-01	2.130174419126233670e-05	1.033330403320515158e-07	7.216371598473384425e-06	6.174854230135411876e-02	1.855086974598861948e-11	4.153280764376407922e-10
1.734252063322469667e+03	8.514654983017846056e-09	2.758361327025295184e-02	1.976580581300435221e-02	1.975730742107148843e-02	1.975698640278243309e-02	4.999517185232078560e-08	7.529411949681124039e-01	2.108728882580651948e-05	1.006300953566834125e-07	7.235919512924925344e-06	6.174864194478163482e-02	1.845310315210810331e-11	4.147987113735480348e-10
1.811589452081028185e+03	8.702930176304757379e-09	2.698685537004797894e-02	1.933826214285657916e-02	1.932994757573635106e-02	1.932963350124699414e-02	4.693012320451482814e-08	7.529411783296824368e-01	2.088974995956905848e-05	9.810707622941223386e-08	7.255494049161619966e-06	6.174873285262036382e-02	1.837842801582599039e-11	4.142026383811162418e-10
1.892375631143190958e+03	8.895358404245552146e-09	2.640306972168380770e-02	1.891993626065528039e-02	1.891180155505740867e-02	1.891149427465835253e-02	4.409087802316173382e-08	7.529411619638562980e-01	2.070725446401236829e-05	9.574348894147730202e-08	7.275020950929467666e-06	6.174881603037529060e-02	1.832487370956246654e-11	4.135561022383941795e-10
1.976764396166515780e+03	9.092031768291415751e-09	2.583197139871364068e-02	1.851062814269932577e-02	1.850266942133968126e-02	1.850236878857033571e-02	4.145048650866637309e-08	7.529411459100328052e-01	2.053828141805543627e-05	9.352391203254451060e-08	7.294434531086574387e-06	6.174889229620588588e-02	1.829043162228347927e-11	4.128726539323944627e-10
2.064916401185627365e+03	9.293015023358931046e-09	2.527328200796662844e-02	1.811031819514732216e-02	1.810253158917262892e-02	1.810223745789085389e-02	3.900261802314180625e-08	7.529411302609393397e-01	2.038257271297168782e-05	9.144671229773962392e-08	7.313620176963723676e-06	6.174896184473222666e-02	1.827455027388091760e-11	4.121640310566198494e-10
2.156999464455261204e+03	9.498421734653542781e-09	2.472672843911090032e-02	1.771869723840528363e-02	1.771107901189796635e-02	1.771079124098316748e-02	3.672099549328552213e-08	7.529411150288410903e-01	2.023851481964185779e-05	8.949485071631410476e-08	7.332543109938803979e-06	6.174902552507059023e-02	1.827527101772325673e-11	4.114404150239703664e-10
2.253188887932141824e+03	9.708361774301130725e-09	2.419204396228627832e-02	1.733550923669640101e-02	1.732805576382925872e-02	1.732777421631937972e-02	3.458412116174522545e-08	7.529411002184093205e-01	2.010474373085618683e-05	8.765394754716652020e-08	7.351181256298416275e-06	6.174908405076082185e-02	1.829091013151612510e-11	4.107094899069117037e-10
2.353667791003840648e+03	9.922915609372305554e-09	2.366896815490998618e-02	1.696067569926562255e-02	1.695338338796086031e-02	1.695310792816870707e-02	3.258372633530424680e-08	7.529410858796232731e-01	1.998076727894351791e-05	8.592018822541170462e-08	7.369468553835343130e-06	6.174913770985554495e-02	1.832046011743799980e-11	4.099787069509618114e-10
2.458627459099974658e+03	1.014218041286861955e-08	2.315724619865945286e-02	1.659403283539405416e-02	1.658689816400088848e-02	1.658662865889958329e-02	3.070859483494690231e-08	7.529410720396749745e-01	1.986585181850743389e-05	8.428661734089163162e-08	7.387362762048932257e-06	6.174918690207156086e-02	1.836274504298201051e-11	4.092542087971599094e-10
2.568267707849400722e+03	1.036628550290126486e-08	2.265662872736045816e-02	1.623527766241374473e-02	1.622829723955333467e-02	1.622803356103689337e-02	2.894750928968600037e-08	7.529410587142719713e-01	1.975924589899657398e-05	8.274601948166803305e-08	7.404834934656850874e-06	6.174923202912654258e-02	1.841655550706953936e-11	4.085408699848546495e-10
2.682797263476666558e+03	1.059532916696694322e-08	2.216687224225759312e-02	1.588428299912350225e-02	1.587745348810169765e-02	1.587719551012979277e-02	2.729345553502546375e-08	7.529410459333382155e-01	1.966046102103824440e-05	8.129429572036225170e-08	7.421841180550220444e-06	6.174927336552874652e-02	1.848085845704278051e-11	4.078434677388649961e-10
2.802434160161916679e+03	1.082939115335573311e-08	2.168773896755179370e-02	1.554100695380348368e-02	1.553432503594100351e-02	1.553407263315380836e-02	2.573906777037466682e-08	7.529410337166430045e-01	1.956897046569461792e-05	7.992681099461655068e-08	7.438348580832105728e-06	6.174931119969736398e-02	1.855457124603806062e-11	4.071658266760118649e-10
2.927406155120648691e+03	1.106862157330167688e-08	2.121899596844607425e-02	1.520510972240192438e-02	1.519857222512152953e-02	1.519832527767807535e-02	2.427155021563881177e-08	7.529410220366933304e-01	1.948387342105274724e-05	7.863422194624534283e-08	7.454378262850005469e-06	6.174934598327309204e-02	1.863634564460275814e-11	4.065090330953104170e-10
3.057951162193628988e+03	1.131313535166293024e-08	2.076041575020746641e-02	1.487643254457507620e-02	1.487003636356218177e-02	1.486979475420006219e-02	2.288583832491100108e-08	7.529410109057083078e-01	1.940477397110656419e-05	7.741303522180153392e-08	7.469907278677794683e-06	6.174937793225365040e-02	1.872525342247402504e-11	4.058754569061190390e-10
3.194317704772324760e+03	1.156299928242200715e-08	2.031177623920247047e-02	1.455501125092967252e-02	1.454875326646568739e-02	1.454851687734061948e-02	2.157483797370893205e-08	7.529410003140341034e-01	1.933114066793745425e-05	7.625786153892756384e-08	7.484937804339355732e-06	6.174940731895996876e-02	1.882029845245348434e-11	4.052660667251811042e-10
3.336765388922139209e+03	1.181837971072074277e-08	1.987285986712190519e-02	1.424050171632735076e-02	1.423437895665381758e-02	1.423414767551056496e-02	2.033953531081452749e-08	7.529409903080191979e-01	1.926296245176598238e-05	7.517002506208629955e-08	7.499406274220598118e-06	6.174943418376470372e-02	1.892061175605877194e-11	4.046844579958356821e-10
3.485565397604147165e+03	1.207940136134663488e-08	1.944345410411998931e-02	1.393274774974350566e-02	1.392675731025896577e-02	1.392653102737909793e-02	1.917016834553824948e-08	7.529409808432682150e-01	1.919953062411888686e-05	7.414127753775875952e-08	7.513354834267773572e-06	6.174945886913709575e-02	1.902524076109550857e-11	4.041292766790053714e-10
3.641001006936188787e+03	1.234614805794793866e-08	1.902335133806310266e-02	1.363174197140193909e-02	1.362588095067851501e-02	1.362565955646346562e-02	1.805994688768306449e-08	7.529409718910285987e-01	1.914033667897956968e-05	7.316589623939050439e-08	7.526808438887960722e-06	6.174948162379498978e-02	1.913333486361884740e-11	4.035997113774608428e-10
3.803368125476193200e+03	1.261877237961086374e-08	1.861234843327993008e-02	1.333724690006678724e-02	1.333151249878529107e-02	1.333129588749355603e-02	1.700600584477730694e-08	7.529409634481467606e-01	1.908513152325301353e-05	7.224146646749134165e-08	7.539762609782758816e-06	6.174950257896005129e-02	1.924415866279245914e-11	4.030961125111487767e-10
3.972975857554277354e+03	1.289741990038038343e-08	1.821024675935372511e-02	1.304907354385037403e-02	1.304346304395052544e-02	1.304325111291007068e-02	1.601254061067726222e-08	7.529409555717796465e-01	1.903409082853977575e-05	7.137182534812042912e-08	7.552136663820938177e-06	6.174952168908848932e-02	1.935665772367088912e-11	4.026221207697163598e-10
4.150147091726198596e+03	1.318219289154876893e-08	1.781685222314245004e-02	1.276717821102976713e-02	1.276168891323789176e-02	1.276148156048633603e-02	1.506756361652798798e-08	7.529409481717567187e-01	1.898639896855368732e-05	7.054627708176759846e-08	7.564031267920411352e-06	6.174953932006339158e-02	1.947036000577152292e-11	4.021731136298271053e-10
4.335219115468314158e+03	1.347322874846877477e-08	1.743197504184194196e-02	1.249141456751422241e-02	1.248604383547458757e-02	1.248584096142620753e-02	1.417085990107922418e-08	7.529409412574197269e-01	1.894197122875230957e-05	6.976460118051582183e-08	7.575425076048214218e-06	6.174955552813516518e-02	1.958450154665109557e-11	4.017498743967454973e-10
4.528544257284313971e+03	1.377069557649181181e-08	1.705542954471390635e-02	1.222156727862251831e-02	1.221631256856458604e-02	1.221611407713098230e-02	1.331788801583549063e-08	7.529409347962284782e-01	1.890046896058526142e-05	6.902265516580299491e-08	7.586349432067219117e-06	6.174957047150130690e-02	1.969859773237666220e-11	4.013507836274694941e-10
4.730490557446110870e+03	1.407471572857902962e-08	1.668703426755318436e-02	1.195756225413301121e-02	1.195242105414279915e-02	1.195222685043891703e-02	1.251248384345807109e-08	7.529409288294840463e-01	1.886203809451168615e-05	6.832381160723870028e-08	7.596738913618946943e-06	6.174958411244695078e-02	1.981158562789835433e-11	4.009783791670907640e-10
4.941442468645801455e+03	1.438540973563670865e-08	1.632661174553234548e-02	1.169933089458611089e-02	1.169430072224443562e-02	1.169411071249935180e-02	1.174983897628628955e-08	7.529409233178335770e-01	1.882633082850289032e-05	6.766399600315285679e-08	7.606631780732965375e-06	6.174959661027882435e-02	1.992300023423268622e-11	4.006306053148440671e-10
5.161801587892616226e+03	1.470297008680372111e-08	1.597398838853094846e-02	1.144663698458339533e-02	1.144171545903437462e-02	1.144152955331362645e-02	1.102100973689440401e-08	7.529409181816300034e-01	1.879279126533021734e-05	6.703550938059212398e-08	7.616124382326376567e-06	6.174960819861309569e-02	2.003299717187975189e-11	4.003030289778625405e-10
5.391987421048040233e+03	1.502754091597605868e-08	1.562899454280189740e-02	1.119938112791548333e-02	1.119456591103932738e-02	1.119438402102276159e-02	1.032690579982573969e-08	7.529409134295524941e-01	1.876141735658916427e-05	6.643949135960534751e-08	7.625194621057423894e-06	6.174961889179526181e-02	2.014091522395766381e-11	3.999962705716082670e-10
5.632438181454782352e+03	1.535922384115882376e-08	1.529146437819422014e-02	1.095756106989491732e-02	1.095284982454196483e-02	1.095267186194608285e-02	9.674027899416912210e-09	7.529409091183582037e-01	1.873249384725718549e-05	6.588222190869365188e-08	7.633749625237893635e-06	6.174962859657850273e-02	2.024537144958338514e-11	3.997137755051480041e-10
5.883611624179827231e+03	1.569823779828863847e-08	1.496123552428364409e-02	1.072092431051777095e-02	1.071631480810251481e-02	1.071614068874471304e-02	9.048789286736882992e-09	7.529409051215995019e-01	1.870524125470431214e-05	6.535158925699237021e-08	7.641956113499010186e-06	6.174963762176835513e-02	2.034742668246444994e-11	3.994483209151849917e-10
6.145985917459800476e+03	1.604474566580088502e-08	1.463814926771630533e-02	1.048936033462392545e-02	1.048485039407758349e-02	1.048468003557015242e-02	8.460070530757224097e-09	7.529409015108334824e-01	1.868005128313173023e-05	6.485541103899477908e-08	7.649696385189306481e-06	6.174964583381079702e-02	2.044547460544570433e-11	3.992042453640807709e-10
6.420060553007650924e+03	1.639884318144309610e-08	1.432205050546612492e-02	1.026289352854235955e-02	1.025848095831180876e-02	1.025831427787101714e-02	7.898247701758591139e-09	7.529408981943103152e-01	1.865637469333884812e-05	6.438457353614999491e-08	7.657093218625721546e-06	6.174965344742795736e-02	2.054041479748496185e-11	3.989762684812632374e-10
6.706357296913610298e+03	1.676076282559841513e-08	1.401278737065278675e-02	1.004128871588947335e-02	1.003697142552017856e-02	1.003680834418116570e-02	7.368835601932450460e-09	7.529408952101931396e-01	1.863442438265615448e-05	6.394341046346774599e-08	7.664073970198496499e-06	6.174966039648219912e-02	2.063110316890044309e-11	3.987667945425663307e-10
7.005421182950783077e+03	1.713068348970659063e-08	1.371021142266013945e-02	9.824432690657131442e-03	9.820208638362724202e-03	9.820049078999023434e-03	6.865607195399351063e-09	7.529408924975837802e-01	1.861384683590155576e-05	6.352580060354789858e-08	7.670718867432787283e-06	6.174966681893748199e-02	2.071816179349462764e-11	3.985723245216999920e-10
7.317821550176158780e+03	1.750872209551894812e-08	1.341417754298802716e-02	9.612324301126663750e-03	9.608191445643071357e-03	9.608035331147969302e-03	6.393533187624349988e-09	7.529408900865717236e-01	1.859482441697538966e-05	6.313543306967129046e-08	7.676962499000279476e-06	6.174967266113685210e-02	2.080052354977818184e-11	3.983948374169857025e-10
7.644153126802629231e+03	1.789509758840047649e-08	1.312454369471915440e-02	9.404792573937640829e-03	9.400748947511441272e-03	9.400596203555013769e-03	5.944415136180521123e-09	7.529408879053032244e-01	1.857694607598566294e-05	6.276517157319443965e-08	7.682909431662865717e-06	6.174967807555105381e-02	2.087925788390322162e-11	3.982301126452500346e-10
7.985037162405221352e+03	1.829001549549079394e-08	1.284117098072468099e-02	9.201706585023743459e-03	9.197750276192812741e-03	9.197600830571483338e-03	5.520776643420958824e-09	7.529408859658479614e-01	1.856029826158195857e-05	6.241758804442342163e-08	7.688523640511004333e-06	6.174968304039683137e-02	2.095369235869996246e-11	3.980790608276259818e-10
8.341122610617048849e+03	1.869361594857754151e-08	1.256392361650733244e-02	9.003043322069661375e-03	8.999172429266110232e-03	8.999026210150048652e-03	5.120649994843524903e-09	7.529408842455052042e-01	1.854476639655350338e-05	6.209147927704631920e-08	7.693829230455550704e-06	6.174968760195535117e-02	2.102396770989204455e-11	3.979404694107187525e-10
8.713087364566496035e+03	1.910610224030618056e-08	1.229266874421646935e-02	8.808687677527514068e-03	8.804900348674381955e-03	8.804757286103227776e-03	4.743025932143893509e-09	7.529408827271560911e-01	1.853027048352981067e-05	6.178606055818409863e-08	7.698841388419716349e-06	6.174969179395718016e-02	2.109012544718778758e-11	3.978134711793702782e-10
9.101639547407672580e+03	1.952770889923499632e-08	1.202727639214695721e-02	8.618494291606217453e-03	8.614788737124541920e-03	8.614648763498733777e-03	4.387139602953998128e-09	7.529408813951953272e-01	1.851674299595128354e-05	6.150039315667798481e-08	7.703572887802613518e-06	6.174969564538338590e-02	2.115221334493117525e-11	3.976972995298692616e-10
9.507518860400743506e+03	1.995860153285435060e-08	1.176761947751774236e-02	8.432421489087011182e-03	8.428795937316244796e-03	8.428658985713072260e-03	4.053894866732950422e-09	7.529408802442350002e-01	1.850418751796638597e-05	6.123473596050384691e-08	7.708014907166477244e-06	6.174969916198540937e-02	2.121001033530588101e-11	3.975918779684140878e-10
9.931497991108813949e+03	2.039896541923717548e-08	1.151357369902629088e-02	8.250402685122356847e-03	8.246855393030364315e-03	8.246721397608526224e-03	3.739931790128256670e-09	7.529408792437372044e-01	1.849243950271455838e-05	6.098583941259512123e-08	7.712213320478480941e-06	6.174970240254479964e-02	2.126408753077221445e-11	3.974954294082907040e-10
1.037438408439202794e+04	2.084906668482156667e-08	1.126501743142081617e-02	8.072280914875541030e-03	8.068810206917817127e-03	8.068679104385290818e-03	3.446160430616896899e-09	7.529408783901430091e-01	1.848151436990873837e-05	6.075431708064873436e-08	7.716157159468954756e-06	6.174970536778036367e-02	2.131423736465858431e-11	3.974079737429645922e-10
1.083702027899924906e+04	2.130909884367148764e-08	1.102183174095734512e-02	7.897998665616223421e-03	7.894602890976079937e-03	7.894474618974909805e-03	3.170682305384870890e-09	7.529408776643271572e-01	1.847131902809740335e-05	6.053856747700848486e-08	7.719871625040722240e-06	6.174970809179549519e-02	2.136079185838005790e-11	3.973284490042198514e-10
1.132028731268275260e+04	2.177922651891471265e-08	1.078390029690222754e-02	7.727531403578145018e-03	7.724208921987280561e-03	7.724083418557968310e-03	2.912541610933594804e-09	7.529408770535156448e-01	1.846179965726393369e-05	6.033778855287153960e-08	7.723370137852959656e-06	6.174971059546952024e-02	2.140392613508904988e-11	3.972561964988692489e-10
1.182510519889140232e+04	2.225975029421528142e-08	1.055110926990683075e-02	7.560712994894464370e-03	7.557462237514466462e-03	7.557339443395705292e-03	2.671404287928983745e-09	7.529408765483377453e-01	1.845292893184004152e-05	6.015165521681045824e-08	7.726657782020780708e-06	6.174971289132266672e-02	2.144371014780823654e-11	3.971908074228013835e-10
1.235243497823471080e+04	2.275089428458397134e-08	1.032334734490087183e-02	7.397472555810894260e-03	7.394291984280091344e-03	7.394171841361802007e-03	2.446674699074432084e-09	7.529408761381790605e-01	1.844466987207343497e-05	5.997953105484751859e-08	7.729743403521790803e-06	6.174971499449092432e-02	2.148027717743442063e-11	3.971317801844782560e-10
1.290328054805135253e+04	2.325279942897820026e-08	1.010050565332796732e-02	7.237821923166733347e-03	7.234709994034158563e-03	7.234592444014020622e-03	2.237683129917491790e-09	7.529408758127393853e-01	1.843698704417613696e-05	5.982073406806080927e-08	7.732635935139876374e-06	6.174971691924611289e-02	2.151377761456248385e-11	3.970786277346480043e-10
1.347869057356610574e+04	2.376580392706936102e-08	9.882477633501692699e-03	7.081587886254638552e-03	7.078543130541931072e-03	7.078428117930751426e-03	2.043720625600709566e-09	7.529408755619921845e-01	1.842984286023620802e-05	5.967450687304293820e-08	7.735345454396494645e-06	6.174971868007648329e-02	2.154438037510736560e-11	3.970308543390389602e-10
1.407976048427283422e+04	2.429015419525962045e-08	9.669159097488267546e-03	6.928697985387004786e-03	6.925718965270120757e-03	6.925606435755529700e-03	1.863607586604383628e-09	7.529408753754903705e-01	1.842318868652884406e-05	5.953985489037507613e-08	7.737886561697528156e-06	6.174972029400190021e-02	2.157233080872796482e-11	3.969878794099782290e-10
1.470763455934442754e+04	2.482599789213232231e-08	9.460448141604278424e-03	6.779166509629734778e-03	6.776251781140993531e-03	6.776141680178552652e-03	1.696527915316860891e-09	7.529408752447941389e-01	1.841698889382022210e-05	5.941607084346343455e-08	7.740269679974817236e-06	6.174972177386452155e-02	2.159781727582780362e-11	3.969492534440762142e-10
1.536350810603965874e+04	2.537368044361435855e-08	9.256245024319480208e-03	6.632843896452332751e-03	6.629992079929033361e-03	6.629884355403357736e-03	1.541875593445984237e-09	7.529408751627887364e-01	1.841121721361527254e-05	5.930265189910126984e-08	7.742502182243727444e-06	6.174972312957664744e-02	2.162098903493196103e-11	3.969146165343329344e-10
1.604862973525413145e+04	2.593347620109012572e-08	9.056452200962118032e-03	6.489652692869728873e-03	6.486862441950375958e-03	6.486757043004003249e-03	1.399930260423229508e-09	7.529408751247237408e-01	1.840587927634846515e-05	5.919978166557094191e-08	7.744579927810748665e-06	6.174972436240864365e-02	2.164184864371746464e-11	3.968838627132662070e-10
1.676430373854734717e+04	2.650556248801721059e-08	8.860974284069435269e-03	6.349592218755742944e-03	6.346862187371263460e-03	6.346759063157777180e-03	1.268296730556735531e-09	7.529408751203759964e-01	1.840088804467705346e-05	5.910550358814932805e-08	7.746533376855137590e-06	6.174972549765681690e-02	2.166084751212412266e-11	3.968561844629672318e-10
1.751189257117110537e+04	2.709026895163263806e-08	8.669717915431527852e-03	6.212551119242963778e-03	6.209880009201737550e-03	6.209779110683243293e-03	1.147591423510540542e-09	7.529408751466628580e-01	1.839626279705977680e-05	5.902021663296776769e-08	7.748353897855977777e-06	6.174972653247284837e-02	2.167792857345066838e-11	3.968316030551066585e-10
1.829281944582632059e+04	2.768790789186857463e-08	8.482591767274413538e-03	6.078442319626654877e-03	6.075828870175159491e-03	6.075730149727949329e-03	1.036504105366794501e-09	7.529408751972229696e-01	1.839195729472181578e-05	5.894282047059142419e-08	7.750057513763178446e-06	6.174972748070239187e-02	2.169334753804825802e-11	3.968096605971638453e-10
1.910857104208602323e+04	2.829868951597471657e-08	8.299506505060208830e-03	5.947252126782620087e-03	5.944695083054746948e-03	5.944598493277506238e-03	9.350339120173037502e-10	7.529408752682192896e-01	1.838797150009330186e-05	5.887322681671917306e-08	7.751643067777311212e-06	6.174972834425773022e-02	2.170714662816257495e-11	3.967902411031674240e-10
1.996070033664264338e+04	2.892292452660655994e-08	8.120374732943511087e-03	5.818902830418100532e-03	5.816400970959575978e-03	5.816306465713086404e-03	8.420915422764572624e-10	7.529408753549059474e-01	1.838426855135352726e-05	5.881054276596831012e-08	7.753123517914041734e-06	6.174972913397998309e-02	2.171953444688295221e-11	3.967729864620712797e-10
2.085082955976756421e+04	2.956096669963895563e-08	7.945110967736401450e-03	5.693299443373283156e-03	5.690851587569924382e-03	5.690759122257662422e-03	7.574087235943942986e-10	7.529408754538780002e-01	1.838083989153045970e-05	5.875449886347284874e-08	7.754501185112348330e-06	6.174972985352743249e-02	2.173059067306571386e-11	3.967577411619003291e-10
2.178065328361121283e+04	3.021306236857638195e-08	7.773631581426853308e-03	5.570417058950119342e-03	5.568022036896475187e-03	5.567931567326429680e-03	6.800214655924310008e-10	7.529408755617932325e-01	1.837765302289647625e-05	5.870431901831729251e-08	7.755787730439436979e-06	6.174973051206201352e-02	2.174049337833733321e-11	3.967442124934803337e-10
2.275194164822352832e+04	3.087949967590212134e-08	7.605854755581664510e-03	5.450207539539920001e-03	5.447864202027486932e-03	5.447775684789451893e-03	6.098826076793157490e-10	7.529408756760267440e-01	1.837470906048610782e-05	5.865994221596752590e-08	7.756981932529940778e-06	6.174973111065597264e-02	2.174927932934578642e-11	3.967323204786268952e-10
2.376654373143495832e+04	3.156067794726285895e-08	7.441700437441168235e-03	5.332569439386179895e-03	5.330276680823443740e-03	5.330190074154802365e-03	5.460764274143586813e-10	7.529408757941394859e-01	1.837197853115293749e-05	5.862066976298125545e-08	7.758094581916359235e-06	6.174973165731600933e-02	2.175710768438413731e-11	3.967218158107262020e-10
2.482639106901514606e+04	3.225688340755529713e-08	7.281090323492444248e-03	5.217468199956182100e-03	5.215224929610203126e-03	5.215140192309605793e-03	4.883025789071134388e-10	7.529408759140886476e-01	1.836945274794454238e-05	5.858622168113626409e-08	7.759128448349751582e-06	6.174973215510400765e-02	2.176404883727165219e-11	3.967125795193006686e-10
2.593350133180940611e+04	3.296837763036234837e-08	7.123947810000631937e-03	5.104881610805351091e-03	5.102686747492653219e-03	5.102603838719471305e-03	4.359967675640336201e-10	7.529408760342154450e-01	1.836711463910664074e-05	5.855614843494229882e-08	7.760089704599270263e-06	6.174973260881934378e-02	2.177020279157363093e-11	3.967044561988457126e-10
2.708998216685386069e+04	3.369560974779670843e-08	6.970197940670005456e-03	4.994703081359631348e-03	4.992555589725761363e-03	4.992474470370514457e-03	3.889236287971179094e-10	7.529408761528568750e-01	1.836495942819298897e-05	5.853023445022633792e-08	7.760979718907740023e-06	6.174973302046046081e-02	2.177562258229820034e-11	3.966973586963586099e-10
2.829803520978158122e+04	3.443890993696625583e-08	6.819767395244785702e-03	4.886889801988388189e-03	4.884788665085059226e-03	4.884709296733539749e-03	3.463441672016042308e-10	7.529408762691804924e-01	1.836296199889626821e-05	5.850787883287081878e-08	7.761808031420144405e-06	6.174973339627392449e-02	2.178042661078571340e-11	3.966911131598766595e-10
2.955996027615834828e+04	3.519850870554096226e-08	6.672584448803987531e-03	4.781442228909858413e-03	4.779386429592629749e-03	4.779308773823220252e-03	3.079746338153085057e-10	7.529408763821706652e-01	1.836111530387121021e-05	5.848883106828847538e-08	7.762577069757704588e-06	6.174973373847549019e-02	2.178466662195577136e-11	3.966856402576575770e-10
3.087815973972717256e+04	3.597490969217314644e-08	6.528578914251086454e-03	4.678249769669354935e-03	4.676238338343434095e-03	4.676162358530657620e-03	2.735188680106419841e-10	7.529408764909647500e-01	1.835941170493293737e-05	5.847282820345112826e-08	7.763289532455556764e-06	6.174973404934734622e-02	2.178839467069558604e-11	3.966808620789449937e-10
3.225514310589665547e+04	3.676848588330139044e-08	6.387682134698249511e-03	4.577264697811463286e-03	4.575296685402228426e-03	4.575222345695737110e-03	2.426013557150856015e-10	7.529408765950384996e-01	1.835783985872043559e-05	5.845954681823191749e-08	7.763949654027112914e-06	6.174973433185283050e-02	2.179167096218430249e-11	3.966766914891485021e-10
3.369353178917990590e+04	3.757944849076006258e-08	6.249826948060986480e-03	4.478500951373756526e-03	4.476575402813873401e-03	4.476502667136951844e-03	2.149884281183066503e-10	7.529408766937976116e-01	1.835639376141452844e-05	5.844875519520234337e-08	7.764559544030770960e-06	6.174973458779248886e-02	2.179453652721672828e-11	3.966730682227156648e-10
3.519606410367895296e+04	3.840834401209242700e-08	6.114947631187864913e-03	4.381851203341499863e-03	4.379967209709294436e-03	4.379896043728331162e-03	1.902056412397341757e-10	7.529408767873707609e-01	1.835505705039821187e-05	5.844007074890964798e-08	7.765125575798785646e-06	6.174973482094099630e-02	2.179705783531373901e-11	3.966699000063367777e-10
3.676560047611527989e+04	3.925557624385498344e-08	5.982979891844344283e-03	4.287268680559023527e-03	4.285425353043117135e-03	4.285355723184149958e-03	1.681280927645134892e-10	7.529408768752229308e-01	1.835382834599238650e-05	5.843335163886428445e-08	7.765648055547335078e-06	6.174973503203006614e-02	2.179925739677491272e-11	3.966671536190295455e-10
3.840512889133069984e+04	4.012139888050195222e-08	5.853860837986417029e-03	4.194757642336336377e-03	4.192954090294044416e-03	4.192885962913933846e-03	1.484429933952709916e-10	7.529408769574358340e-01	1.835269722689081222e-05	5.842832900991575262e-08	7.766131013782196613e-06	6.174973522350676869e-02	2.180117933843234991e-11	3.966647683921393574e-10
4.011777058062521974e+04	4.100633948194517914e-08	5.727528928417732410e-03	4.104235455650402306e-03	4.102470823967423359e-03	4.102404166765078776e-03	1.309200782054515324e-10	7.529408770340064727e-01	1.835165682636119843e-05	5.842479808123997273e-08	7.766577060196761204e-06	6.174973539705917724e-02	2.180285580581312066e-11	3.966627001241055631e-10
4.190678596376192581e+04	4.191085680653670998e-08	5.603923956494599040e-03	4.015649256168435897e-03	4.013922712459688964e-03	4.013857493992594241e-03	1.153293567575342221e-10	7.529408771050640770e-01	1.835069972292599586e-05	5.842256108997239763e-08	7.766989067673868674e-06	6.174973555441684581e-02	2.180431775228055113e-11	3.966609069049672779e-10
4.377558085594855947e+04	4.283525169041459326e-08	5.482987022099141024e-03	3.928994827615450887e-03	3.927305541308661815e-03	3.927241730202777302e-03	1.014967052061499938e-10	7.529408771706666004e-01	1.834982074817204884e-05	5.842145617873897737e-08	7.767368998072318761e-06	6.174973569684318042e-02	2.180558895961369178e-11	3.966593565035616752e-10
4.572771295161538001e+04	4.378002804968269893e-08	5.364660494074114348e-03	3.844211450083607259e-03	3.842558616713253206e-03	3.842496182580696588e-03	8.923192093129018010e-11	7.529408772310189901e-01	1.834901360781396215e-05	5.842132117463912613e-08	7.767719308425252389e-06	6.174973582576031433e-02	2.180669376221449102e-11	3.966580165326565402e-10
4.776689859733040794e+04	4.474570500134233982e-08	5.248887994329564689e-03	3.761241170237394731e-03	3.759624010255213818e-03	3.759562923649326007e-03	7.836608040005814404e-11	7.529408772863523946e-01	1.834827258576905522e-05	5.842201184241689446e-08	7.768042239357008728e-06	6.174973594243862718e-02	2.180765327246238129e-11	3.966568591005811102e-10
4.989701986674675572e+04	4.573263554762146076e-08	5.135614365543645851e-03	3.680072385490571699e-03	3.678490124336876270e-03	3.678430355999437722e-03	6.875647409880906075e-11	7.529408773368750918e-01	1.834759291361057895e-05	5.842340230051871567e-08	7.768339653799617283e-06	6.174973604794303100e-02	2.180848520801752055e-11	3.966558609265551103e-10
5.212213195105083287e+04	4.674129461118734587e-08	5.024785639783605797e-03	3.600663783461096820e-03	3.599115664338617057e-03	3.599057185682365441e-03	6.026937331531592030e-11	7.529408773828305534e-01	1.834696995382923383e-05	5.842537756430944288e-08	7.768613378546443477e-06	6.174973614328103932e-02	2.180920558953814960e-11	3.966550011484175081e-10
5.444647087898081372e+04	4.777226766263987828e-08	4.916349013945266362e-03	3.522953203666260615e-03	3.521438496503862762e-03	3.521381279951088430e-03	5.277796579707827482e-11	7.529408774245012204e-01	1.834639905666678368e-05	5.842783261747858614e-08	7.768865264004816708e-06	6.174973622942965534e-02	2.180982909275370564e-11	3.966542608391154057e-10
5.687446158111227851e+04	4.882596545761272152e-08	4.810252830870940730e-03	3.446922629615242588e-03	3.445440612088050952e-03	3.445384630353652208e-03	4.617850201159220960e-11	7.529408774621284550e-01	1.834587646924462572e-05	5.843067602421140268e-08	7.769096794516069953e-06	6.174973630718620654e-02	2.181036773089178616e-11	3.966536245592179797e-10
5.941072631376337813e+04	4.990282794808540857e-08	4.706446554494527965e-03	3.372547893725625235e-03	3.371097853899708303e-03	3.371043080091091527e-03	4.036367468954932430e-11	7.529408774960186790e-01	1.834539795139627041e-05	5.843382395738965271e-08	7.769309679262071517e-06	6.174973637740192173e-02	2.181083317773864040e-11	3.966530774890853302e-10
6.206009345855627180e+04	5.100351335078193800e-08	4.604880735812160765e-03	3.299763423420672484e-03	3.298344677555279172e-03	3.298291085844818303e-03	3.525002255277066362e-11	7.529408775264178066e-01	1.834496025358907948e-05	5.843720407673216009e-08	7.769505216214730658e-06	6.174973644074174123e-02	2.181123468220495601e-11	3.966526079093234028e-10
6.482760671438706049e+04	5.212849622222634108e-08	4.505506996881043259e-03	3.228545666028900633e-03	3.227157540509840473e-03	3.227105105452431587e-03	3.075888306010254952e-11	7.529408775535801901e-01	1.834456023321463957e-05	5.844075191411975368e-08	7.769684669766116410e-06	6.174973649783321861e-02	2.181158055040982897e-11	3.966522053756456395e-10
6.771853469930319989e+04	5.327817498779611661e-08	4.408278005224770986e-03	3.158885547712728201e-03	3.157527372827141372e-03	3.157476069125048340e-03	2.681673222947192969e-11	7.529408775777691742e-01	1.834419476442511029e-05	5.844441103396680775e-08	7.769849309801662220e-06	6.174973654928160582e-02	2.181187832409996084e-11	3.966518604845920094e-10
7.073838098056787567e+04	5.445328767785737293e-08	4.313147450006486749e-03	3.090714783022760394e-03	3.089385918417376919e-03	3.089335721881894016e-03	2.336082369459250499e-11	7.529408775992304514e-01	1.834386104941088328e-05	5.844813237021955657e-08	7.770000275426632263e-06	6.174973659562265488e-02	2.181213444727523437e-11	3.966515652406608712e-10
7.389289455200593511e+04	5.565437925811740382e-08	4.220070026790524904e-03	3.024005071993911883e-03	3.022704889483139243e-03	3.022655776385181799e-03	2.033365756804669860e-11	7.529408776181967244e-01	1.834355653014777218e-05	5.845187370917338072e-08	7.770138612235730362e-06	6.174973663733893808e-02	2.181235452034217004e-11	3.966513127414442238e-10
7.718808077857756871e+04	5.688179913876642810e-08	4.129001409025120396e-03	2.958760594652564985e-03	2.957488464253592471e-03	2.957440410796188281e-03	1.768456837385744255e-11	7.529408776348918142e-01	1.834327880050141000e-05	5.845559911442932576e-08	7.770265309446856684e-06	6.174973667487532875e-02	2.181254345898039279e-11	3.966510969648747849e-10
8.063021282901520317e+04	5.813637283055894859e-08	4.039898224031879086e-03	2.894910973764814113e-03	2.893666295753790849e-03	2.893619279282969199e-03	1.536823315732002218e-11	7.529408776495279954e-01	1.834302561175324122e-05	5.845927861041735418e-08	7.770381297073086649e-06	6.174973670863945219e-02	2.181270555530773659e-11	3.966509126848671137e-10
8.422584361828806868e+04	5.941870309393235281e-08	3.952718037474976277e-03	2.832426719496541640e-03	2.831208906828884108e-03	2.831162905169621029e-03	1.334488023033887541e-11	7.529408776622974475e-01	1.834279497932814697e-05	5.846288684055296209e-08	7.770487397395801021e-06	6.174973673898778020e-02	2.181284445757396530e-11	3.966507554826310633e-10
8.798181828263183706e+04	6.072914202414650022e-08	3.867419335826912264e-03	2.771315028255836362e-03	2.770123490792837564e-03	2.770078481653231658e-03	1.157921938708620700e-11	7.529408776733833575e-01	1.834258501099948361e-05	5.846640327044210378e-08	7.770584399848607190e-06	6.174973676625271357e-02	2.181296338183421379e-11	3.966506214858062609e-10
9.190528721088735620e+04	6.206855099118165639e-08	3.783961501330042332e-03	2.711512555579496594e-03	2.710346730417642364e-03	2.710302692534575630e-03	1.003915305355864150e-11	7.529408776829603633e-01	1.834239391063862310e-05	5.846981199546233176e-08	7.770673059075568665e-06	6.174973679074276939e-02	2.181306515582398856e-11	3.966505073117023701e-10
9.600371965696352709e+04	6.343759345708357668e-08	3.702304793077204614e-03	2.652988829747755534e-03	2.651848167084964840e-03	2.651805079690211162e-03	8.697450778444711978e-12	7.529408776911791223e-01	1.834222016340298936e-05	5.847309927750711001e-08	7.770754010724017537e-06	6.174973681271792025e-02	2.181315212183022432e-11	3.966504101697016724e-10
1.002849179593337758e+05	6.483668981236325043e-08	3.622410329135241584e-03	2.595745276373873870e-03	2.594629225795117185e-03	2.594587068097297094e-03	7.529538283540844659e-12	7.529408776981884044e-01	1.834206223608813116e-05	5.847625583830843399e-08	7.770827905100156669e-06	6.174973683243303868e-02	2.181322640378846285e-11	3.966503275460341327e-10
1.047570323946383432e+05	6.626667174117907249e-08	3.544240065202145049e-03	2.539733349550743566e-03	2.538641381513489538e-03	2.538600133509662758e-03	6.513519780067968166e-12	7.529408777041211032e-01	1.834191877859325492e-05	5.847927456818802522e-08	7.770895316190036875e-06	6.174973685011028723e-02	2.181328979366700762e-11	3.966502573307566543e-10
1.094285766936694563e+05	6.772829105627397669e-08	3.467756783692280131e-03	2.484919048632939619e-03	2.483850648213363748e-03	2.483810290452795853e-03	5.630414103664263076e-12	7.529408777090975669e-01	1.834178855720581649e-05	5.848215052666451496e-08	7.770956770642215616e-06	6.174973686594983219e-02	2.181334383432386093e-11	3.966501977165448944e-10
1.143084442492777453e+05	6.922204391883501024e-08	3.392924071338474911e-03	2.431298737454955314e-03	2.430253391292616204e-03	2.430213904383627960e-03	4.863687692496001795e-12	7.529408777132297059e-01	1.834167041019622545e-05	5.848488113312918315e-08	7.771012767343022138e-06	6.174973688013650486e-02	2.181338987044091624e-11	3.966501471362860540e-10
1.194059250470552943e+05	7.074872442058286613e-08	3.319706298154439898e-03	2.378837041994666390e-03	2.377814251938318961e-03	2.377775617063744660e-03	4.198155185794561185e-12	7.529408777166197719e-01	1.834156327406395379e-05	5.848746561975994432e-08	7.771063765197109408e-06	6.174973689283679013e-02	2.181342905946106298e-11	3.966501042489338825e-10
1.247307233510272927e+05	7.230918169624556867e-08	3.248068602665290724e-03	2.327497001712845563e-03	2.326496285502569015e-03	2.326458484445520589e-03	3.621070182295092966e-12	7.529408777193579150e-01	1.834146618784344144e-05	5.848990438797608833e-08	7.771110180243752464e-06	6.174973690419925665e-02	2.181346238789080164e-11	3.966500679165653245e-10
1.302929761780207191e+05	7.390399612670813167e-08	3.177976875309451114e-03	2.277270550741658951e-03	2.276291429585483236e-03	2.276254444260071997e-03	3.121201198453570451e-12	7.529408777215272908e-01	1.834137826386407513e-05	5.849219916907029008e-08	7.771152398632900197e-06	6.174973691435897000e-02	2.181349070729945106e-11	3.966500371618955410e-10
1.361032725958809024e+05	7.553391558115445610e-08	3.109397742392031819e-03	2.228134004160303716e-03	2.227176009449680603e-03	2.227139822154684985e-03	2.688234771372566714e-12	7.529408777232037275e-01	1.834129867559624132e-05	5.849435304130918563e-08	7.771190782047270412e-06	6.174973692343929677e-02	2.181351475495447414e-11	3.966500111435661471e-10
1.421726738822742482e+05	7.719989591236967343e-08	3.042298561118363283e-03	2.180047964381170034e-03	2.179110644446694955e-03	2.179075238120753953e-03	2.313764532813691263e-12	7.529408777244535056e-01	1.834122668277635298e-05	5.849636950225458349e-08	7.771225655313305437e-06	6.174973693154956617e-02	2.181353515538609325e-11	3.966499891517742864e-10
1.485127345824544318e+05	7.890261054054336944e-08	2.976647389502950092e-03	2.133000519144500739e-03	2.132083427438489012e-03	2.132048785213709260e-03	1.990039355620128724e-12	7.529408777253372431e-01	1.834116159748980037e-05	5.849825295797523128e-08	7.771257321989734397e-06	6.174973693878960807e-02	2.181355244830692677e-11	3.966499705763281564e-10
1.551355245060799352e+05	8.064275112538226337e-08	2.912412973067072738e-03	2.086978335925217514e-03	2.086081031632357370e-03	2.086047136857379757e-03	1.710327956906505621e-12	7.529408777259084529e-01	1.834110279861421813e-05	5.850000814337948743e-08	7.771286057202313142e-06	6.174973694524837214e-02	2.181356709318867925e-11	3.966499549002098888e-10
1.620536517049625982e+05	8.242139112560160186e-08	2.849564730972387831e-03	2.041940027117515599e-03	2.041062087217251388e-03	2.041028923912895695e-03	1.468959861517953400e-12	7.529408777262152075e-01	1.834104970298829296e-05	5.850164050062596023e-08	7.771312120817775110e-06	6.174973695100786225e-02	2.181357948783986515e-11	3.966499416778361578e-10
1.692802864754817565e+05	8.423930716916928065e-08	2.788072741675824435e-03	1.997870346798493249e-03	1.997011354825313154e-03	1.996978907260010556e-03	1.260723186154203524e-12	7.529408777262999175e-01	1.834100179230908483e-05	5.850315541330452292e-08	7.771335744536534906e-06	6.174973695614015268e-02	2.181358996785327799e-11	3.966499305350710010e-10
1.768291864313702099e+05	8.609712391502088333e-08	2.727907731303743158e-03	1.954765095542637405e-03	1.953924636836588350e-03	1.953892889346972410e-03	1.081193931782308706e-12	7.529408777261998864e-01	1.834095858224176875e-05	5.850455871981805970e-08	7.771357146186321855e-06	6.174973696071141965e-02	2.181359882304800158e-11	3.966499211503223126e-10
1.847147226945954317e+05	8.799604350312066948e-08	2.669041064875669108e-03	1.912581316238257155e-03	1.911758994608960460e-03	1.911727932229334743e-03	9.266467468493086656e-13	7.529408777259475327e-01	1.834091964183653017e-05	5.850585602032458370e-08	7.771376520122384607e-06	6.174973696477988050e-02	2.181360629737586752e-11	3.966499132539305571e-10
1.929519072541994392e+05	8.993695637069612683e-08	2.611444720674493698e-03	1.871300903214498206e-03	1.870496330256176927e-03	1.870465938314900579e-03	7.935569464660061984e-13	7.529408777255723884e-01	1.834088456556070938e-05	5.850705332335449285e-08	7.771394050526904523e-06	6.174973696839929777e-02	2.181361260257297909e-11	3.966499066130762385e-10
2.015564215451815107e+05	9.192040791199036799e-08	2.555091281024849878e-03	1.830927689688965866e-03	1.830140475347736715e-03	1.830110739110913341e-03	6.791175599472966429e-13	7.529408777250994333e-01	1.834085299148017733e-05	5.850815634909416071e-08	7.771409902301253580e-06	6.174973697161709879e-02	2.181361791661477049e-11	3.966499010327685881e-10
2.105446463018299255e+05	9.394774188999312367e-08	2.499953919007944034e-03	1.791417502843488862e-03	1.790647276057740281e-03	1.790618181508887028e-03	5.807925693460474073e-13	7.529408777245503170e-01	1.834082459155501470e-05	5.850917068345267983e-08	7.771424225558404706e-06	6.174973697447573573e-02	2.181362239078292099e-11	3.966498963479625329e-10
2.199336927423357847e+05	9.601993250611041845e-08	2.446006385601037780e-03	1.752752102720396641e-03	1.751998500270856261e-03	1.751970033689727486e-03	4.962965440110438829e-13	7.529408777239439132e-01	1.834079905679665882e-05	5.851010212982103926e-08	7.771437162711533676e-06	6.174973697701437864e-02	2.181362615603689459e-11	3.966498924164552308e-10
2.297414351440564787e+05	9.813755876104703266e-08	2.393223002773762435e-03	1.714935433214807240e-03	1.714198090186510063e-03	1.714170237788806761e-03	4.238228400967599360e-13	7.529408777232962091e-01	1.834077611645273232e-05	5.851095598641865338e-08	7.771448838840921774e-06	6.174973697926702809e-02	2.181362932124660399e-11	3.966498891204173885e-10
2.399865448714429222e+05	1.003019927622397127e-07	2.341578650051034244e-03	1.677929365114760136e-03	1.677207932986540893e-03	1.677180681607223474e-03	3.616631989783541179e-13	7.529408777226211935e-01	1.834075552089406723e-05	5.851173749097501827e-08	7.771459369930195849e-06	6.174973698126456911e-02	2.181363197967940975e-11	3.966498863593347225e-10
2.506885259214115213e+05	1.025143165906995442e-07	2.291048745019275829e-03	1.641714510117291137e-03	1.641008648704059660e-03	1.640981985492975760e-03	3.083749434737917051e-13	7.529408777219306348e-01	1.834073704029944574e-05	5.851245178374338951e-08	7.771468863380623008e-06	6.174973698303498626e-02	2.181363421096809607e-11	3.966498840477355907e-10
2.618677520538293757e+05	1.047752199921318985e-07	2.241609235189551737e-03	1.606291286360263552e-03	1.605600655297149872e-03	1.605574567397355682e-03	2.627763729654672870e-13	7.529408777212343029e-01	1.834072046896473805e-05	5.851310366692023755e-08	7.771477415676354079e-06	6.174973698460300975e-02	2.181363608197398851e-11	3.966498821140915660e-10
2.735455055777996895e+05	1.070860266405737471e-07	2.193236586441283439e-03	1.571630618482467790e-03	1.570954889905663973e-03	1.570929364932431268e-03	2.237330492349806580e-13	7.529408777205400805e-01	1.834070561890885053e-05	5.851369777055981152e-08	7.771485115482326339e-06	6.174973698599088567e-02	2.181363764961891348e-11	3.966498804977535072e-10
2.857440178675850038e+05	1.094479619275595813e-07	2.145907771729923304e-03	1.537710981514926268e-03	1.537049836815367184e-03	1.537024862733556152e-03	1.903541222845133198e-13	7.529408777198546288e-01	1.834069232110884542e-05	5.851423843213439213e-08	7.771492042858884399e-06	6.174973698721841764e-02	2.181363896178602372e-11	3.966498791478728643e-10
2.984865116853068466e+05	1.118618384637266967e-07	2.099600266850757714e-03	1.504529699566413805e-03	1.503882821285543485e-03	1.503858386103473690e-03	1.618471516918627968e-13	7.529408777191840541e-01	1.834068042068006933e-05	5.851472980771328858e-08	7.771498271557823945e-06	6.174973698830341085e-02	2.181364005920695599e-11	3.966498780213437565e-10
3.117972453909759643e+05	1.143289181361914874e-07	2.054292032999373296e-03	1.472065769848325111e-03	1.471432849557817056e-03	1.471408941624915848e-03	1.374871189343904993e-13	7.529408777185321311e-01	1.834066977681026415e-05	5.851517583903866128e-08	7.771503868997190815e-06	6.174973698926187332e-02	2.181364097636780382e-11	3.966498770818031689e-10
3.257015591240401845e+05	1.168505837902478995e-07	2.009961504833361091e-03	1.440295879547850858e-03	1.439676618842811173e-03	1.439653226887131418e-03	1.167179330972558653e-13	7.529408777179019685e-01	1.834066026396485773e-05	5.851558014635326873e-08	7.771508895500604751e-06	6.174973699010791184e-02	2.181364174209669045e-11	3.966498762989412392e-10
3.402259230443504057e+05	1.194277847961268360e-07	1.966587581664222106e-03	1.409214640053768879e-03	1.408608742846158062e-03	1.408585855683268991e-03	9.900997194090619400e-14	7.529408777172966749e-01	1.834065176789250555e-05	5.851594614584015623e-08	7.771513406256988710e-06	6.174973699085416906e-02	2.181364238082011397e-11	3.966498756471607083e-10
3.553979877243898227e+05	1.220617072246671718e-07	1.924149617365590505e-03	1.378808216536850980e-03	1.378215392686965969e-03	1.378192999357129907e-03	8.391434750749654731e-14	7.529408777167175826e-01	1.834064418457556267e-05	5.851627706090417523e-08	7.771517451789254218e-06	6.174973699151199008e-02	2.181364291318971757e-11	3.966498751048882406e-10
3.712466367886982043e+05	1.247539074010787695e-07	1.882627411624799348e-03	1.349051815042147037e-03	1.348471785070541520e-03	1.348449875016700635e-03	7.107781458586163799e-14	7.529408777161664679e-01	1.834063742093610270e-05	5.851657585514227592e-08	7.771521077488885559e-06	6.174973699209141548e-02	2.181364335648080001e-11	3.966498746541259885e-10
3.878020419007036835e+05	1.275054857953231624e-07	1.842001205702785112e-03	1.319937690870709793e-03	1.319370178627799232e-03	1.319348741418678757e-03	6.015274170100086551e-14	7.529408777156437749e-01	1.834063139311383197e-05	5.851684527981619001e-08	7.771524324456215101e-06	6.174973699260138255e-02	2.181364372523306063e-11	3.966498742797711851e-10
4.050957202016421361e+05	1.303175360768173654e-07	1.802251664346565981e-03	1.291458365272542567e-03	1.290903097824260123e-03	1.290882123150047809e-03	5.086393510931022360e-14	7.529408777151501697e-01	1.834062602314436518e-05	5.851708798486164394e-08	7.771527231164483888e-06	6.174973699305003755e-02	2.181364403184018533e-11	3.966498739689874866e-10
4.231605943109124200e+05	1.331918049741145142e-07	1.763359868782276305e-03	1.263587842683637974e-03	1.263044558272808900e-03	1.263024036245888196e-03	4.298195528735875175e-14	7.529408777146855414e-01	1.834062124421458032e-05	5.851730627465270831e-08	7.771529830639592931e-06	6.174973699344434713e-02	2.181364428642375642e-11	3.966498737113143151e-10
4.420310550020930823e+05	1.361295608715750460e-07	1.725307307681657855e-03	1.236316331889318436e-03	1.235784772968537238e-03	1.235764693860312178e-03	3.628773173497131836e-14	7.529408777142495568e-01	1.834061699412938579e-05	5.851750236719928621e-08	7.771532153845011188e-06	6.174973699379063263e-02	2.181364449763982481e-11	3.966498734978317169e-10
4.617430266739388462e+05	1.391317873996142888e-07	1.688075868126729176e-03	1.209641964529536984e-03	1.209121874354707627e-03	1.209102228466925376e-03	3.061243439889311331e-14	7.529408777138414388e-01	1.834061321560486154e-05	5.851767836461693076e-08	7.771534229482380621e-06	6.174973699409465333e-02	2.181364467281394724e-11	3.966498733210088329e-10
4.823340357409961871e+05	1.422004405908526738e-07	1.651647830044677533e-03	1.183537790170332941e-03	1.183028923584800683e-03	1.183009701656913401e-03	2.580660748616554232e-14	7.529408777134606323e-01	1.834060986113237630e-05	5.851783602673387087e-08	7.771536081356472927e-06	6.174973699436111380e-02	2.181364481781853091e-11	3.966498731748200142e-10
5.038432820740361349e+05	1.453369738202231445e-07	1.616005859563473136e-03	1.157992263567723034e-03	1.157494380378754333e-03	1.157475573337721090e-03	2.173167130499313743e-14	7.529408777131059161e-01	1.834060688233883729e-05	5.851797722956055747e-08	7.771537734018141671e-06	6.174973699459480186e-02	2.181364493790978192e-11	3.966498730538874494e-10
5.263117136263062712e+05	1.485422401550588354e-07	1.581132993307909733e-03	1.133008457477145811e-03	1.132521316170865579e-03	1.132502914893740052e-03	1.829078551014522532e-14	7.529408777127770680e-01	1.834060424129802921e-05	5.851810344611668053e-08	7.771539206660008249e-06	6.174973699479931882e-02	2.181364503715315729e-11	3.966498729540571926e-10
5.497821043876820477e+05	1.518184252599706340e-07	1.547012634139768644e-03	1.108558687857323557e-03	1.108082058822714745e-03	1.108064054636169905e-03	1.538013401504492580e-14	7.529408777124723118e-01	1.834060190060733862e-05	5.851821617985974794e-08	7.771540518413245206e-06	6.174973699497828677e-02	2.181364511913172554e-11	3.966498728716773448e-10
5.742991358150925953e+05	1.551671035716925318e-07	1.513628542160896841e-03	1.084631670325796569e-03	1.084165328803605218e-03	1.084147713217584750e-03	1.292096364236855976e-14	7.529408777121902041e-01	1.834059982765441480e-05	5.851831676179538958e-08	7.771541686021218878e-06	6.174973699513472414e-02	2.181364518678332525e-11	3.966498728037588372e-10
5.999094818942815764e+05	1.585892278549688463e-07	1.480964826713983490e-03	1.061229514635923408e-03	1.060773234959799761e-03	1.060755999449982008e-03	1.084854641833838500e-14	7.529408777119300789e-01	1.834059799322388184e-05	5.851840639987809225e-08	7.771542724553021479e-06	6.174973699527136484e-02	2.181364524255541582e-11	3.966498727478157852e-10
6.266618979948104825e+05	1.620869833509779273e-07	1.449005943764592472e-03	1.038329292264353505e-03	1.037882858626153638e-03	1.037865995040601142e-03	9.098682892934694346e-15	7.529408777116907148e-01	1.834059637059116585e-05	5.851848621510597344e-08	7.771543647882686768e-06	6.174973699539066524e-02	2.181364528851046227e-11	3.966498727017570245e-10
6.546073136874709744e+05	1.656621347011068004e-07	1.417736685718694887e-03	1.015918673667671329e-03	1.015481875560385414e-03	1.015465375947405702e-03	7.624962588569908263e-15	7.529408777114704465e-01	1.834059493675008627e-05	5.851855717945180183e-08	7.771544467985795252e-06	6.174973699549470008e-02	2.181364532632689805e-11	3.966498726638840432e-10
6.837989297008060385e+05	1.693158152393119501e-07	1.387142170519264570e-03	9.939975960359234610e-04	9.935702229795469794e-04	9.935540793884678132e-04	6.385067652062947654e-15	7.529408777112686080e-01	1.834059367083374248e-05	5.851862018647899584e-08	7.771545195784226921e-06	6.174973699558537754e-02	2.181364535741275906e-11	3.966498726327733150e-10
7.142923192013173830e+05	1.730501280849176128e-07	1.357207837352426361e-03	9.725487190112509827e-04	9.721305679813324087e-04	9.721147727431076174e-04	5.340673532499685068e-15	7.529408777110835338e-01	1.834059255377302067e-05	5.851867606668596961e-08	7.771545841327307717e-06	6.174973699566432828e-02	2.181364538295193786e-11	3.966498726072295641e-10
7.461455335901723010e+05	1.768670714261221431e-07	1.327919438961766996e-03	9.515583974862459838e-04	9.511492713251001744e-04	9.511338169922947281e-04	4.464318418542659373e-15	7.529408777109142248e-01	1.834059156913592212e-05	5.851872554718263984e-08	7.771546413301509592e-06	6.174973699573300945e-02	2.181364540390513686e-11	3.966498725862847306e-10
7.794192130178180523e+05	1.807679799253957216e-07	1.299263034647308614e-03	9.310246562245627763e-04	9.306243586237643783e-04	9.306092377810233802e-04	3.728284137537490175e-15	7.529408777107596817e-01	1.834059070175960839e-05	5.851876932008875981e-08	7.771546919782044865e-06	6.174973699579273251e-02	2.181364542108334204e-11	3.966498725691222839e-10
8.141767018268946558e+05	1.847548526199849268e-07	1.271224988695857875e-03	9.109351386993472331e-04	9.105434786632070386e-04	9.105286840958585950e-04	3.110394026557181555e-15	7.529408777106190165e-01	1.834058993814883547e-05	5.851880801648443354e-08	7.771547367998670085e-06	6.174973699584460074e-02	2.181364543515559066e-11	3.966498725550696227e-10
8.504841691432183143e+05	1.888299441960805961e-07	1.243791958789435166e-03	8.912750997970149110e-04	8.908918926695615255e-04	8.908774174024104752e-04	2.593564526793393874e-15	7.529408777104912298e-01	1.834058926646583681e-05	5.851884219426664120e-08	7.771547764321408438e-06	6.174973699588959947e-02	2.181364544667008049e-11	3.966498725435761549e-10
8.884107348444110248e+05	1.929948124185739255e-07	1.216950888905662465e-03	8.720408919703781254e-04	8.716659546639168041e-04	8.716517917810081423e-04	2.160224088483157622e-15	7.529408777103748784e-01	1.834058867606969663e-05	5.851887235105329633e-08	7.771548114513177332e-06	6.174973699592862381e-02	2.181364545608306628e-11	3.966498725341839326e-10
9.280286011459851870e+05	1.972513288176986305e-07	1.190689004496681006e-03	8.532245859077792994e-04	8.528577387438533589e-04	8.528438814580124221e-04	1.797525887416039359e-15	7.529408777102700734e-01	1.834058815749064757e-05	5.851889892684371021e-08	7.771548423732707264e-06	6.174973699596242316e-02	2.181364546377158083e-11	3.966498725265148826e-10
9.694131900553865125e+05	2.016020310775753148e-07	1.164993806415036111e-03	8.348105230623659471e-04	8.344515930949704310e-04	8.344380348733342100e-04	1.494626990719451737e-15	7.529408777101752603e-01	1.834058770246463978e-05	5.851892230686449015e-08	7.771548696500103160e-06	6.174973699599167754e-02	2.181364547004344195e-11	3.966498725202608285e-10
1.012643286955693504e+06	2.060487248797458616e-07	1.139853064988617269e-03	8.167935974063967155e-04	8.164424138848826520e-04	8.164291482775158345e-04	1.241243113177325106e-15	7.529408777100893291e-01	1.834058730340217675e-05	5.851894285382446816e-08	7.771548936996439927e-06	6.174973699601698368e-02	2.181364547515706280e-11	3.966498725151629144e-10
1.057801190592262428e+06	2.105931264407152847e-07	1.115254817865677728e-03	7.991698082642931331e-04	7.988262021581175962e-04	7.988132227800599132e-04	1.030094435060619948e-15	7.529408777100113914e-01	1.834058695382360211e-05	5.851896088379891849e-08	7.771549148801016219e-06	6.174973699603885507e-02	2.181364547932006249e-11	3.966498725110136730e-10
1.104972869747928809e+06	2.152380839676390517e-07	1.091187359375543403e-03	7.819227567022328821e-04	7.815865660316368389e-04	7.815738667642644537e-04	8.541063224043654657e-16	7.529408777099415584e-01	1.834058664779376617e-05	5.851897669148618097e-08	7.771549335214382313e-06	6.174973699605775662e-02	2.181364548270655931e-11	3.966498725076389829e-10
1.154248126904976554e+06	2.199856773857917850e-07	1.067639235450839382e-03	7.650460742578799218e-04	7.647171397812491198e-04	7.647047146093685892e-04	7.073287129735198060e-16	7.529408777098786087e-01	1.834058638006051917e-05	5.851899053933700554e-08	7.771549499174682050e-06	6.174973699607404221e-02	2.181364548545932591e-11	3.966498725048963105e-10
1.205720769205468707e+06	2.248374385141118528e-07	1.044599238518426803e-03	7.485392277835109087e-04	7.482173904884597323e-04	7.482052334055370275e-04	5.854710687211779124e-16	7.529408777098219874e-01	1.834058614607620897e-05	5.851900265461885523e-08	7.771549643236880201e-06	6.174973699608810040e-02	2.181364548769398988e-11	3.966498725026702124e-10
1.259488787035396555e+06	2.297965574729669824e-07	1.022056403031399189e-03	7.323852279707711689e-04	7.320703361495322845e-04	7.320584414249575169e-04	4.840456824629612399e-16	7.529408777097710281e-01	1.834058594174667472e-05	5.851901324238016889e-08	7.771549769716739434e-06	6.174973699610018796e-02	2.181364548950643308e-11	3.966498725008648390e-10
1.315654540572623489e+06	2.348654180597668433e-07	9.999999999999993703e-04	7.165766189743157230e-04	7.162685241247905999e-04	7.162568861490452776e-04	3.997184265413874219e-16	7.529408777097256200e-01	1.834058576340136690e-05	5.851902248725579208e-08	7.771549880705194460e-06	6.174973699611056854e-02	2.181364549097566417e-11	3.966498724994015565e-10
