T [MeV]	t [s]	a [1]	H [s^-1]	Tnue [MeV]	Tnumu [MeV]	Tnutau [MeV]	Nheating [1]	rho_plasma [MeV^4]	rho_nu_tot [MeV^4]	rho_extra [MeV^4]	rho_tot [MeV^4]
4.000000000000000000e+01	4.616445280495221179e-04	4.200133329459238692e-12	1.083084428862467121e+03	3.999999999997911715e+01	4.000000000005618972e+01	3.999999999989812238e+01	2.441280878862214440e-05	4.620962929815793410e+06	4.421582771678220481e+06	1.303843342369253866e-01	9.042545831878347322e+06
3.913688576913747852e+01	4.822311446602751983e-04	4.292755449337856233e-12	1.036852221401861698e+03	3.913707368795522257e+01	3.913707367315527108e+01	3.913707367319790364e+01	2.665341222586181731e-05	4.234844209434580058e+06	4.052202997957139742e+06	1.221248705031523496e-01	8.287047329516590573e+06
3.829239428540318357e+01	5.037358026594283443e-04	4.387426814311841585e-12	9.925890304558035950e+02	3.829258998961646654e+01	3.829258997374272155e+01	3.829258997381572271e+01	2.793330885736928446e-05	3.880988194944923744e+06	3.713613998383495025e+06	1.143886060025268991e-01	7.594602307717024349e+06
3.746612534502084202e+01	5.261994412652501235e-04	4.484192724569199306e-12	9.502112855615067701e+02	3.746616090086084228e+01	3.746616088388093857e+01	3.746616088388957877e+01	2.918407933155483825e-05	3.556699779446732253e+06	3.403255610293928068e+06	1.071424126949535038e-01	6.959955496883073822e+06
3.665768521499175137e+01	5.496648253431008846e-04	4.583081277052079422e-12	9.096495696576126875e+02	3.665784631187413822e+01	3.665784629362843106e+01	3.665784629370902792e+01	3.048893274126317365e-05	3.259508149479068816e+06	3.118929642229968682e+06	1.003552414682440663e-01	6.378437892064278945e+06
3.586668954875118231e+01	5.741766268185016439e-04	4.684154484491755505e-12	8.708171813638231242e+02	3.586688104475441463e+01	3.586688102519303101e+01	3.586688102522364829e+01	3.185044033974420222e-05	2.987149293691745959e+06	2.858329181157132611e+06	9.399801768058256568e-02	5.845478568846896291e+06
3.509276225630010515e+01	5.997815097207411699e-04	4.787463835735834258e-12	8.336388900745126875e+02	3.509282575713973529e+01	3.509282573611952216e+01	3.509282573618333601e+01	3.327800052030411860e-05	2.737548339742866810e+06	2.619456275678045582e+06	8.804350783599690367e-02	5.357004703464420512e+06
3.433553476771223956e+01	6.265282190189287552e-04	4.893042545314251826e-12	7.980522570704185910e+02	3.433566858549674095e+01	3.433566856295333736e+01	3.433566856300194559e+01	3.476167078605901036e-05	2.508803581677162088e+06	2.400600139294712804e+06	8.246619900186265284e-02	4.909403803438073955e+06
3.359464680611592513e+01	6.544676734196034403e-04	5.000950418124629698e-12	7.639843816873261630e+02	3.359483082034099510e+01	3.359483079609999834e+01	3.359483079614452095e+01	3.631978526721920617e-05	2.299172338901736774e+06	2.200025054609065410e+06	7.724219704597654057e-02	4.499197470752999187e+06
3.286974630950742693e+01	6.836530623025736855e-04	5.111245572716251189e-12	7.313676460604006024e+02	3.286983112266447193e+01	3.286983109661087354e+01	3.286983109664615199e+01	3.794244329808513997e-05	2.107057646150474437e+06	2.016172488411590457e+06	7.234912431719627002e-02	4.123230206911189016e+06
3.216048740841870313e+01	7.141399469795228208e-04	5.223967038299720792e-12	7.001458854055811116e+02	3.216059385602256526e+01	3.216059382802451694e+01	3.216059382804952094e+01	3.963903555048577072e-05	1.930995622229479253e+06	1.847710944378815591e+06	6.776601141534924211e-02	3.778706634374306072e+06
3.146653216001258713e+01	7.459863664681425305e-04	5.339171885312408624e-12	6.702579115292746792e+02	3.146670604032047791e+01	3.146670601017431679e+01	3.146670601019145153e+01	4.141185805019225271e-05	1.769644851670061704e+06	1.693335155793333426e+06	6.347322085348686138e-02	3.462980070936616044e+06
3.078755106856255708e+01	7.792529479831756005e-04	5.456925529380126215e-12	6.416429893472009098e+02	3.078765148396642459e+01	3.078765145149993998e+01	3.078765145152238958e+01	4.325930986724869530e-05	1.621776258051987970e+06	1.551829629351454554e+06	5.945236614321979668e-02	3.173605946855808608e+06
3.012322147756228574e+01	8.140030223547003313e-04	5.577273117404137265e-12	6.142507069470448187e+02	3.012330075665935070e+01	3.012330072165451611e+01	3.012330072167440775e+01	4.519492798670512654e-05	1.486263390390871791e+06	1.422158575214791112e+06	5.568622345748220487e-02	2.908422021291886456e+06
2.947322686283132143e+01	8.503027445933940406e-04	5.700268226028837481e-12	5.880298293921590584e+02	2.947338850063656324e+01	2.947338846270675106e+01	2.947338846274087132e+01	4.720675714912130142e-05	1.362073743010948179e+06	1.303341030725077959e+06	5.215865532486257949e-02	2.665414825894681271e+06
2.883725784020777994e+01	8.882212198322849903e-04	5.825984455312185726e-12	5.629257899634117166e+02	2.883736895006020617e+01	2.883736890890885007e+01	2.883736890891958993e+01	4.932046214886961756e-05	1.248261160348918522e+06	1.194428969179290347e+06	4.885454838959275153e-02	2.442690178382757120e+06
2.821501187718576631e+01	9.278306348847703382e-04	5.954474025989541134e-12	5.388933017050522949e+02	2.821506445387678497e+01	2.821506440925854520e+01	2.821506440927396397e+01	5.152364015496381565e-05	1.143958564637119183e+06	1.094616471598444274e+06	4.575974757515643976e-02	2.238575081995311193e+06
2.760619270199698505e+01	9.692063956693437688e-04	6.085786274949086318e-12	5.158895741341692656e+02	2.760634046193372981e+01	2.760634041361128155e+01	2.760634041362121849e+01	5.382555892952997211e-05	1.048371301999363815e+06	1.003166800646974822e+06	4.286099317399726799e-02	2.051538145507331938e+06
2.701051072900399319e+01	1.012427270762645583e-03	6.220003605119680325e-12	4.938656424750197971e+02	2.701062834822939251e+01	2.701062829593596248e+01	2.701062829594928871e+01	5.623473298867547688e-05	9.607711495782904094e+05	9.193408140789518366e+05	4.014586688623362348e-02	1.880112003803109052e+06
2.642768238111023393e+01	1.057575541354138001e-03	6.357186036845759943e-12	4.727808503887997631e+02	2.642770893017543443e+01	2.642770887370001631e+01	2.642770887371091959e+01	5.874162270527233447e-05	8.804907043015641393e+05	8.425115266563267214e+05	3.760273594339181430e-02	1.723002268560626777e+06
2.585743037727103300e+01	1.104737157887868962e-03	6.497377837690244161e-12	4.525995504717041626e+02	2.585756303790651600e+01	2.585756297693426831e+01	2.585756297694070582e+01	6.137130188912640115e-05	8.069183551761812996e+05	7.721259697952853749e+05	3.522070523245716261e-02	1.579044360192171996e+06
2.529948332226429741e+01	1.154001903689536599e-03	6.640671153079500194e-12	4.332778161461212676e+02	2.529960390586563790e+01	2.529960383991494766e+01	2.529960383992010620e+01	6.410343573160492416e-05	7.394935845713937888e+05	7.076079090920379385e+05	3.298956941085894740e-02	1.447101526653001085e+06
2.475357575081482508e+01	1.205463565890344067e-03	6.787134530375846969e-12	4.147791773498684620e+02	2.475357711920293013e+01	2.475357704781530543e+01	2.475357704781503898e+01	6.697100496222571869e-05	6.777027139221489197e+05	6.484696578949735267e+05	3.089976989924043266e-02	1.326172402716892306e+06
2.421944799568056439e+01	1.259220113973056384e-03	6.936806296875202945e-12	3.970740170132721119e+02	2.421956469128204148e+01	2.421956461412185746e+01	2.421956461412185035e+01	6.996330924213409132e-05	6.210749973945072852e+05	5.942964319550667424e+05	2.894235384700280522e-02	1.215371458291927818e+06
2.369684560400120432e+01	1.315373886280157660e-03	7.089789307587093060e-12	3.801229428538239858e+02	2.369696616999850391e+01	2.369696608671792859e+01	2.369696608671943139e+01	7.308616206375713323e-05	5.691789848955924390e+05	5.446390595770236105e+05	2.710893417080791415e-02	1.113818071581550408e+06
2.318551974579686004e+01	1.374031784839156722e-03	7.246157097872361244e-12	3.638939118631080873e+02	2.318554028726832783e+01	2.318554019748115991e+01	2.318554019748214756e+01	7.635814844459970095e-05	5.216192900635508122e+05	4.991219530907638837e+05	2.539165563428316327e-02	1.020741268545970321e+06
2.268522726663467992e+01	1.435305478875963624e-03	7.405954611534971636e-12	3.483603988579688462e+02	2.268532743857784340e+01	2.268532734202230472e+01	2.268532734202279144e+01	7.975999206558082814e-05	4.780335956555416924e+05	4.574230001807275694e+05	2.378316162072192583e-02	9.354566196194308577e+05
2.219573020758310022e+01	1.499311617403749569e-03	7.569282697261777493e-12	3.334891100417257235e+02	2.219584827713733688e+01	2.219584817363672968e+01	2.219584817363888263e+01	8.330550776308554104e-05	4.380898519581489963e+05	4.192033827892928384e+05	2.227656132008477841e-02	8.572932570240031928e+05
2.171679570052477359e+01	1.566172051292024671e-03	7.736224301596930723e-12	3.192512750055119000e+02	2.171683366897187284e+01	2.171683355673532390e+01	2.171683355673780724e+01	8.702439937413684184e-05	4.014837488966611563e+05	3.841703191010113806e+05	2.086540025840384269e-02	7.856540888630728005e+05
2.124819571659490691e+01	1.636014065238664819e-03	7.906832737563700288e-12	3.056230223886146291e+02	2.124827906707190905e+01	2.124827894566867670e+01	2.124827894567010489e+01	9.091604797960953807e-05	3.679363891775677330e+05	3.520730915424349369e+05	1.954363230564531637e-02	7.200095002636349527e+05
2.078970727095785165e+01	1.708970620086543287e-03	8.081205329237487731e-12	2.925763549225032421e+02	2.078982079482205947e+01	2.078982066380413229e+01	2.078982066380408256e+01	9.498043840858877169e-05	3.371921921717164805e+05	3.226567611019419273e+05	1.830559469733676961e-02	6.598489715792530915e+05
2.034111219504703527e+01	1.785180605946028089e-03	8.259435788366714217e-12	2.800854089470367398e+02	2.034116346237746598e+01	2.034116332128164473e+01	2.034116332128233751e+01	9.921619880662001776e-05	3.090169291611730005e+05	2.956929331702224445e+05	1.714598338576558620e-02	6.047098794773789123e+05
1.990219701957959586e+01	1.864789106605263405e-03	8.441586588742703796e-12	2.681287262799274913e+02	1.990226347122416684e+01	1.990226331676059601e+01	1.990226331676188565e+01	1.035001481556154293e-04	2.831959457062305300e+05	2.709865089318658574e+05	1.605983029077187596e-02	5.541824706979267066e+05
1.947275285259095412e+01	1.947947675731578334e-03	8.627750574649784124e-12	2.566828087283168429e+02	1.947286014573498392e+01	1.947285996821820220e+01	1.947285996821828036e+01	1.080627210249643534e-04	2.595325209144287219e+05	2.483457673420252395e+05	1.504248198382875795e-02	5.078783032989359344e+05
1.905257530634768415e+01	2.034814625389846053e-03	8.818033289966908676e-12	2.457244208343089724e+02	1.905263627818212768e+01	1.905263608398716713e+01	1.905263608398747976e+01	1.130933609890244761e-04	2.378463722592937993e+05	2.275925747718645143e+05	1.408957982050720696e-02	4.654389611207381240e+05
1.864146447500808534e+01	2.125555327427064087e-03	9.012507387393484382e-12	2.352342821661583514e+02	1.864151411999309715e+01	1.864151391282468850e+01	1.864151391282522852e+01	1.181139198388587265e-04	2.179722829904454120e+05	2.085751275482339552e+05	1.319704141871703290e-02	4.265474237357207458e+05
1.823922469832990600e+01	2.220342528296885120e-03	9.211260172462412810e-12	2.251927127445729866e+02	1.823932444930521157e+01	1.823932422352041627e+01	1.823932422352002192e+01	1.232500378607216522e-04	1.997588408394436992e+05	1.911493277770826826e+05	1.236104285535016140e-02	3.909081809775692527e+05
1.784566452391398172e+01	2.319356677923488461e-03	9.414410176873489941e-12	2.155788485038467002e+02	1.784573215512992306e+01	1.784573190724817948e+01	1.784573190724816172e+01	1.287433795056375110e-04	1.830672828531246632e+05	1.751762639113699261e+05	1.157800242503064479e-02	3.582435583424970391e+05
1.746059671676468028e+01	2.422786273230808328e-03	9.622041334805804111e-12	2.063753754751260772e+02	1.746062982186327162e+01	1.746062955180494214e+01	1.746062955180502030e+01	1.344972615551778762e-04	1.677704446583378303e+05	1.605378330200525816e+05	1.084456547778895122e-02	3.283082885229558451e+05
1.708383802156511777e+01	2.530828216991153935e-03	9.834234240970522102e-12	1.975658488776749948e+02	1.708392917995904625e+01	1.708392888697926537e+01	1.708392888697941103e+01	1.404984812762745253e-04	1.537517859165992413e+05	1.471257954513949808e+05	1.015758975146920963e-02	3.008775915255839354e+05
1.671520911528371300e+01	2.643688192676349642e-03	1.005112167025740908e-11	1.891315447968559624e+02	1.671528078036510223e+01	1.671528046214429253e+01	1.671528046214420726e+01	1.466974959314995292e-04	1.409045029686062480e+05	1.348318448373472784e+05	9.514132027650116369e-03	2.757363573200855753e+05
1.635453461934030273e+01	2.761581056025014854e-03	1.027280003202423240e-11	1.810569229422917203e+02	1.635455158073825999e+01	1.635455123430968172e+01	1.635455123430973146e+01	1.532128358017902819e-04	1.291307194248239393e+05	1.235641064735928085e+05	8.911435635663640317e-03	2.526948348098523857e+05
1.600164289058395539e+01	2.884731244071448136e-03	1.049934191999791431e-11	1.733282756634677639e+02	1.600172466735559240e+01	1.600172429025602483e+01	1.600172429025584719e+01	1.599982324073847412e-04	1.183407348007666296e+05	1.132413245910607075e+05	8.346918434278781385e-03	2.315820677387457690e+05
1.565636597050907497e+01	3.013373202414746169e-03	1.073089574750735082e-11	1.659288081223336917e+02	1.565643942892765850e+01	1.565643901839712449e+01	1.565643901839696461e+01	1.670863453662867497e-04	1.084523435390680534e+05	1.037790694768334943e+05	7.818161837455905525e-03	2.122314208340633777e+05
1.531853963901802906e+01	3.147751831541646585e-03	1.096757166265874965e-11	1.588445803052202052e+02	1.531854094024534874e+01	1.531854049341103696e+01	1.531854049341099788e+01	1.744991530019233841e-04	9.939021303064627864e+04	9.510587963269480679e+04	7.322900636059497849e-03	1.944960999862417229e+05
1.498800313844325593e+01	3.288122953052681138e-03	1.120943280301843843e-11	1.520641978300987489e+02	1.498807495317937999e+01	1.498807446705977142e+01	1.498807446705964175e+01	1.821911276915967755e-04	9.108530190265193232e+04	8.716079475331329741e+04	6.859012984345405801e-03	1.782461035149782256e+05
1.466459911085048695e+01	3.434753796679297644e-03	1.145664473848577376e-11	1.455726025908997485e+02	1.466467246631413524e+01	1.466467193719816997e+01	1.466467193719803497e+01	1.902842725128429491e-04	8.347433648884775175e+04	7.987800734584788734e+04	6.424511369239274509e-03	1.633523502592070145e+05
1.434817353257856887e+01	3.587923509019048073e-03	1.170932632911877344e-11	1.393575227724379033e+02	1.434818413594452657e+01	1.434818356139381379e+01	1.434818356139347628e+01	1.987353240261468027e-04	7.649932939812370751e+04	7.320243265986959159e+04	6.017534110772449103e-03	1.497017680755274196e+05
1.403857582014962091e+01	3.747923684957357119e-03	1.196754960698013048e-11	1.334088203419362060e+02	1.403863727255660443e+01	1.403863664669015066e+01	1.403863664668983979e+01	2.074451314525486382e-04	7.010714073501749954e+04	6.708687376671454695e+04	5.636337617713308400e-03	1.371940201380696672e+05
1.373565875571662254e+01	3.915058922787580629e-03	1.223147887287014165e-11	1.277137002997054225e+02	1.373573041047923660e+01	1.373572972973995832e+01	1.373572972973954442e+01	2.166164713158153291e-04	6.424907389618591696e+04	6.148154467137844767e+04	5.279288893215478180e-03	1.257306238468532538e+05
1.343927818772257510e+01	4.089647404086091051e-03	1.250124755184396499e-11	1.222611670792845047e+02	1.343929939701864384e+01	1.343929865697829484e+01	1.343929865697765180e+01	2.261457293599165896e-04	5.888049847573380248e+04	5.634355519556159561e+04	4.944858245721671201e-03	1.152240586161536485e+05
1.314929308126691154e+01	4.272021499446429504e-03	1.277694093770444328e-11	1.170421015713115054e+02	1.314934391819707749e+01	1.314934311316809534e+01	1.314934311316723736e+01	2.361198406753686405e-04	5.396051358016704762e+04	5.163617461579824158e+04	4.631612904265446605e-03	1.055966928275781829e+05
1.286556544413693004e+01	4.462528401225548773e-03	1.305871785273348083e-11	1.120457387096438993e+02	1.286563405427909323e+01	1.286563317902309045e+01	1.286563317902195180e+01	2.464682370676531185e-04	4.945163538996686839e+04	4.732193476820491924e+04	4.338210843308469393e-03	9.677357449638262915e+04
1.258796024703128680e+01	4.661530784506851509e-03	1.334672901036522077e-11	1.072621952033514532e+02	1.258798941921176251e+01	1.258798846642985581e+01	1.258798846642823399e+01	2.572915476166646206e-04	4.531951236791884003e+04	4.336737977634250274e+04	4.063395029199438034e-03	8.868689620765636209e+04
1.231634538494520825e+01	4.869407497538249391e-03	1.364107448614175603e-11	1.026832734335821442e+02	1.231638546776477838e+01	1.231638443037880570e+01	1.231638443037664032e+01	2.685337531947767833e-04	4.153266387088896590e+04	3.974392796593299136e+04	3.805988067520953404e-03	8.127659564281001803e+04
1.205059160733489065e+01	5.086554282959673129e-03	1.394190606780610076e-11	9.829993453134910908e+01	1.205065603442899658e+01	1.205065490393591254e+01	1.205065490393292471e+01	2.802680686300561947e-04	3.806223908447094436e+04	3.642339697085950320e+04	3.564887157016580817e-03	7.448563962021761108e+04
1.179057245537679499e+01	5.313384531193096443e-03	1.424939343583914098e-11	9.410330057211245958e+01	1.179060726040233575e+01	1.179060602778367084e+01	1.179060602777958522e+01	2.924983273714733853e-04	3.488179816947755171e+04	3.337969521252938284e+04	3.339059359846081008e-03	6.826149672106630169e+04
1.153616419989300290e+01	5.550330067429240163e-03	1.456365299974051223e-11	9.008600662203481590e+01	1.153619346841756155e+01	1.153619212475410372e+01	1.153619212474861655e+01	3.052057478506320235e-04	3.196711081479092172e+04	3.059058500472775631e+04	3.127537169214655421e-03	6.255769894705584011e+04
1.128724577204466861e+01	5.797841973709311723e-03	1.488482786060126433e-11	8.624047823818821712e+01	1.128730504951560398e+01	1.128730358329070427e+01	1.128730358328323646e+01	3.185301915153390976e-04	2.929597102314891526e+04	2.803487946695645223e+04	2.929414361191091769e-03	5.733085341951972805e+04
1.104369871362488453e+01	6.056391447666644584e-03	1.521310856209985054e-11	8.255874465802079953e+01	1.104373709859171626e+01	1.104373550090522649e+01	1.104373550089522205e+01	3.323579496766171609e-04	2.684802811777808893e+04	2.569223374641613191e+04	2.743842120456104969e-03	5.254026460803634836e+04
1.080540711885277894e+01	6.326470699563208414e-03	1.554862961394064079e-11	7.903419243032608676e+01	1.080542557790950653e+01	1.080542383614438684e+01	1.080542383613089896e+01	3.468444541961673453e-04	2.460463203185723614e+04	2.354534798243734986e+04	2.570025396365365963e-03	4.814998258431998693e+04
1.057225757492571461e+01	6.608593889328600625e-03	1.589152361233220006e-11	7.566048788332955155e+01	1.057231089368895383e+01	1.057230899774719468e+01	1.057230899772910959e+01	3.619315633729727993e-04	2.254869108717875861e+04	2.157830310055116570e+04	2.407219499460713178e-03	4.412699659494942898e+04
1.034413914834311221e+01	6.903298105385453388e-03	1.624200391646108512e-11	7.243047914435992141e+01	1.034417931197291018e+01	1.034417725020736434e+01	1.034417725018321121e+01	3.776696198291338387e-04	2.066454196291451080e+04	1.977523823635421650e+04	2.254726954134028596e-03	4.043978245399568550e+04
1.012094329575253759e+01	7.211144387124686535e-03	1.660022497988390473e-11	6.933823158107422557e+01	1.012095101656077745e+01	1.012094877650950409e+01	1.012094877647725077e+01	3.941120639560522702e-04	1.893783008366035210e+04	1.812269700900205862e+04	2.111894441741530085e-03	3.706052920455684944e+04
9.902563801654263642e+00	7.532718792977042416e-03	1.696630683676047309e-11	6.637846159846039029e+01	9.902610493826479399e+00	9.902608064311166913e+00	9.902608064268322963e+00	4.112011040536258321e-04	1.735540019258259417e+04	1.660872513659820106e+04	1.978110014549895514e-03	3.396412730729080795e+04
9.688896725847339297e+00	7.868633516114402829e-03	1.734048803446230465e-11	6.354475458352045081e+01	9.688937094270853478e+00	9.688934459618632644e+00	9.688934459560105239e+00	4.288903087548755840e-04	1.590519616002565272e+04	1.522095928071790331e+04	1.852800487789824958e-03	3.112615729354404175e+04
9.479840380377074993e+00	8.219528049904679598e-03	1.772294510802651650e-11	6.083178730049503002e+01	9.479837458303176589e+00	9.479834598911896393e+00	9.479834598831198278e+00	4.470245678067413710e-04	1.457616934233424763e+04	1.394893365423180694e+04	1.735428991488871487e-03	2.852510473199504850e+04
9.275295316773402021e+00	8.586070405339176620e-03	1.811378321367474533e-11	5.823516392267695352e+01	9.275334766738497549e+00	9.275331659225830805e+00	9.275331659118347005e+00	4.661485366121188314e-04	1.335819457553835673e+04	1.278367670146245655e+04	1.625492687360255819e-03	2.614187290249350190e+04
9.075164195130653866e+00	8.968958382749988786e-03	1.851326833904680451e-11	5.574913481391484282e+01	9.075203286527887769e+00	9.075199910421595462e+00	9.075199910279550863e+00	4.860078380669990961e-04	1.224199248103114769e+04	1.171555350132975582e+04	1.522520576487214382e-03	2.395754750488148056e+04
8.879351771815748862e+00	9.368920900238471641e-03	1.892159244504430699e-11	5.336900108018967614e+01	8.879350661785014864e+00	8.879346994430774132e+00	8.879346994242963476e+00	5.066307055234297099e-04	1.121905902272884487e+04	1.073648558568898807e+04	1.426071491950767775e-03	2.195554603448932539e+04
8.687764853615208338e+00	9.786719381343809976e-03	1.933886998558270557e-11	5.109089560584205714e+01	8.687796458692210066e+00	8.687792475264378922e+00	8.687792475016694382e+00	5.281963476868683192e-04	1.028160076803968514e+04	9.839563055328046175e+03	1.335732209135731150e-03	2.012116515909993905e+04
8.500312279182518083e+00	1.022314920459330319e-02	1.976537049022162303e-11	4.890988658988219839e+01	8.500348732662727613e+00	8.500344410123718220e+00	8.500344409799637901e+00	5.504967453342560473e-04	9.422475558509700932e+03	9.017459041559788602e+03	1.251115695696918386e-03	1.843993585118518604e+04
8.316904860571359137e+00	1.067904121769414592e-02	2.020130767547502619e-11	4.682177885990732591e+01	8.316908558933784334e+00	8.316903867576680653e+00	8.316903867152312557e+00	5.737432700059963333e-04	8.635138049987492195e+03	8.263896080603502924e+03	1.171859438717736323e-03	1.689903530245043657e+04
8.137455320586573393e+00	1.115526331924912400e-02	2.064681702077587110e-11	4.482309509612025522e+01	8.137478513047815554e+00	8.137473425411929639e+00	8.137473424858917781e+00	5.978239051598523840e-04	7.913589777895913357e+03	7.573497550254362977e+03	1.097623891187032418e-03	1.548708842577416726e+04
7.961878249533902441e+00	1.165272211100748696e-02	2.110215982926225704e-11	4.290968246688458265e+01	7.961910775354552605e+00	7.961905257515202727e+00	7.961905256794000962e+00	6.227548874199586920e-04	7.252333399640882817e+03	6.940747046249896812e+03	1.028090996001697517e-03	1.419308147398177607e+04
7.790090081889085916e+00	1.217236462379651073e-02	2.156757752092598630e-11	4.107777108843409053e+01	7.790096451564865632e+00	7.790090468738284812e+00	7.790090467798941987e+00	6.486249289261986463e-04	6.646330959046682437e+03	6.360748789029490581e+03	9.629628424972327180e-04	1.300708071103901420e+04
7.622009100749081334e+00	1.271518012041928866e-02	2.204322902964301427e-11	3.932423635485830715e+01	7.622023255306681122e+00	7.622016772222846015e+00	7.622016771004030744e+00	6.753669675172992940e-04	6.090965620111870521e+03	5.829319870972687568e+03	9.019604077009898751e-04	1.192028639304496573e+04
7.457555326036908738e+00	1.328220197895122259e-02	2.252936508519085035e-11	3.764558752808770237e+01	7.457582626949884386e+00	7.457575598632801395e+00	7.457575597047027216e+00	7.032510024478480287e-04	5.582006207631716279e+03	5.342308924743951138e+03	8.448223372418811866e-04	1.092431597719800629e+04
7.296650494010699539e+00	1.387450966002032847e-02	2.302625736176289581e-11	3.603843940563793780e+01	7.296657451801126903e+00	7.296649841450572715e+00	7.296649839404870441e+00	7.319635829055035677e-04	5.115575078644418682e+03	4.895898657177456698e+03	7.913038308895435115e-04	1.001147452712570703e+04
7.139218027976874659e+00	1.449323076181661084e-02	2.353409079564155748e-11	3.449998532861548739e+01	7.139222415466972116e+00	7.139214170298775031e+00	7.139214167652035314e+00	7.619889148062257899e-04	4.688118608496843081e+03	4.486835063170830836e+03	7.411755937554857007e-04	9.174954412843268074e+03
6.985183018531664345e+00	1.513954316674277593e-02	2.405310308489330543e-11	3.302729637508659266e+01	6.985203766798103509e+00	6.985194844225717681e+00	6.985194840827289475e+00	7.929947381269645970e-04	4.296380130574112627e+03	4.111995517643852509e+03	6.942228626324123148e-04	8.408376342440828012e+03
6.834472179809392145e+00	1.581467728379277321e-02	2.458359905383653056e-11	3.161733439182833294e+01	6.834477657466278444e+00	6.834468005024640469e+00	6.834468000670440802e+00	8.251370816228641592e-04	3.937375108857677787e+03	3.768404124660836715e+03	6.502444825193229088e-04	7.705779883762997088e+03
6.687013795887899015e+00	1.651991839092727121e-02	2.512579219305788567e-11	3.026758067685412357e+01	6.687007603455615623e+00	6.686997166379887503e+00	6.686997160812603980e+00	8.583904121371336649e-04	3.608368381095483983e+03	3.453530167688039455e+03	6.090520352210878827e-04	7.061899157835558981e+03
6.542737691774392239e+00	1.725660908190511725e-02	2.567990446354032322e-11	2.897558180558146290e+01	6.542750492975430099e+00	6.542739219108443471e+00	6.542739212027051998e+00	8.924799543941705233e-04	3.306853310707766468e+03	3.165025644806918535e+03	5.704690377348388972e-04	6.471879525983722488e+03
6.401575195879141589e+00	1.802615182222913268e-02	2.624627711754878478e-11	2.773861246096977951e+01	6.401577099481865041e+00	6.401564920125871971e+00	6.401564911115161571e+00	9.279302345934457852e-04	3.030532679568780168e+03	2.900571073529708883e+03	5.343301901423141813e-04	5.931104287428678617e+03
6.263459159247243058e+00	1.883001161907188817e-02	2.682515508309708195e-11	2.655441390774052834e+01	6.263441373738094065e+00	6.263428230602101188e+00	6.263428219212671344e+00	9.643464134736952093e-04	2.777301307477517184e+03	2.658198630023733131e+03	5.004806656648670650e-04	5.435500437981915638e+03
6.128323872409696449e+00	1.966971881026439301e-02	2.741674152035826573e-11	2.542093521968438452e+01	6.128327135796294733e+00	6.128312953283233888e+00	6.128312938885895456e+00	1.002178762602329212e-03	2.545229905708175011e+03	2.436143539443414284e+03	4.687754410725754870e-04	4.981373913927030117e+03
5.996105023636481235e+00	2.054687197765727585e-02	2.802141756027006422e-11	2.433573378407729138e+01	5.996101121103280640e+00	5.996085831401840593e+00	5.996085813295727540e+00	1.041383421198228965e-03	2.332550346183318197e+03	2.232598521190710017e+03	4.390786790035316502e-04	4.565149306452706696e+03
5.866739690474405577e+00	2.146314099040050674e-02	2.863946292257168540e-11	2.329678450559222824e+01	5.866709030943973779e+00	5.866692558675211444e+00	5.866692535983912826e+00	1.081303087704793987e-03	2.137642253995767533e+03	2.046033484636220237e+03	4.112631458010271583e-04	4.183676149895133676e+03
5.740166325261724545e+00	2.242027018393557072e-02	2.927105872466314599e-11	2.230237664844837653e+01	5.740158264087318329e+00	5.740140526606485771e+00	5.740140498215946963e+00	1.122747990001727843e-03	1.959020672267914733e+03	1.875122647444958830e+03	3.852096696735807669e-04	3.834143704922543293e+03
5.616324709854544572e+00	2.342008168075171426e-02	2.991662952757687163e-11	2.135032209016728189e+01	5.616312584282112219e+00	5.616293506160543458e+00	5.616293470840776791e+00	1.165106895010351159e-03	1.795324721511801044e+03	1.718458073602434524e+03	3.608066324053604747e-04	3.513783155920867557e+03
5.495155917142469093e+00	2.446447885922846052e-02	3.057648565115847757e-11	2.043882115838940194e+01	5.495114790166920393e+00	5.495094274368432785e+00	5.495094230436998295e+00	1.208851952671217240e-03	1.645307227134534742e+03	1.574854884769727505e+03	3.379494825814286884e-04	3.220162449853744420e+03
5.376602297087160309e+00	2.555544997716789613e-02	3.125080482859790330e-11	1.956640662790222152e+01	5.376580813700818418e+00	5.376558778676803207e+00	5.376558724354369545e+00	1.253777630731136563e-03	1.507825228039380590e+03	1.443303795167855469e+03	3.165402905415897849e-04	2.951129339747526501e+03
5.260607420960348612e+00	2.669507195691503063e-02	3.194003697696774106e-11	1.873116255210104697e+01	5.260584330897703609e+00	5.260560674665517134e+00	5.260560607622145390e+00	1.300098386073163421e-03	1.381831249794532141e+03	1.322721847682240195e+03	2.964873323245549282e-04	2.704553393964104998e+03
5.147116118361154236e+00	2.788551433927230830e-02	3.264452066533176711e-11	1.793149600541838495e+01	5.147067855234929823e+00	5.147042480477500348e+00	5.147042398058059298e+00	1.347673540967028521e-03	1.266365379712960475e+03	1.212192660653151279e+03	2.777046985036584338e-04	2.478558318070809946e+03
5.036074409418026754e+00	2.912904341373513326e-02	3.336446618243718626e-11	1.716608886817433799e+01	5.036037017142230177e+00	5.036009829390599712e+00	5.036009728547399256e+00	1.396312975541905751e-03	1.160547910790609649e+03	1.110931254091735809e+03	2.601119167683789749e-04	2.271479424994262445e+03
4.927429450323525195e+00	3.042802653291164922e-02	3.410031316385717391e-11	1.643332371992584129e+01	4.927392322403744807e+00	4.927363206367897597e+00	4.927363083111010233e+00	1.446201539061250972e-03	1.063572615707196292e+03	1.018121259702544194e+03	2.436336113772206763e-04	2.081694119043351748e+03
4.821129536319460840e+00	3.178493661934005121e-02	3.485244360766019950e-11	1.573177056404911234e+01	4.821070394750266885e+00	4.821039260927960868e+00	4.821039111315784886e+00	1.497178764726160051e-03	9.747006339675336903e+02	9.330484346776452185e+02	2.281991807542435786e-04	1.907749296844359606e+03
4.717124081276547365e+00	3.320235687328322582e-02	3.562110393036474973e-11	1.506024560186498817e+01	4.717067780388374487e+00	4.717034496715499792e+00	4.717034315034734249e+00	1.549575862440962914e-03	8.932548487466877987e+02	8.551022852212468024e+02	2.137424946090089970e-04	1.748357347710429394e+03
4.615363580011035971e+00	3.468298569046344287e-02	3.640672067862777645e-11	1.441738544741664718e+01	4.615308866953269806e+00	4.615273338906225931e+00	4.615273119676502667e+00	1.602928256623844128e-03	8.186147133215166605e+02	7.836676742045929132e+02	2.002016129653313005e-04	1.602282587727722557e+03
4.515799646394748734e+00	3.622964179909862054e-02	3.720972272424397051e-11	1.380190701254038288e+01	4.515725327210679652e+00	4.515687432905600041e+00	4.515687169015497382e+00	1.657481705661902104e-03	7.502115696754871124e+02	7.181879476014345300e+02	1.875185261777508820e-04	1.468399704795447860e+03
4.418384926020937797e+00	3.784526962602034750e-02	3.803039575007283790e-11	1.321274927834971891e+01	4.418306170945015765e+00	4.418265795910205185e+00	4.418265479406100482e+00	1.713139017538425814e-03	6.875242653359513270e+02	6.581886658397302199e+02	1.756388955461066605e-04	1.345713106814577259e+03
4.323073072961257424e+00	3.953294490208876522e-02	3.886914979109551472e-11	1.264876352076154298e+01	4.322996602797905652e+00	4.322953641033807415e+00	4.322953263265487678e+00	1.769794079904045284e-03	6.300751829156097301e+02	6.032062199999563745e+02	1.645118245131616007e-04	1.233281567427390655e+03
4.229818736811454372e+00	4.129588051757603767e-02	3.972646521797972352e-11	1.210879944975062372e+01	4.229724406456369934e+00	4.229678727948220640e+00	4.229678277918397455e+00	1.827626021663917135e-03	5.774266132168889953e+02	5.528069703838467603e+02	1.540896428120414106e-04	1.130233737690378575e+03
4.138577559393242566e+00	4.313743263866520739e-02	4.060267101157219020e-11	1.159190659187811967e+01	4.138472099049097075e+00	4.138423608002378629e+00	4.138423074945078994e+00	1.886282802121932219e-03	5.291774274350980249e+02	5.066222694931713022e+02	1.443276964199940223e-04	1.035799841255965930e+03
4.049306137465490174e+00	4.506110709670863024e-02	4.149815774779526970e-11	1.109711766795065202e+01	4.049203000517922924e+00	4.049151568518415623e+00	4.049150938344189932e+00	1.946039475548167136e-03	4.849600129858692412e+02	4.643026835937174610e+02	1.351841597841587218e-04	9.492628317637464761e+02
3.961961995566011030e+00	4.707056606240982849e-02	4.241346213230198181e-11	1.062340304005327951e+01	3.961842121155254581e+00	3.961787650962254048e+00	3.961786909651197952e+00	2.006582419391592879e-03	4.444374692198986736e+02	4.255106388539002182e+02	1.266198576882171490e-04	8.699482346936566728e+02
3.876503588156833935e+00	4.916963501763419592e-02	4.334896036015097964e-11	1.016991129333806931e+01	3.876366268073060173e+00	3.876308653109248770e+00	3.876307784207622564e+00	2.067987915823036194e-03	4.073010532770849750e+02	3.899596517495976400e+02	1.185980963604434200e-04	7.972608236247790501e+02
3.792890268670552789e+00	5.136231003812118806e-02	4.430502002012560901e-11	9.735829339416678607e+00	3.792754742791244915e+00	3.792693880614334212e+00	3.792692865616047015e+00	2.130198752703369065e-03	3.732678205678864174e+02	3.573864604643993630e+02	1.110845066154491587e-04	7.306543921167924509e+02
3.711082248535137573e+00	5.365276540096257374e-02	4.528223875387970892e-11	9.320235703890402235e+00	3.710930384070626697e+00	3.710866197132500321e+00	3.710865017494060503e+00	2.193020850771029533e-03	3.420784603493167992e+02	3.275282819892534008e+02	1.040468969023496847e-04	6.696068463854671791e+02
3.631040613119418392e+00	5.604536153132937820e-02	4.628104410054993860e-11	8.922368606143361802e+00	3.630865302091378588e+00	3.630797693353945643e+00	3.630796326125395712e+00	2.256670970783657571e-03	3.134953367049576514e+02	3.001625887378364723e+02	9.745511466475975085e-05	6.136580228979087224e+02
3.552727301690085326e+00	5.854465330357530584e-02	4.730177718987131478e-11	8.541545315697987917e+00	3.552552663270073907e+00	3.552481583296609902e+00	3.552480007374568149e+00	2.320770915109040405e-03	2.873006737244784858e+02	2.750910519771533700e+02	9.128091769978152975e-05	5.623918169825495852e+02
3.476105049770179534e+00	6.115539871252093779e-02	4.834510150805676432e-11	8.176941324342090311e+00	3.475913654675702791e+00	3.475839035670579058e+00	3.475837225317673695e+00	2.385500187797487664e-03	2.632948846265070415e+02	2.521091156859253886e+02	8.549785413436558276e-05	5.154040858102865741e+02
3.401137411422554990e+00	6.388256793142549350e-02	4.941150002627578680e-11	7.827876596365311634e+00	3.400916891792427066e+00	3.400838700137795989e+00	3.400836630356649071e+00	2.450619083739631349e-03	2.412950647473302013e+02	2.310441048677450908e+02	8.008114720358186500e-05	4.723392496962225096e+02
3.327788744992072445e+00	6.673135277389105613e-02	5.050128411554290608e-11	7.493777280555505627e+00	3.327567021953535598e+00	3.327485241805574034e+00	3.327482886688705843e+00	2.516092142234245370e-03	2.211335962219313558e+02	2.117464646279127862e+02	7.500758812979159418e-05	4.328801358574322649e+02
3.256024139280307317e+00	6.970717657771104137e-02	5.161518894629069768e-11	7.173906921963430605e+00	3.255784518826852381e+00	3.255699136092087276e+00	3.255696466433873226e+00	2.581911266097559454e-03	2.026568570301595287e+02	1.940571115971423524e+02	7.025543893757697008e-05	3.967140388827407946e+02
3.185809455222210040e+00	7.281570452948050998e-02	5.275375081497416539e-11	6.867661582194772407e+00	3.185536484814623925e+00	3.185447538462601980e+00	3.185444530334008206e+00	2.647826526428461412e-03	1.857240675004589434e+02	1.778423730080514815e+02	6.580433853615964487e-05	3.635665063128489578e+02
3.117111323059569727e+00	7.606285444962315734e-02	5.391726881799719461e-11	6.574550392568920820e+00	3.116833134811486605e+00	3.116740646033445916e+00	3.116737267510442777e+00	2.714025140044032478e-03	1.702062181321918217e+02	1.629885174104090879e+02	6.163521595137954256e-05	3.331947971778168949e+02
3.049897046536671485e+00	7.945480805836586946e-02	5.510653396975041227e-11	6.293925418381965287e+00	3.049599177142378714e+00	3.049503231855417607e+00	3.049499460517443694e+00	2.780160586523238667e-03	1.559850682684091510e+02	1.493728574581610360e+02	5.773020877815697834e-05	3.053579834567789817e+02
2.984134653474295185e+00	8.299802274411013925e-02	5.632212592279318968e-11	6.025252971067413199e+00	2.983801985047346950e+00	2.983702667881456438e+00	2.983698477222723966e+00	2.846308826213844387e-03	1.429522619042221834e+02	1.368921128738535060e+02	5.407258575795339948e-05	2.798444288506614726e+02
2.919792885922874781e+00	8.669924385660261745e-02	5.756439184203464481e-11	5.768095478342902815e+00	2.919447473354514599e+00	2.919344909786087516e+00	2.919340278631426422e+00	2.912309547869947404e-03	1.310085020230938255e+02	1.254581424611932050e+02	5.064667524755447502e-05	2.564666951309622505e+02
2.856841116807990577e+00	9.056551754830897971e-02	5.883412128908097325e-11	5.521900408626503776e+00	2.856473300052670528e+00	2.856367636921400166e+00	2.856362547322143897e+00	2.978052123040850641e-03	1.200627800084376560e+02	1.149779599923912343e+02	4.743779874987555389e-05	2.350407874386276319e+02
2.795249395207490828e+00	9.460420418843626389e-02	6.013196065025082571e-11	5.286191074726350969e+00	2.794844594334837229e+00	2.794735996045329962e+00	2.794730431333764198e+00	3.043520872384709690e-03	1.100316955850024954e+02	1.053712901858613407e+02	4.443220819638031278e-05	2.154030302030720350e+02
2.734988456693647763e+00	9.882299237514204082e-02	6.145830802864813969e-11	5.060577375866915695e+00	2.734563443522668003e+00	2.734452108141446569e+00	2.734446060731291261e+00	3.108482469328005364e-03	1.008388233392029321e+02	9.656980999887623796e+01	4.161702584123819145e-05	1.974086749551049991e+02
2.676029625248669053e+00	1.032299135726054279e-01	6.281395158266266338e-11	4.844587603252899832e+00	2.675578573649449954e+00	2.675464708135337766e+00	2.675458171471981395e+00	3.172965873822199741e-03	9.241411673193927356e+01	8.850298750015033988e+01	3.898018944028659418e-05	1.809171432122790577e+02
2.618344849606832003e+00	1.078333574008239065e-01	6.419960970436301538e-11	4.637797357297137602e+00	2.617853976911435065e+00	2.617737808116957776e+00	2.617730785094630974e+00	3.236735883114354780e-03	8.469338439154745402e+01	8.110852827454634451e+01	3.651040079290900759e-05	1.658019491764946167e+02
2.561906712875016368e+00	1.126420876072457139e-01	6.561573479882733768e-11	4.439858207809655788e+00	2.561387994686766589e+00	2.561269759999531104e+00	2.561262258337839270e+00	3.299720571514652787e-03	7.761780170575231352e+01	7.433342055764245515e+01	3.419707725232928744e-05	1.519512564604719955e+02
2.506688355367352461e+00	1.176652587506420294e-01	6.706311475610577765e-11	4.250367979197558377e+00	2.506139399170574045e+00	2.506019341676087642e+00	2.506011376433714855e+00	3.361768368323257965e-03	7.113345525120824675e+01	6.812419298188027028e+01	3.203030678956160629e-05	1.392576802633952866e+02
2.452663500108702710e+00	1.229124336289819097e-01	6.854254401489929186e-11	4.068948403321124729e+00	2.452071052841170218e+00	2.451949413383855969e+00	2.451941006693330927e+00	3.422732216530647957e-03	6.519093767947748574e+01	6.243247622980958056e+01	3.000080541502639082e-05	1.276234439100924760e+02
2.399806480858937885e+00	1.283936014844861973e-01	7.005453101042719783e-11	3.895289361333960532e+00	2.399178594728318181e+00	2.399055612446931551e+00	2.399046792854802934e+00	3.482473005512776686e-03	5.974497448772648056e+01	5.721720151685132549e+01	2.809987747681871761e-05	1.169622041044552816e+02
2.348092150746627027e+00	1.341191970205201922e-01	7.159986552016909980e-11	3.729047520861136888e+00	2.347429334146781343e+00	2.347305232892928029e+00	2.347296035432359318e+00	3.540835717906774815e-03	5.475407052089053650e+01	5.243779351906910335e+01	2.631937808024297908e-05	1.071918903593377195e+02
2.297495896809799820e+00	1.401001202665276002e-01	7.317942160729705306e-11	3.569885385266943434e+00	2.296784996247446475e+00	2.296659984466681070e+00	2.296650449915682568e+00	3.597641287098304278e-03	5.018019755611252464e+01	4.805667571106869218e+01	2.465167874248247757e-05	9.823689791885995248e+01
2.247993672294381184e+00	1.463477573288215483e-01	7.479376504384796845e-11	3.417528940844987151e+00	2.247240180722784864e+00	2.247114444136993239e+00	2.247104617799914106e+00	3.652752103671636809e-03	4.598850813590077280e+01	4.404214171656070675e+01	2.308963433495217875e-05	9.003067294209581917e+01
2.199561925511906324e+00	1.528740020667398725e-01	7.644369254412125045e-11	3.271682613528971828e+00	2.198768025611295585e+00	2.198641724646169138e+00	2.198631655538015650e+00	3.706004593084278893e-03	4.214706459570437858e+01	4.036326322221053431e+01	2.162655105905133209e-05	8.251034944446597308e+01
2.152177602020029834e+00	1.596912787354275998e-01	7.813016281426842246e-11	3.132047266884105508e+00	2.151330689315182454e+00	2.151203952471690606e+00	2.151193693074670232e+00	3.757206218455615924e-03	3.862659730910776545e+01	3.699095110068299874e+01	2.025615949776756014e-05	7.561756866595027304e+01
2.105818190162031645e+00	1.668125656383549760e-01	7.985380132657663577e-11	2.998380586458319730e+00	2.104921726111455449e+00	2.104794655788110536e+00	2.104784257238413225e+00	3.806309102956089742e-03	3.540028585507876357e+01	3.390071231962268428e+01	1.897258751790706363e-05	6.930101714728895956e+01
2.060461640768943781e+00	1.742514198345960219e-01	8.161541758493789673e-11	2.870427033899765945e+00	2.059518646065394254e+00	2.059391303771304305e+00	2.059380821668246320e+00	3.852981171283256356e-03	3.244354928528125015e+01	3.106891972165324489e+01	1.777033499173686902e-05	6.351248677726948699e+01
2.016086354987253859e+00	1.820220029479071577e-01	8.341605681091098369e-11	2.747923056601762060e+00	2.015085255834924371e+00	2.014957682115921855e+00	2.014947165689011666e+00	3.897304488067594892e-03	2.973385895779241039e+01	2.847312630008752166e+01	1.664425037081233106e-05	5.820700190213030822e+01
1.972671242371054401e+00	1.901391081267385097e-01	8.525640264805445910e-11	2.630653133888380957e+00	1.971613317882715988e+00	1.971485512865005063e+00	1.971475013014817090e+00	3.938994265404123507e-03	2.725057148222776604e+01	2.609435769274827521e+01	1.558950831253158863e-05	5.334494476448436018e+01
1.930195652340090717e+00	1.986181882065002069e-01	8.713728759044763469e-11	2.518397608188203129e+00	1.929085188902835313e+00	1.928957132268558583e+00	1.928946694111258742e+00	3.978038295222714911e-03	2.497476762242701298e+01	2.391461590197208054e+01	1.460158921793268264e-05	4.888939812598831480e+01
1.888639354857558850e+00	2.074753851277014172e-01	8.905984497785806325e-11	2.410922531851154016e+00	1.887464900234890219e+00	1.887336547911694806e+00	1.887326212553946059e+00	4.014364486326591278e-03	2.288910775030343814e+01	2.191651039549449109e+01	1.367626011926643728e-05	4.480563182205804651e+01
1.847982604836193588e+00	2.167275606659632703e-01	9.102481208739000169e-11	2.308038631572568722e+00	1.846744536203507092e+00	1.846615814825987023e+00	1.846605619985820068e+00	4.047762279029535476e-03	2.097770379414789943e+01	2.008543152053728775e+01	1.280955668766273577e-05	4.106314812424187011e+01
1.808206067383954840e+00	2.263923285324098422e-01	9.303305778249947080e-11	2.209554971280673463e+00	1.806908996348967511e+00	1.806779833783829670e+00	1.806769809557037254e+00	4.078432358164793721e-03	1.922599439647524378e+01	1.840758938800411926e+01	1.199776501126701354e-05	3.763359578224437740e+01
1.769290784680614959e+00	2.364880879055446805e-01	9.508580511281646881e-11	2.115264627346824522e+00	1.767923233992259924e+00	1.767793525834832069e+00	1.767783699455736324e+00	4.105976476218173299e-03	1.762063324005163167e+01	1.686953927690925070e+01	1.123740615331304808e-05	3.449018375436703820e+01
1.731218259338851428e+00	2.470340584584527488e-01	9.718384463980825787e-11	2.025002637205816303e+00	1.729780730619613571e+00	1.729650385328500795e+00	1.729640776465096286e+00	4.130709066338763245e-03	1.614939169948894460e+01	1.546007261930179055e+01	1.052522150468176212e-05	3.160947484401224017e+01
1.693970379521545500e+00	2.580503169480085068e-01	9.932810244883074407e-11	1.938600606201499765e+00	1.692466597378318394e+00	1.692335507274300932e+00	1.692326131719498639e+00	4.152415300770173102e-03	1.480106225047683743e+01	1.416854683686785421e+01	9.858158993091761322e-06	2.896961894550368655e+01
1.657529391083665926e+00	2.695578354357443529e-01	1.015198880231148792e-10	1.855877578348582135e+00	1.655948488095220883e+00	1.655816547799678462e+00	1.655807416070546711e+00	4.171145540215039603e-03	1.356537292902088687e+01	1.298463120633733325e+01	9.233360231860955443e-06	2.655001336871845297e+01
1.621877978244751883e+00	2.815785212131459159e-01	1.037600343161862534e-10	1.776689250944868625e+00	1.620220692455558442e+00	1.620087813924480535e+00	1.620078931562078495e+00	4.187011554374026751e-03	1.243291196342767613e+01	1.189970892198776298e+01	8.648147737814028410e-06	2.433262953356317482e+01
1.586999178665006838e+00	2.941352585073782056e-01	1.060495489604235594e-10	1.700886342237261983e+00	1.585267826673595337e+00	1.585133898983528855e+00	1.585125268481879068e+00	4.199756365102311033e-03	1.139505352381224945e+01	1.090554526142108038e+01	8.100013663032123369e-06	2.230060688524699231e+01
1.552876351347643347e+00	3.072519520468423582e-01	1.083898245250913337e-10	1.628311704246252489e+00	1.551061085177628973e+00	1.550926042815679029e+00	1.550917662225500315e+00	4.209783594996923187e-03	1.044389126134486467e+01	9.994232386699291482e+00	7.586609118031794825e-06	2.043813123465327308e+01
1.519493278039902640e+00	3.209535725694954156e-01	1.107817249267421561e-10	1.558838077461347282e+00	1.517594535090755148e+00	1.517458284547279712e+00	1.517450149697648243e+00	4.216771876453580085e-03	9.572181299700872614e+00	9.159119621214376394e+00	7.105733965463223544e-06	1.873130802664921291e+01
1.486834063847302101e+00	3.352662043605750819e-01	1.132263721061863311e-10	1.492334448923632761e+00	1.484853687952675472e+00	1.484716176917877384e+00	1.484708280787872869e+00	4.221025523876121947e-03	8.773284533551375830e+00	8.393867550142601885e+00	6.655327749264011924e-06	1.716715873902172618e+01
1.454883129668522290e+00	3.502170949102257347e-01	1.157252336367082453e-10	1.428662223545228871e+00	1.452810826018727353e+00	1.452671998468096248e+00	1.452664332383105217e+00	4.222465312621389612e-03	8.041116005976139292e+00	7.692373141798491076e+00	6.233460235428273807e-06	1.573349538123486546e+01
1.423625299611321005e+00	3.658347067855584056e-01	1.182791889389497487e-10	1.367712448237472289e+00	1.421463160921075941e+00	1.421322972108163052e+00	1.421315525670498570e+00	4.221096019175194988e-03	7.370100775721792452e+00	7.049575742293253455e+00	5.838323250006825313e-06	1.441968235633829565e+01
1.393045678959497602e+00	3.821487718159002345e-01	1.208895231930970662e-10	1.309366802020967446e+00	1.390793603051643457e+00	1.390652031880690975e+00	1.390644793904537213e+00	4.217195610605141073e-03	6.755128776512592026e+00	6.460522357689271189e+00	5.468223272075861266e-06	1.321565660242513474e+01
1.363129666638781323e+00	3.991903476943868823e-01	1.235577677364448395e-10	1.253504712027104118e+00	1.360777233245506368e+00	1.360634250104809206e+00	1.360627208349207917e+00	4.210418235485880421e-03	6.191516461667133875e+00	5.920539042790218254e+00	5.121574130341862690e-06	1.211206062603148226e+01
1.333863057525514151e+00	4.169918771036469352e-01	1.262847937936613122e-10	1.200033494837818182e+00	1.331414672099588081e+00	1.331270279890243602e+00	1.331263422095668281e+00	4.201253589110800352e-03	5.674973332954592387e+00	5.425784865354079223e+00	4.796890020813656019e-06	1.110076299519869281e+01
1.305231884252738839e+00	4.355872494781466431e-01	1.290721047528030130e-10	1.148844375285118291e+00	1.302684374299728276e+00	1.302538568423408316e+00	1.302531881728370866e+00	4.189435181709858999e-03	5.201566028973540590e+00	4.972353707434781001e+00	4.492779423736637448e-06	1.017392422918774564e+01
1.277222482454247965e+00	4.550118655207674445e-01	1.319212764412100818e-10	1.099834512261314012e+00	1.274566257864832020e+00	1.274419052266465568e+00	1.274412524195944307e+00	4.175214213259241004e-03	4.767690128136388594e+00	4.556703207905042241e+00	4.207939060864609520e-06	9.324397543980492031e+00
1.249821569602719284e+00	4.753027045964441366e-01	1.348331404918646931e-10	1.052924244148880417e+00	1.247062934564142189e+00	1.246914354824038895e+00	1.246907973083863475e+00	4.158642091851239876e-03	4.370043656413254318e+00	4.175902364663818034e+00	3.941148032615508361e-06	8.545949962225103391e+00
1.223016038025883878e+00	4.964983951311565114e-01	1.378094910734112038e-10	1.008013650727155319e+00	1.220148848695749688e+00	1.219998915424891583e+00	1.219992667601397240e+00	4.139628323182628460e-03	4.005598961294198901e+00	3.826870613367868934e+00	3.691263015777592245e-06	7.832473265925083972e+00
1.196793088291321805e+00	5.186392881503034680e-01	1.408519249613776479e-10	9.650154785712016237e-01	1.193808750595089618e+00	1.193657513004112491e+00	1.193651388176999006e+00	4.118555836830824560e-03	3.671581855779418202e+00	3.506930361528601381e+00	3.457213008751416776e-06	7.178515674521028345e+00
1.171140300596091199e+00	5.417675340964545061e-01	1.439611955735298763e-10	9.238607868067413298e-01	1.168046359860398065e+00	1.167893847271150642e+00	1.167887833498731487e+00	4.095061053030886640e-03	3.365451217725345057e+00	3.213837552957271804e+00	3.237994612223814163e-06	6.579292008677228409e+00
1.146045363506569270e+00	5.659271630727138458e-01	1.471394846933103304e-10	8.844588537749191737e-01	1.142833833098758189e+00	1.142680105779196875e+00	1.142674193175745367e+00	4.069622368436264306e-03	3.084876369726075485e+00	2.945176825642078278e+00	3.032668247759309031e-06	6.030056228036402288e+00
1.121496325538186234e+00	5.911641686644693028e-01	1.503882431358116674e-10	8.467359644093525040e-01	1.118160567228539737e+00	1.118005675684069500e+00	1.117999854151433770e+00	4.042076206173905555e-03	2.827722579811593029e+00	2.698926430443553848e+00	2.840353802713329082e-06	5.526651850608949701e+00
1.097481543392905046e+00	6.175265954990925010e-01	1.537084932416299332e-10	8.106295600598524276e-01	1.094027287070981069e+00	1.093871293391437405e+00	1.093865553681528491e+00	4.012567191079139360e-03	2.592033906656809439e+00	2.473331023099513359e+00	2.660226829495501334e-06	5.065367589983152286e+00
1.073989478934268993e+00	6.450646307102878563e-01	1.571025197796719779e-10	7.760599262615387461e-01	1.070407686928439128e+00	1.070250658696292323e+00	1.070244992480861912e+00	3.981267819506527882e-03	2.376016463785676436e+00	2.266531267746398459e+00	2.491515249422533846e-06	4.642550223047323676e+00
1.051008962229647015e+00	6.738306994812041095e-01	1.605716196292022275e-10	7.429661361832766708e-01	1.047297128866849114e+00	1.047139129196957841e+00	1.047133528205439923e+00	3.948000095450794958e-03	2.178027419531482600e+00	2.077015008989396616e+00	2.333495775359688098e-06	4.255044762016654047e+00
1.028529041722433535e+00	7.038795648482093492e-01	1.641173125797473396e-10	7.112879443376469712e-01	1.024688696401798493e+00	1.024529804329448623e+00	1.024524261688719795e+00	3.913180779159344293e-03	1.996560964266064664e+00	1.903368449792124384e+00	2.185490956033935837e-06	3.899931599549145034e+00
1.006538930015042688e+00	7.352684319553255410e-01	1.677418399418108518e-10	6.809572179773863976e-01	1.002560209213219977e+00	1.002400492895532791e+00	1.002395001620012716e+00	3.876551165243209522e-03	1.830236596157923445e+00	1.744182740931024878e+00	2.046866382181365493e-06	3.574421383955330711e+00
9.850282114890372975e-01	7.680570569577864770e-01	1.714462985707208717e-10	6.519251665572752819e-01	9.809143761741357936e-01	9.807539172874834010e-01	9.807484715873552306e-01	3.838451347032055538e-03	1.677790203391424040e+00	1.598341356399502811e+00	1.917027731181574571e-06	3.276133476818658075e+00
9.639865694492535386e-01	8.023078607820595121e-01	1.752328699224882793e-10	6.241313023399600590e-01	9.597331639144333071e-01	9.595720406751080400e-01	9.595666350936213895e-01	3.798853149181198249e-03	1.538062371780376525e+00	1.464677865340094698e+00	1.795418381326558805e-06	3.002742032538852524e+00
9.434039244827991944e-01	8.380860479588855272e-01	1.791036357674228285e-10	5.975201812736096185e-01	9.390023540647003397e-01	9.388406437273704164e-01	9.388352732364830810e-01	3.757793717178824731e-03	1.409990735416495111e+00	1.342152197693492699e+00	1.681516948542818925e-06	2.752144614626935937e+00
9.232705486202176237e-01	8.754597307555761487e-01	1.830595585142390866e-10	5.720509373997894054e-01	9.187277173804387909e-01	9.185655070684188850e-01	9.185601676461488951e-01	3.715535738173916368e-03	1.292602484589698175e+00	1.229921047496088660e+00	1.574834980666699408e-06	2.522525106920767257e+00
9.035767041121707255e-01	9.145000588438683131e-01	1.871035322372728317e-10	5.476645487018547698e-01	8.988826965203199348e-01	8.987200632022647184e-01	8.987147507334335428e-01	3.671825021689781136e-03	1.185004819830608458e+00	1.127033754456507886e+00	1.474915113990600302e-06	2.312040049202230385e+00
8.843130402177036276e-01	9.552813547502064795e-01	1.912370548028301432e-10	5.243199874599494548e-01	8.794665954647081785e-01	8.793036261322839664e-01	8.792983375929900314e-01	3.627090280360133461e-03	1.086380540998207911e+00	1.032754527740444628e+00	1.381328909476020613e-06	2.119136450067562016e+00
8.654703675713324440e-01	9.978812553463067836e-01	1.954619991196447350e-10	5.019729529250683830e-01	8.604705373625265441e-01	8.603073125972146018e-01	8.603020449493976596e-01	3.581160296509104928e-03	9.959804808707736212e-01	9.463648220098817010e-01	1.293675072860364179e-06	1.942346596555728055e+00
8.470396024053723494e-01	1.042380859649355562e+00	1.997810590821118715e-10	4.805763635169149617e-01	8.418775523783109671e-01	8.417141550096026714e-01	8.417089058821531911e-01	3.534231210021994245e-03	9.131176496937986053e-01	8.671717763748723051e-01	1.211577766164772045e-06	1.780290637646436913e+00
8.290120489786449998e-01	1.088864883213231716e+00	2.041952853964679151e-10	4.600973316389477819e-01	8.236926917368352363e-01	8.235292066183821369e-01	8.235239741224393839e-01	3.486387380617692825e-03	8.371632998547944293e-01	7.946302849440283200e-01	1.134684852861388056e-06	1.631794719483675715e+00
8.113789729133745743e-01	1.137421819404659917e+00	2.087077558350264195e-10	4.404894381622393440e-01	8.058940185808527445e-01	8.057305233592014782e-01	8.057253055781048445e-01	3.437586093011891445e-03	7.675402570546001613e-01	7.281331943561748510e-01	1.062666620682886056e-06	1.495674514077395711e+00
7.941319694826683984e-01	1.188144107871332844e+00	2.133203371115273666e-10	4.217188228221169788e-01	7.884793272260773866e-01	7.883159065455324077e-01	7.883107024742297408e-01	3.388113028261907893e-03	7.037201537838868592e-01	6.671987030978714373e-01	9.952141705803865139e-07	1.370919852095928926e+00
7.772628192895768562e-01	1.241128310522703782e+00	2.180349750699786316e-10	4.037502599902481060e-01	7.714413670980213578e-01	7.712780972890497244e-01	7.712729056691161045e-01	3.337745083191803307e-03	6.452187552028512130e-01	6.113648877409356697e-01	9.320381996295876303e-07	1.256584574981986613e+00
7.607633483273666952e-01	1.296475295358493041e+00	2.228547955825431034e-10	3.865458949396880506e-01	7.547649509131563184e-01	7.546019122704596960e-01	7.545967325959953564e-01	3.286796789879113754e-03	5.915918402321008740e-01	5.601838187650391987e-01	8.728677721914212120e-07	1.151776531864912467e+00
7.446257935741364964e-01	1.354290428494859366e+00	2.277808459067869535e-10	3.700793367418153679e-01	7.384546977198986895e-01	7.382919669543801522e-01	7.382867987454164727e-01	3.235206643336960980e-03	5.424330469005942401e-01	5.133031990823303525e-01	8.174490065412236644e-07	1.055737063431931189e+00
7.288422736918871436e-01	1.414683774753791701e+00	2.328167803150174733e-10	3.543128186546755098e-01	7.224900554890437698e-01	7.223277069486728763e-01	7.223225499753601619e-01	3.183056609947608126e-03	4.973690892646299710e-01	4.703281021307169629e-01	7.655442206769734210e-07	9.676979569395676162e-01
7.134052899651701640e-01	1.477770307197614041e+00	2.379643455849379710e-10	3.392204137284681731e-01	7.068717475348882395e-01	7.067098570338828933e-01	7.067047115158192616e-01	3.130495768312212528e-03	4.560584897997261300e-01	4.309539330395630863e-01	7.169306946611203634e-07	8.870131397699839715e-01
6.983074091974429409e-01	1.543670126007483878e+00	2.432262200794688558e-10	3.247714362789724252e-01	6.915882927326469920e-01	6.914269290053322026e-01	6.914217949357998050e-01	3.077404357509748965e-03	4.181880275075284259e-01	3.948697107795344774e-01	6.713998549549659517e-07	8.130584096869178934e-01
6.835413459272839942e-01	1.612508687122584661e+00	2.486053392890186759e-10	3.109382511208275690e-01	6.766320879339314809e-01	6.764713230328193161e-01	6.764662010409721038e-01	3.024080181556217713e-03	3.834706272295711482e-01	3.618000444675794069e-01	6.287563846896880926e-07	7.452713004535352903e-01
6.691001036002877100e-01	1.684417041075261467e+00	2.541034337215783843e-10	2.976969647176609390e-01	6.620014022763784922e-01	6.618413025689294793e-01	6.618361931094114414e-01	2.970382754870853469e-03	3.516434874959540324e-01	3.315040910338983293e-01	5.888172823265920700e-07	6.831481673471347937e-01
6.549765963185359974e-01	1.759532082476802373e+00	2.597245155988219057e-10	2.850181806135811957e-01	6.476798830221600634e-01	6.475205144258023848e-01	6.475154182721519769e-01	2.916459996072876242e-03	3.224652368909376454e-01	3.037315557202834304e-01	5.514112265739074772e-07	6.261973440224476439e-01
6.411642096898171328e-01	1.837996810628814925e+00	2.654696733347074944e-10	2.728833860776841980e-01	6.336736011048604844e-01	6.335150277206095248e-01	6.335099457732683570e-01	2.862335541305134103e-03	2.957153165719633159e-01	2.782952596084590224e-01	5.163776465744250874e-07	5.740110925580689250e-01
6.276561193796975635e-01	1.919960601756310448e+00	2.713433646766915599e-10	2.612636277138864482e-01	6.199622586620826548e-01	6.198045401987409830e-01	6.197994732972595955e-01	2.808002396424968353e-03	2.711909034677022490e-01	2.549760895326942389e-01	4.835662407824884552e-07	5.261674765666373155e-01
6.144459519220465404e-01	2.005579493380791778e+00	2.773471862330008503e-10	2.501415783837499518e-01	6.065507383573400801e-01	6.063939350785393367e-01	6.063888844045948190e-01	2.753659230083944833e-03	2.487066701740173469e-01	2.336157592293348906e-01	4.528361395176682030e-07	4.823228822394917681e-01
6.015272378954814592e-01	2.095016481374700756e+00	2.834850313163820593e-10	2.394924825693712234e-01	5.934239443880331422e-01	5.932681115887319390e-01	5.932630781615594318e-01	2.699187707456999694e-03	2.280923652251924949e-01	2.140370904329662594e-01	4.240554689763751146e-07	4.421298797136277159e-01
5.888938095630449343e-01	2.188441830262715992e+00	2.897592610326043024e-10	2.292986087477411894e-01	5.805819417899866774e-01	5.804271344273269628e-01	5.804221195263919997e-01	2.644812897022615766e-03	2.091922172045768413e-01	1.961002277629332602e-01	3.971006788078017163e-07	4.052928420681888855e-01
5.765395226563311271e-01	2.286033397360681008e+00	2.961733446113826725e-10	2.195390597468332428e-01	5.680148486477700764e-01	5.678611179722272695e-01	5.678561228005165606e-01	2.590432091903765565e-03	1.918632950299732076e-01	1.796627456289695002e-01	3.718560549788899064e-07	3.715264125149976837e-01
5.644584176314857427e-01	2.387976971369191848e+00	3.027302744594637665e-10	2.101957925990807496e-01	5.557180417763165625e-01	5.555654370699248945e-01	5.555604629084941459e-01	2.536095963854564667e-03	1.759746798534427836e-01	1.646010434573905168e-01	3.482131912183216840e-07	3.405760715240245262e-01
5.526446432803996389e-01	2.494466626066476955e+00	3.094332761308460551e-10	2.012513436296286262e-01	5.436865738132099501e-01	5.435351424511029039e-01	5.435301906688539963e-01	2.481912248550999841e-03	1.614063555376774317e-01	1.508010626256455211e-01	3.260705583619586917e-07	3.122077442338813680e-01
5.410924548377403775e-01	2.605705089773861172e+00	3.162857804813047274e-10	1.926878425566878605e-01	5.319123880757444800e-01	5.317621741592415407e-01	5.317572460372528287e-01	2.427798369511425906e-03	1.480483051812177819e-01	1.381547459090282370e-01	3.053330622740313431e-07	2.862033564233082972e-01
5.297962553991777401e-01	2.721904131297227192e+00	3.232909936022239082e-10	1.844901649417775291e-01	5.203932055996668415e-01	5.202442520025706285e-01	5.202393489768700752e-01	2.373934051870915402e-03	1.357997260526623284e-01	1.265689956225661272e-01	2.859116276130528239e-07	2.623690075868560512e-01
5.187505269974920230e-01	2.843284963079186323e+00	3.304525535253226586e-10	1.766414485845257953e-01	5.091199402639372540e-01	5.089722863219905413e-01	5.089674096776102274e-01	2.320314758959855003e-03	1.245681875985487630e-01	1.159516190537006886e-01	2.677228234811984522e-07	2.405200743750729453e-01
5.079499032687894156e-01	2.970078662329426855e+00	3.377739211153624296e-10	1.691276292775345524e-01	4.980897629423649553e-01	4.979434464604228783e-01	4.979385975899179861e-01	2.266970303701918311e-03	1.142690106626877283e-01	1.062239469802320896e-01	2.506885186326570619e-07	2.204932083314384561e-01
4.973891286887407448e-01	3.102526610935015139e+00	3.452586380920861991e-10	1.619344150330787879e-01	4.872974897155483709e-01	4.871525459873290997e-01	4.871477262492528992e-01	2.213907006110100474e-03	1.048245788850236809e-01	9.731153104734868720e-02	2.347355330531168720e-07	2.021363446679054210e-01
4.870630143524978251e-01	3.240880954988076379e+00	3.529107650952601565e-10	1.550471637913438949e-01	4.767350291659836481e-01	4.765914911174487512e-01	4.765867018070952255e-01	2.161063888562789279e-03	9.616371511323938692e-02	8.914388505896099490e-02	2.197953264056097291e-07	1.853078199675267934e-01
4.769665774933423141e-01	3.385405084805713560e+00	3.607333990187192608e-10	1.484544832838591288e-01	4.664027262742588831e-01	4.662606248792650621e-01	4.662558673551449595e-01	2.109813872131376545e-03	8.822125985170770068e-02	8.166263276066274002e-02	2.058036829787809472e-07	1.698840984160534251e-01
4.670947652711843201e-01	3.536374136355941999e+00	3.687316096078171940e-10	1.421415852843202765e-01	4.562885041857916435e-01	4.561478682177170785e-01	4.561431437360901064e-01	2.056368907669442470e-03	8.093735563102634478e-02	7.480540424998156912e-02	1.927004905744491181e-07	1.557429525814984783e-01
4.574428897825401075e-01	3.694075515044289215e+00	3.769076103060550662e-10	1.360992310575792619e-01	4.463965659972055633e-01	4.462574218780206992e-01	4.462527317255430281e-01	2.004805341255686598e-03	7.425732627240273775e-02	6.852580058988613776e-02	1.804293987430110230e-07	1.427833072916876445e-01
4.480060076233743915e-01	3.858809442858178507e+00	3.852676257768696494e-10	1.303130230257411315e-01	4.367126302564806051e-01	4.365750026546880713e-01	4.365703480393399727e-01	1.953564520506630067e-03	6.813081450305483178e-02	6.276964567263483563e-02	1.689376766664321984e-07	1.309006291133663347e-01
4.387796699123437394e-01	4.030889529910684388e+00	3.938135451809227331e-10	1.247744870057473088e-01	4.272405888170325294e-01	4.271044999466248049e-01	4.270998820526453188e-01	1.902680334374587390e-03	6.251191715360771006e-02	5.749799224619864257e-02	1.581758784006614143e-07	1.200100675756847479e-01
4.297591517465176869e-01	4.210643371471800123e+00	4.025515043114883636e-10	1.194715828487369902e-01	4.179708932687347112e-01	4.178363637194337232e-01	4.178317837146247049e-01	1.852290202769986058e-03	5.735833290994729605e-02	5.266752026524321173e-02	1.480977350200604652e-07	1.100260012729255277e-01
4.209400536090983080e-01	4.398413171623743345e+00	4.114850796946673657e-10	1.143942043941624520e-01	4.088988944153602589e-01	4.087659430324860899e-01	4.087614020033443762e-01	1.802300865422136683e-03	5.263142355135721345e-02	4.824125232486216330e-02	1.386598882117949665e-07	1.008728145361075801e-01
4.123180307677287715e-01	4.594556394727626447e+00	4.206183392728982011e-10	1.095339260239115570e-01	4.000248385545327467e-01	3.998934817610301229e-01	3.998889807887271997e-01	1.752811834809615485e-03	4.829574830435325039e-02	4.418744000139547545e-02	1.298217328660632266e-07	9.248331812748158964e-02
4.038886679114512823e-01	4.799446445941647710e+00	4.299573333021957149e-10	1.048796499876190752e-01	3.913376049776268739e-01	3.912078581862877269e-01	3.912033982833867940e-01	1.703941178445769495e-03	4.431874483814663562e-02	4.047189849324261957e-02	1.215452484661263805e-07	8.479076487663771144e-02
3.956479404548610135e-01	5.013473382086427677e+00	4.395044987349709442e-10	1.004246039535863499e-01	3.828408860931232227e-01	3.827127620558347099e-01	3.827083441900938632e-01	1.655531030783071421e-03	4.067070452262159380e-02	3.706950627775773555e-02	1.137947840540639473e-07	7.774032459516337645e-02
3.875915740882304727e-01	5.237044654210673222e+00	4.492664088048224739e-10	9.615909217721635427e-02	3.745260755618916026e-01	3.743995857546000283e-01	3.743952108520114397e-01	1.607678394418322627e-03	3.732424676730781293e-02	3.395221853504506310e-02	1.065369871397006432e-07	7.127657183934001106e-02
3.797155045174740451e-01	5.470585883270933536e+00	4.592482185897741249e-10	9.207431226844953187e-02	3.663862898077080432e-01	3.662614448988730786e-01	3.662571138388235337e-01	1.560308426959842966e-03	3.425433035198768850e-02	3.109518916437842978e-02	9.974060853461662406e-08	6.534961925697464757e-02
3.720159530427775696e-01	5.714541670402055296e+00	4.694525771444765545e-10	8.816484191869897180e-02	3.584272042859375507e-01	3.583040116289523125e-01	3.582997252305715752e-01	1.513504332681537851e-03	3.143807385186148801e-02	2.847978475411679783e-02	9.337636596707574268e-08	5.991795198234425163e-02
3.644888466030029583e-01	5.969376443320927095e+00	4.798870337881121707e-10	8.442095522983764089e-02	3.506356166718184730e-01	3.505140838664410619e-01	3.505098429137716298e-01	1.467384643804215847e-03	2.885436662714621625e-02	2.608275826511297774e-02	8.741686000487533924e-08	5.493721230911920161e-02
3.571303796555872490e-01	6.235575340474799333e+00	4.905568274891163624e-10	8.083619314395310007e-02	3.430104885853504371e-01	3.428906210025861601e-01	3.428864262236255844e-01	1.421880085303418991e-03	2.648392576531026152e-02	2.388667080374069773e-02	8.183640765473163933e-08	5.037067840545862013e-02
3.499369941011892804e-01	6.513645134617469523e+00	5.014648632378384293e-10	7.740485481724103389e-02	3.355529977862887203e-01	3.354347988290118932e-01	3.354306508882705096e-01	1.376867311072385233e-03	2.430912368824869954e-02	2.187596423183506278e-02	7.661094952311658696e-08	4.618516453103328062e-02
3.429048575906213370e-01	6.804115197571366735e+00	5.126189259380151659e-10	7.411907499040555625e-02	3.282537550805270654e-01	3.281372279342220089e-01	3.281331274712829815e-01	1.332472293321954309e-03	2.231369573415185881e-02	2.003356667971529365e-02	7.171797566037793077e-08	4.234733413184281481e-02
3.360303683736051705e-01	7.107538508012456013e+00	5.240247041586790310e-10	7.097308319659169362e-02	3.211113972028197816e-01	3.209965430078247639e-01	3.209924905979080756e-01	1.288783009719824280e-03	2.048277959540540857e-02	1.834590585529708578e-02	6.713638421404173483e-08	3.882875258708670674e-02
3.293100697257867471e-01	7.424492704196321569e+00	5.356869048049176248e-10	6.796076479025764394e-02	3.141217546483260348e-01	3.140085741212558790e-01	3.140045703084144990e-01	1.245750133336039588e-03	1.880276763153390998e-02	1.679984284191248650e-02	6.284640329141308133e-08	3.560267331984968975e-02
3.227405166617196008e-01	7.755581183629628228e+00	5.476111017910411097e-10	6.507709586950789771e-02	3.072849135482832450e-01	3.071734049177641257e-01	3.071694501660774956e-01	1.203427235505525640e-03	1.726116824502384531e-02	1.538420507615301594e-02	5.882952035016941967e-08	3.264543215069721366e-02
3.163182251786967325e-01	8.101434251780425200e+00	5.598046044581938141e-10	6.231579598706035727e-02	3.005937727377371860e-01	3.004839341825556454e-01	3.004800289347740461e-01	1.161613765069732969e-03	1.584650554266693254e-02	1.408727628599862162e-02	5.506840754280836657e-08	2.993383689707309475e-02
3.100398641276119749e-01	8.462710322014116215e+00	5.722735466844909715e-10	5.967163113425109910e-02	2.940450866427894994e-01	2.939369155113864540e-01	2.939330601750261840e-01	1.120515601664133758e-03	1.454827834634084098e-02	1.289911446455460110e-02	5.154682723543668490e-08	2.744744435772267580e-02
3.039021837109375790e-01	8.840097169039580649e+00	5.850239320771537542e-10	5.714017156263314495e-02	2.876387657476792703e-01	2.875322570866200023e-01	2.875284519846017517e-01	1.080224927609694640e-03	1.335686137258399950e-02	1.181111755965705973e-02	4.824957043017836841e-08	2.516802718181148854e-02
2.979020618115007513e-01	9.234313238251385059e+00	5.980606995861950573e-10	5.471627113754096855e-02	2.813698860372915167e-01	2.812650354267811625e-01	2.812612808852582580e-01	1.040574190912647943e-03	1.226343991696562941e-02	1.081456334113925846e-02	4.516238523064171602e-08	2.307804842049011873e-02
2.920362412112036399e-01	9.646109013461114046e+00	6.113922202068820686e-10	5.239559150542569266e-02	2.752370243954013196e-01	2.751338249835283967e-01	2.751301212351059400e-01	1.001680849212889047e-03	1.125989649696465707e-02	9.902006626506925854e-03	4.227193607528382750e-08	2.116194539540765945e-02
2.863016325253358585e-01	1.007626844562133073e+01	6.250252209007772166e-10	5.017331860257743387e-02	2.692349672411983863e-01	2.691334125725877713e-01	2.691297598501009580e-01	9.633245755901147364e-04	1.033880741429617743e-02	9.066068217209146546e-03	3.956572750569590205e-08	1.940491519723282904e-02
2.806952032451222045e-01	1.052561044526219547e+01	6.389665875230479039e-10	4.804535762268503929e-02	2.633614671909894067e-01	2.632615497631743962e-01	2.632579482525492232e-01	9.258530660196257747e-04	9.493364948474365683e-03	8.300408270792453136e-03	3.703205552828501736e-08	1.779381025132234853e-02
2.752139743340801248e-01	1.099499044148194038e+01	6.532233783429026749e-10	4.600796930801991785e-02	2.576154541999756686e-01	2.575171647659255103e-01	2.575136145779310937e-01	8.891650834897203747e-04	8.717325704973291275e-03	7.599335705271948946e-03	3.465995616023052921e-08	1.631669607020139884e-02
2.698550221420670803e-01	1.148530201045907972e+01	6.678028334417436415e-10	4.405674606612973443e-02	2.519909057588148871e-01	2.518942361280425146e-01	2.518907373982928188e-01	8.531940308535569499e-04	8.004964088822634841e-03	6.957047563835674388e-03	3.243915848341968350e-08	1.496204409181679275e-02
2.646155243693888437e-01	1.199747857658674732e+01	6.827113160501438155e-10	4.218883094702583630e-02	2.464902121675343338e-01	2.463951512102990904e-01	2.463917039614024751e-01	8.178564742474388975e-04	7.351034919889745320e-03	6.369154769523470254e-03	3.036004758696349838e-08	1.372022004946080176e-02
2.594926216262892771e-01	1.253249518946734042e+01	6.979571793451459116e-10	4.040009686352956375e-02	2.411072097934244540e-01	2.410137473860748947e-01	2.410103516629512888e-01	7.833961703023261747e-04	6.750716560232282795e-03	5.830711140014099847e-03	2.841362137826832478e-08	1.258145611386776025e-02
2.544835337904552408e-01	1.309137038015084009e+01	7.135484622948499105e-10	3.868726883623427315e-02	2.358400331222303692e-01	2.357481579262331040e-01	2.357448137147316047e-01	7.498141571010255623e-04	6.199590498489767308e-03	5.337631146777641923e-03	2.659144617320482373e-08	1.153724823671358271e-02
2.495855457991110748e-01	1.367516810015029272e+01	7.294930894378156337e-10	3.704720462364671091e-02	2.306868369713866163e-01	2.305965367396468624e-01	2.305932439799875389e-01	7.169527176112977258e-04	5.693605807383240146e-03	4.886157725972603560e-03	2.488562155827516739e-08	1.057978841897740281e-02
2.447959930472077550e-01	1.428499974692591401e+01	7.457991753722240325e-10	3.547657874868377637e-02	2.256436686980985429e-01	2.255549316003024329e-01	2.255516902381174416e-01	6.847225600012033083e-04	5.229046937773850975e-03	4.472668097558855915e-03	2.328874786077566280e-08	9.701738324080567619e-03
2.401122608631172384e-01	1.492202627969382966e+01	7.624750348187100789e-10	3.397273263808433391e-02	2.207102559031827449e-01	2.206230684433718725e-01	2.206198783500402105e-01	6.533557451266213149e-04	4.802505811773719741e-03	4.094133689565414118e-03	2.179389407618215892e-08	8.896661295233211295e-03
2.355317837771758460e-01	1.558746042958734002e+01	7.795291612616573085e-10	3.253254018534616071e-02	2.158822812365002453e-01	2.157966304441105987e-01	2.157934914972399476e-01	6.230252208517422004e-04	4.410856293866621466e-03	3.747467885479432818e-03	2.039457047973270722e-08	8.158344573916533754e-03
2.310520450345676935e-01	1.628256900837845578e+01	7.969702407870578274e-10	3.115342930883290701e-02	2.111584839148929749e-01	2.110743558102819439e-01	2.110712678377357487e-01	5.933304322480259865e-04	4.051230782543201528e-03	3.430062946401546756e-03	1.908469947978453996e-08	7.481312813644227892e-03
2.266705660097700636e-01	1.700867532015447026e+01	8.148072012705839955e-10	2.983285831392407106e-02	2.065371105694767118e-01	2.064544905402912189e-01	2.064514533347572012e-01	5.643167329152719118e-04	3.720997963903037442e-03	3.139485072515201328e-03	1.785858640265621772e-08	6.860500895004641858e-03
2.223849045449934891e-01	1.776716168054134215e+01	8.330492291557072079e-10	2.856816007076718594e-02	2.020146778120946729e-01	2.019335516864360913e-01	2.019305650474927105e-01	5.362627035969998049e-04	3.417743265597395635e-03	2.873398646811872389e-03	1.671089541482216631e-08	6.291158623304682861e-03
2.181927199189324373e-01	1.855947204826941288e+01	8.517054827752111952e-10	2.735718517888510032e-02	1.975908130755323899e-01	1.975111650857555856e-01	1.975082287364935962e-01	5.091564004677448779e-04	3.139255286718023973e-03	2.629840336411178037e-03	1.563664383021983130e-08	5.769111259773032456e-03
2.140916243729338864e-01	1.938711477409139761e+01	8.707857461991058489e-10	2.619740982226902160e-02	1.932616089700999185e-01	1.931834241453070089e-01	1.931805378300709697e-01	4.827164005271735521e-04	2.883499122942865828e-03	2.406816723278910712e-03	1.463114194704569652e-08	5.290330477363724276e-03
2.100793398050080640e-01	2.025166547228590019e+01	8.902997462711056150e-10	2.508675766717870584e-02	1.890258472116335686e-01	1.889491098500280242e-01	1.889462732743437956e-01	4.570231137923879794e-04	2.648611953966217587e-03	2.202641199163715442e-03	1.369001409962658588e-08	4.851266843144032802e-03
2.061536333773770768e-01	2.115477002021293984e+01	9.102574212221320607e-10	2.402323585345615339e-02	1.848823473019305386e-01	1.848070408584960855e-01	1.848042536825897919e-01	4.322862886212025546e-04	2.432884506136329204e-03	2.015761552929209825e-03	1.280916231967349780e-08	4.448658868227858831e-03
2.023122894361531754e-01	2.209814769163214621e+01	9.306690818118554719e-10	2.300458192162835314e-02	1.808269601767406587e-01	1.807530691181339355e-01	1.807503310317668532e-01	4.084454805603696657e-04	2.234746922622280786e-03	1.844626933503580027e-03	1.198474253675089024e-08	4.079385840868397957e-03
1.985531827512440339e-01	2.308359442974798625e+01	9.515432456760446691e-10	2.202929640942390133e-02	1.768613357693183674e-01	1.767888424709839479e-01	1.767861530716570151e-01	3.852900968031229643e-04	2.052760990391331274e-03	1.688052412413063334e-03	1.121315403566910865e-08	3.740824615958430327e-03
1.948741450091114047e-01	2.411298626621389829e+01	9.728922408911301405e-10	2.109524882438516824e-02	1.729811204855976614e-01	1.729100084055981146e-01	1.729073673230951680e-01	3.629234370024806648e-04	1.885602861797295096e-03	1.544712678739317523e-03	1.049102818913752722e-08	3.430326031564801589e-03
1.912731022170057749e-01	2.518828289260356357e+01	9.947271074578457646e-10	2.020068856918707731e-02	1.691844991953254107e-01	1.691147514449487244e-01	1.691121582834990977e-01	3.415887715437599618e-04	1.732060155405499994e-03	1.413493413522403644e-03	9.815212010467954397e-09	3.145563384139913980e-03
1.877480247118872292e-01	2.631153139114873341e+01	1.017059044934602467e-09	1.934401390890339717e-02	1.654703981004633784e-01	1.654019970738234424e-01	1.653994513974325342e-01	3.209754879931366045e-04	1.591020292006510399e-03	1.293395756594784788e-03	9.182751920404259945e-09	2.884425231353215588e-03
1.842969034932162298e-01	2.748487013184591987e+01	1.039899636278853719e-09	1.852349610960891263e-02	1.618359334237706726e-01	1.617688621872556964e-01	1.617663635793556431e-01	3.010278023506576914e-04	1.461461367090306340e-03	1.183446818070486893e-03	8.590878628732818352e-09	2.644916776039422154e-03
1.809177872191134184e-01	2.871053284335091860e+01	1.063260603407584070e-09	1.773771192702671209e-02	1.582804935804252300e-01	1.582147342564541315e-01	1.582122822510053650e-01	2.820469111214942131e-04	1.342446088610334959e-03	1.082822544138821235e-03	8.037002242990159799e-09	2.425276669751399387e-03
1.776087832924492793e-01	2.999085286541147610e+01	1.087152329892749781e-09	1.698517651199116935e-02	1.548022821435651453e-01	1.547378169529762815e-01	1.547354110796622384e-01	2.639049494726964013e-04	1.233114706789742833e-03	9.907315266947176909e-04	7.518695823578983543e-09	2.223853752180284232e-03
1.743680270199588767e-01	3.132826759093271107e+01	1.111585788372939816e-09	1.626452376489878962e-02	1.514001260498200885e-01	1.513369369974700562e-01	1.513345767697703570e-01	2.465359611603324601e-04	1.132677552205540094e-03	9.064636459193788944e-04	7.033686015518956643e-09	2.039148231810934339e-03
1.711936372093788850e-01	3.272532310613298279e+01	1.136576105070144024e-09	1.557434997328198921e-02	1.480719519262922723e-01	1.480100208072651358e-01	1.480077057174804811e-01	2.302030753389751620e-04	1.040408100810137626e-03	8.293457015927617471e-04	6.579845416090351564e-09	1.869760382248315507e-03
1.680838134266855188e-01	3.418467903762299898e+01	1.162136124778255921e-09	1.491326866569652604e-02	1.448151712877717712e-01	1.447544804222220260e-01	1.447522099752226454e-01	2.143752663058003485e-04	9.556407062362996981e-04	7.587516382666805023e-04	6.155181745600839652e-09	1.714398499684725895e-03
1.650367941244996750e-01	3.570911361563601361e+01	1.188278968772638008e-09	1.428011701944555123e-02	1.416290219600930822e-01	1.415695530592684381e-01	1.415673267255299350e-01	1.991681754006562402e-04	8.777642757692249000e-04	6.941470247891445801e-04	5.757829470558875560e-09	1.571917058387840068e-03
1.620509025159505567e-01	3.730152896304821297e+01	1.215013130798416865e-09	1.367384671388945962e-02	1.385134987013335039e-01	1.384552330276375698e-01	1.384530502554524867e-01	1.846986138004946831e-04	8.062188355375826286e-04	6.350529518829536348e-04	5.386039766548459185e-09	1.441277173460302902e-03
1.591244099908620813e-01	3.896495662025800755e+01	1.242355629625564920e-09	1.309314752889001281e-02	1.354652104922938194e-01	1.354081300581647107e-01	1.354059903151197397e-01	1.710309718799659848e-04	7.404881122709957523e-04	5.809674437759042038e-04	5.038177184114941394e-09	1.321460594224083997e-03
1.562556579839544102e-01	4.070256331644271341e+01	1.270321580134967359e-09	1.253699264529928477e-02	1.324833943683778048e-01	1.324274804927816351e-01	1.324253832072650461e-01	1.580865675978323863e-04	6.800988886179615148e-04	5.314784653777836687e-04	4.712710730397036456e-09	1.211582066706475523e-03
1.534430326056114569e-01	4.251765699817833166e+01	1.298925253789256190e-09	1.200423351141540786e-02	1.295652990107136193e-01	1.295105340122144344e-01	1.295084786482871841e-01	1.458764860705467925e-04	6.246168042394229262e-04	4.861764678391911087e-04	4.408206264948199292e-09	1.110797680284878949e-03
1.506849982806194033e-01	4.441369312690095228e+01	1.328174094254658898e-09	1.149414258914436930e-02	1.267127754140696672e-01	1.266591399781404337e-01	1.266571259273868155e-01	1.343753861008731428e-04	5.736437351463958894e-04	4.447541687170109069e-04	4.123319372551173561e-09	1.018402027182779314e-03
1.479799682753349388e-01	4.639428125719731355e+01	1.358089146064661507e-09	1.100556407142061488e-02	1.239220463387633586e-01	1.238695221699483567e-01	1.238675488545301628e-01	1.235160651232495134e-04	5.268124730362901348e-04	4.068478713117541952e-04	3.856793145523281617e-09	9.336642011411898151e-04
1.453264336594715100e-01	4.846319190844825187e+01	1.388686105093683176e-09	1.053755548608251852e-02	1.211913508980809184e-01	1.211399200309859203e-01	1.211379868800794291e-01	1.132818862531588885e-04	4.837865645791290456e-04	3.721547961097273777e-04	3.607450388280888594e-09	8.559449681392447464e-04
1.427229387903086455e-01	5.062436374290687979e+01	1.419976800093797841e-09	1.008936770288599780e-02	1.185209832922353851e-01	1.184706269052039906e-01	1.184687333059490089e-01	1.037338062763561907e-04	4.442572612979056070e-04	3.404219137275787737e-04	3.374189318931783277e-09	7.846825492148032811e-04
1.401680479223451625e-01	5.288191106387649398e+01	1.451974929121530200e-09	9.660148035390343779e-03	1.159094869911887621e-01	1.158601866177210865e-01	1.158583319671910999e-01	9.471507621246083868e-05	4.079407302827787758e-04	3.113951981205751308e-04	3.155977485357430904e-09	7.193390843808392760e-04
1.376603446488800786e-01	5.524013164826341438e+01	1.484701724461371194e-09	9.249014154757685680e-03	1.133545052763481886e-01	1.133062428421605927e-01	1.133044265439535903e-01	8.631844390650054305e-05	3.745760553531063213e-04	2.848331997547070941e-04	2.951848905308964241e-09	6.594122069567187518e-04
1.351984708058508733e-01	5.770351492841427188e+01	1.518173114696922121e-09	8.855231312965053045e-03	1.108552152729153084e-01	1.108079724770054675e-01	1.108061939183013628e-01	7.844626209417814846e-05	3.439238789838278826e-04	2.605310605337696097e-04	2.760899554403587095e-09	6.044577004171519880e-04
1.327810926814611825e-01	6.027675053881600320e+01	1.552396379039757811e-09	8.478154270480282167e-03	1.084117168292703243e-01	1.083654752802516580e-01	1.083637338443256548e-01	7.117417593909659097e-05	3.157641855129510915e-04	2.383084475945648284e-04	2.582282617282008571e-09	5.540752153901331483e-04
1.304068988534029250e-01	6.296473724392754434e+01	1.587397780582480067e-09	8.116990123449331629e-03	1.060215501152431544e-01	1.059762916525036069e-01	1.059745867200548031e-01	6.440264641774193644e-05	2.898947246323430212e-04	2.179770345745043417e-04	2.415205048386326187e-09	5.078741744118957973e-04
1.280746269124007630e-01	6.577259226414017235e+01	1.623194645046877947e-09	7.771036548798357715e-03	1.036830772243834686e-01	1.036387842024618366e-01	1.036371151710875627e-01	5.812558839948195962e-05	2.661298521394955623e-04	1.993725108610007338e-04	2.258924490245163756e-09	4.655046219249865474e-04
1.257830337035457657e-01	6.870566101762052824e+01	1.659797090055053894e-09	7.439757839655600224e-03	1.013968569994802005e-01	1.013535111580467635e-01	1.013518773970376874e-01	5.230931347723219248e-05	2.442988609090576365e-04	1.823607600231058471e-04	2.112746204236631945e-09	4.266617336783676794e-04
1.235309231607989305e-01	7.176952729658206920e+01	1.697226923698353337e-09	7.122486958669536905e-03	9.916102337876636641e-02	9.911860682190952454e-02	9.911700770827744367e-02	4.693825459159679076e-05	2.242450333588218950e-04	1.668004059621912608e-04	1.976020346116800691e-09	3.910474153413592857e-04
1.213171401256317866e-01	7.497002389735888528e+01	1.735505388448816606e-09	6.818589077931667096e-03	9.697374809081395208e-02	9.693224347154340281e-02	9.693067839977519140e-02	4.202755196912190107e-05	2.058244192835659422e-04	1.525631120500415910e-04	1.848138270500275253e-09	3.583893794718780472e-04
1.191405471329211735e-01	7.831324372451636862e+01	1.774647993677347020e-09	6.527545558212908237e-03	9.483473274407892839e-02	9.479412246773168127e-02	9.479259081776107709e-02	3.748070280518708082e-05	1.889046055762264454e-04	1.395411333481054775e-04	1.728530209481377330e-09	3.284474674545413784e-04
1.170000281728444252e-01	8.180555139014114729e+01	1.814668560824869570e-09	6.248854979639806642e-03	9.274366978345220669e-02	9.270393612848350229e-02	9.270243727184654392e-02	3.334274622429178429e-05	1.733638320770527401e-04	1.276348912060192790e-04	1.616663069424629818e-09	3.010003399461414386e-04
1.148945470232017596e-01	8.545359533038998734e+01	1.855593887097657901e-09	5.981923880421096372e-03	9.069821939791891663e-02	9.065934543505259346e-02	9.065787877025337227e-02	2.954315384772679607e-05	1.590905262334549742e-04	1.167420008799246610e-04	1.512037665155029490e-09	2.758340391510447943e-04
1.128230771508502289e-01	8.926432046236526219e+01	1.897443428487776727e-09	5.726270599131258812e-03	8.869761603096444624e-02	8.865958476525698240e-02	8.865814968277670183e-02	2.607347974143898033e-05	1.459819651278911230e-04	1.067774830724143160e-04	1.414186741612695940e-09	2.527608623870470674e-04
1.107845965402091126e-01	9.324498140541228963e+01	1.940231273055975864e-09	5.481459085912416228e-03	8.674163633427790787e-02	8.670443080674894443e-02	8.670302669760845959e-02	2.291870722542582538e-05	1.339435660837324355e-04	9.766571996385923571e-05	1.322673057280717900e-09	2.316106087206489601e-04
1.087781513196326849e-01	9.740315629200817682e+01	1.983978688073252091e-09	5.247027242878728875e-03	8.482921540535635907e-02	8.479281878164959818e-02	8.479144503688806900e-02	2.005538507915935576e-05	1.228886058310795372e-04	8.933329537865340102e-05	1.237087531466192808e-09	2.122231382972643917e-04
1.068028442074593076e-01	1.017467611945355372e+02	2.028710642605555314e-09	5.022508979220606691e-03	8.295881253052989068e-02	8.292320845738154755e-02	8.292186448365265750e-02	1.744203522928107077e-05	1.127374726549884598e-04	8.171118695692680494e-05	1.157047214570942608e-09	1.944498166591298552e-04
1.048577923326132061e-01	1.062840651954031728e+02	2.074447950902756564e-09	4.807494480669683573e-03	8.112963951573015642e-02	8.109481182748431993e-02	8.109349703639952278e-02	1.509872106034185711e-05	1.034168663099848355e-04	7.473937637298356444e-05	1.082193718144931660e-09	1.781573248766865560e-04
1.029421455216938674e-01	1.110237061292069711e+02	2.121211054935349842e-09	4.601588169230632318e-03	7.934087477273586708e-02	7.930680743169850333e-02	7.930552123651073149e-02	1.296428983082586503e-05	9.485939109094037496e-05	6.836268468295947863e-05	1.012191756144110995e-09	1.632230879656559918e-04
1.010550477454475043e-01	1.159747070268970504e+02	2.169014745114858249e-09	4.404447155470755763e-03	7.759253033652939446e-02	7.755920721276335361e-02	7.755794902201337826e-02	1.106054491684839340e-05	8.700292403461313987e-05	6.253321120907540868e-05	9.467275857911432408e-10	1.495370819712743473e-04
9.919577984216616795e-02	1.211464932932578620e+02	2.217888924411953320e-09	4.215663599545861444e-03	7.588284276715175081e-02	7.585024830924523565e-02	7.584901755077458341e-02	9.319452531651569246e-06	7.979076437759288494e-05	5.720122825209587739e-05	8.855074684547735476e-10	1.369928781371572337e-04
9.736361298886364590e-02	1.265489106504022487e+02	2.267856010031901331e-09	4.034886088292255132e-03	7.421095046049637489e-02	7.417906934673479391e-02	7.417786545505837548e-02	7.750069539621364168e-06	7.317058104016053077e-05	5.232423454646227854e-05	8.282566693881919333e-10	1.254956438432922017e-04
9.555785826407552086e-02	1.321922438814390262e+02	2.318938817662638611e-09	3.861788267105295894e-03	7.257624000258325325e-02	7.254505709036761230e-02	7.254387950556448472e-02	6.394515709142561210e-06	6.709426629530821078e-05	4.786396810568094686e-05	7.747181705205600669e-10	1.149590091191596730e-04
9.377787080380596552e-02	1.380872364099986100e+02	2.371160682067455676e-09	3.696041541363697530e-03	7.097775309484648243e-02	7.094725351526279256e-02	7.094610168577648868e-02	5.126171835274546826e-06	6.151760486823508955e-05	4.378443718036184422e-05	7.246514391807125297e-10	1.053027667000361165e-04
9.202304849498224582e-02	1.442451107528872001e+02	2.424545397556690915e-09	3.537346733537330510e-03	6.941490855175019847e-02	6.938507761725988543e-02	6.938395099740818361e-02	4.039746320478753971e-06	5.639995132580444829e-05	4.005361849937745056e-05	6.778314698549520788e-10	9.645424765665174590e-05
9.029283317168627920e-02	1.506775898848108568e+02	2.479117178971162543e-09	3.385408160579970668e-03	6.788693184481565945e-02	6.785775510725181037e-02	6.785665315905688166e-02	2.997247369750517844e-06	5.170394251431297065e-05	3.664168317922960211e-05	6.340478349580042160e-10	8.834625974137753294e-05
8.858671140989446413e-02	1.573969195558389060e+02	2.534900961193374442e-09	3.239931474700612733e-03	6.639278991252967055e-02	6.636425327437371624e-02	6.636317547176648346e-02	2.109180133692500995e-06	4.739523246170357579e-05	3.352079642037855711e-05	5.931035379505345083e-10	8.091662198562008153e-05
8.690421560544539514e-02	1.644158916040941847e+02	2.591922234875071748e-09	3.100670845047453269e-03	6.493236625380313654e-02	6.490445564020846936e-02	6.490340145758387302e-02	1.303824431378674037e-06	4.344224970211987022e-05	3.066729999177135642e-05	5.548143282552217559e-10	7.411010450821948179e-05
8.524492535127337067e-02	1.717478683080518351e+02	2.650206948319160260e-09	2.967342225899588081e-03	6.350433333358843080e-02	6.347703514400633573e-02	6.347600407229481156e-02	5.803717477393083418e-07	3.981597500035533835e-05	2.805718148868790790e-05	5.190079543614826787e-10	6.787367549699760362e-05
8.360846718097521280e-02	1.794068078248059805e+02	2.709781991475633652e-09	2.839705895656566368e-03	6.210820739845503147e-02	6.208150820336524184e-02	6.208049973942825900e-02	3.835292320728182451e-08	3.648973376505755355e-05	2.567004045107402577e-05	4.855231188661926710e-10	6.216025973925044042e-05
8.199451442489411046e-02	1.874072907627346467e+02	2.770674811846447484e-09	2.717526185901965319e-03	6.074336907930218132e-02	6.071725567137454399e-02	6.071626931983483549e-02	0.000000000000000000e+00	3.343900648320282569e-05	2.348691957132079458e-05	4.542090427478293095e-10	5.692638026356636627e-05
8.040278672335435250e-02	1.957645479391447907e+02	2.832913313228757197e-09	2.600560951343564714e-03	5.940876567525103791e-02	5.938322525072874808e-02	5.938226053075144201e-02	0.000000000000000000e+00	3.064125467180880172e-05	2.148981407908797156e-05	4.249248246410877326e-10	5.213149367572141599e-05
7.883304979812202906e-02	2.044944893757478042e+02	2.896526516394638518e-09	2.488607464597276334e-03	5.810417182792596696e-02	5.807919165814388884e-02	5.807824809141797634e-02	0.000000000000000000e+00	2.807576207692884940e-05	1.966345328902356968e-05	3.975385055183819028e-10	4.773961290445793786e-05
7.728511462570281099e-02	2.136137345871599678e+02	2.961544206314046411e-09	2.381441105671804406e-03	5.682851867736933571e-02	5.680408645460501005e-02	5.680316357816735107e-02	0.000000000000000000e+00	2.572348822641536519e-05	1.799268022174352536e-05	3.719266992918359532e-10	4.371654037485818152e-05
7.575883608351381693e-02	2.231396442200913839e+02	3.027996863267334840e-09	2.278861199970762686e-03	5.558116411428397352e-02	5.555726778412513334e-02	5.555636514425506961e-02	0.000000000000000000e+00	2.356693370876521669e-05	1.646421637590199147e-05	3.479740707581736114e-10	4.003149805873797308e-05
7.425408778511030650e-02	2.330903531034551293e+02	3.095911857434660968e-09	2.180690873704990186e-03	5.436197552626800822e-02	5.433860307430660869e-02	5.433772021855094725e-02	0.000000000000000000e+00	2.158998677836249544e-05	1.506646708418474477e-05	3.255728234738960391e-10	3.665677943537071361e-05
7.277076891316928975e-02	2.434848047723182560e+02	3.165315154372172821e-09	2.086732180891961129e-03	5.316999101992554710e-02	5.314713082073112965e-02	5.314626731097844836e-02	0.000000000000000000e+00	1.977783064320715129e-05	1.378785942886908497e-05	3.046220409155559870e-10	3.356599469411715458e-05
7.130889815624513739e-02	2.543427875314121991e+02	3.236248304420133636e-09	1.996813583978554376e-03	5.200472635738735000e-02	5.198236698497057939e-02	5.198152239051747475e-02	0.000000000000000000e+00	1.811694919637688760e-05	1.261832640169210587e-05	2.850273371474958717e-10	3.073556062540614119e-05
6.986847313466644505e-02	2.656849721268672511e+02	3.308745195401376130e-09	1.910750328566613709e-03	5.086512223105289082e-02	5.084325269859028829e-02	5.084242660508973138e-02	0.000000000000000000e+00	1.659485723715301133e-05	1.154810866815588299e-05	2.667005618315014176e-10	2.814323260587072676e-05
6.844944633288192748e-02	2.775329510978812664e+02	3.382825697143926772e-09	1.828397793723918240e-03	4.975127018190166062e-02	4.972987945426619871e-02	4.972907144541895835e-02	0.000000000000000000e+00	1.520001493307627702e-05	1.056932328550861813e-05	2.495592377063534174e-10	2.576958777782260257e-05
6.705191586791399427e-02	2.899092798832406856e+02	3.458534695549681758e-09	1.749591609001885156e-03	4.866229426346996983e-02	4.864137167455621219e-02	4.864058134789392418e-02	0.000000000000000000e+00	1.392194266134556077e-05	9.673882552695948586e-06	2.335262923124150268e-10	2.359605874033382072e-05
6.567595533252042206e-02	3.028375197609492488e+02	3.535910900004897242e-09	1.674167460745422560e-03	4.759713553793689517e-02	4.757667086876705281e-02	4.757589783859454691e-02	0.000000000000000000e+00	1.275096963406348103e-05	8.854290263685276778e-06	2.185295940015254296e-10	2.160547842734275681e-05
6.432156876269426449e-02	3.163422827027097810e+02	3.614971839214772236e-09	1.602012679126415358e-03	4.655640738667656681e-02	4.653639015099340220e-02	4.653563402146888850e-02	0.000000000000000000e+00	1.167814918542046383e-05	8.104912396423417128e-06	2.045018681459021851e-10	1.978326608371203015e-05
6.298892393055249839e-02	3.304492782286538386e+02	3.695776939546496417e-09	1.532956895342465348e-03	4.553835552848099766e-02	4.551877598875431891e-02	4.551803639223913484e-02	0.000000000000000000e+00	1.069538733878433614e-05	7.418905838377534047e-06	1.913800518503980726e-10	1.811448455721372308e-05
6.167802725714720963e-02	3.451853623515086156e+02	3.778341822503655110e-09	1.466889159735483821e-03	4.454330742599037218e-02	4.452415570095365205e-02	4.452343226433793516e-02	0.000000000000000000e+00	9.795131803644055788e-06	6.791415935947598409e-06	1.791052989127261862e-10	1.658672684489056654e-05
6.038902369137290338e-02	3.605785887033914037e+02	3.862724832490390069e-09	1.403669190826694908e-03	4.357019986443245313e-02	4.355146652754363079e-02	4.355075889485967439e-02	0.000000000000000000e+00	8.970546929364364144e-06	6.217112030937518898e-06	1.676225487806625430e-10	1.518782658285066392e-05
5.912192955073627271e-02	3.766582619425526559e+02	3.948945846563752373e-09	1.343183331773887190e-03	4.261889806738280301e-02	4.260057374771435146e-02	4.259988156506186452e-02	0.000000000000000000e+00	8.215281189808272918e-06	5.691665272480422145e-06	1.568803805897878079e-10	1.390710334266928548e-05
5.787685834672675472e-02	3.934549935417456368e+02	4.037065779506187874e-09	1.285306604882918658e-03	4.168854038253452104e-02	4.167061607847990373e-02	4.166993900589278238e-02	0.000000000000000000e+00	7.523570917228958632e-06	5.210714081353625752e-06	1.468307030111574230e-10	1.273443182928559722e-05
5.665379384156153664e-02	4.110007600644267995e+02	4.127100464466597390e-09	1.229939223949935191e-03	4.077919495769824487e-02	4.076166163698356076e-02	4.076099933331754632e-02	0.000000000000000000e+00	6.890065582502624464e-06	4.770732616497007234e-06	1.374285730768897540e-10	1.166093562757270882e-05
5.545281094582393822e-02	4.293289640397296125e+02	4.219117880058186647e-09	1.176957733534232664e-03	3.988969256615106096e-02	3.987254169846984192e-02	3.987189384153088517e-02	0.000000000000000000e+00	6.309914440750414658e-06	4.367905579538080378e-06	1.286318934146871478e-10	1.067794865218190939e-05
5.427386889830449618e-02	4.484744975521068682e+02	4.313140760303456513e-09	1.126274202790482782e-03	3.902023072824775674e-02	3.900345369778259602e-02	3.900281996213812025e-02	0.000000000000000000e+00	5.778623470268233146e-06	3.999353727036326439e-06	1.204014516867633268e-10	9.778097598756245836e-06
5.311695788897924375e-02	4.684738086666857839e+02	4.409224523923097692e-09	1.077778348702049813e-03	3.816985940561011537e-02	3.815344800453478874e-02	3.815282808015604821e-02	0.000000000000000000e+00	5.292097799916044821e-06	3.661952667104541843e-06	1.127005028230418546e-10	8.954163167523410111e-06
5.198202459771227718e-02	4.893649708168104553e+02	4.507417504173378647e-09	1.031379268680854278e-03	3.733828739932056745e-02	3.732223354477055832e-02	3.732162712634554125e-02	0.000000000000000000e+00	4.846575495168257214e-06	3.353112019868984023e-06	1.054947409192101152e-10	8.199793009778160046e-06
5.086896489081463996e-02	5.111877552858539957e+02	4.607746895538312040e-09	9.869920575025085182e-04	3.652536295547411521e-02	3.650965862959171943e-02	3.650906541425990443e-02	0.000000000000000000e+00	4.438599942934186869e-06	3.070496783457271957e-06	9.875212240895619999e-11	7.509195478513867720e-06
4.977768858599834062e-02	5.339837069212916276e+02	4.710281353444349474e-09	9.445205970253090898e-04	3.573022673258382381e-02	3.571486428688404324e-02	3.571428398573563145e-02	0.000000000000000000e+00	4.065018455686289567e-06	2.811729739314202741e-06	9.244264309581536776e-11	6.876840637643588216e-06
4.870804435026857004e-02	5.577962232251740033e+02	4.815061069238444306e-09	9.038862701002477358e-04	3.495267974976852543e-02	3.493765162123537577e-02	3.493708394858744543e-02	0.000000000000000000e+00	3.722930448475449635e-06	2.574852748092421691e-06	8.653829219701108188e-11	6.297869734860067925e-06
4.765985636256246660e-02	5.826706369715670917e+02	4.922126014125873136e-09	8.650118551259355047e-04	3.419244426531099779e-02	3.417774301030993001e-02	3.417718768498791138e-02	0.000000000000000000e+00	3.409679755792329529e-06	2.358039507103361282e-06	8.101288217537230284e-11	5.767800275777865411e-06
4.663293650418273706e-02	6.086543025082463600e+02	5.031543412184825399e-09	8.278158039561484818e-04	3.344886571856413304e-02	3.343448417487506624e-02	3.343394092633395626e-02	0.000000000000000000e+00	3.122837150668967843e-06	2.159514212675914211e-06	7.584190895154138493e-11	5.282427205253833678e-06
4.562705602607634858e-02	6.357966859069258589e+02	5.143358563818405611e-09	7.922265901459915778e-04	3.272163363150150384e-02	3.270756477040723254e-02	3.270703333314444600e-02	0.000000000000000000e+00	2.860173060097636486e-06	1.977745466567147958e-06	7.100247210711145517e-11	4.837989529136891236e-06
4.464196794984776756e-02	6.641494591336652320e+02	5.257612808922041707e-09	7.581792529093589212e-04	3.201062484463771535e-02	3.199686169038057360e-02	3.199634180089380719e-02	0.000000000000000000e+00	2.619646863678315986e-06	1.811369677510983365e-06	6.647319285756078364e-11	4.431083014382156938e-06
4.367741103494034161e-02	6.937665984187150343e+02	5.374378086704436935e-09	7.256004675120525816e-04	3.131513999369882340e-02	3.130167587124186440e-02	3.130116727738802701e-02	0.000000000000000000e+00	2.399391282386991763e-06	1.659005849108424089e-06	6.223404671302672572e-11	4.058459365542129104e-06
4.273309857644975313e-02	7.247044870130758909e+02	5.493708481090712391e-09	6.944265992262885386e-04	3.063483270572288364e-02	3.062166108898911610e-02	3.062116354425187953e-02	0.000000000000000000e+00	2.197694790249701600e-06	1.519471432264607315e-06	5.826632412974991627e-11	3.717224488838438591e-06
4.180872537449911025e-02	7.570220225273931192e+02	5.615638320351987498e-09	6.646041905774156735e-04	2.996977706732272678e-02	2.995689139838595555e-02	2.995640465504584640e-02	0.000000000000000000e+00	2.012989856989939775e-06	1.391760597757559863e-06	5.455256349172753304e-11	3.404805007310991587e-06
4.090398027006400539e-02	7.907807290575304933e+02	5.740248888642048733e-09	6.360664554440939155e-04	2.931918335187517696e-02	2.930657741240919392e-02	2.930610123557482807e-02	0.000000000000000000e+00	1.843842825942581919e-06	1.274787995473212772e-06	5.107639557111222912e-11	3.118681897811365843e-06
4.001853527891995055e-02	8.260448743102882645e+02	5.867599338502769012e-09	6.087585133120980560e-04	2.868277436144136411e-02	2.867044205231499693e-02	2.866997621159743381e-02	0.000000000000000000e+00	1.688940095901019130e-06	1.167656532671111120e-06	4.782254023590553429e-11	2.856644451112366002e-06
3.915205243759754122e-02	8.628815919522211288e+02	5.997730797919918252e-09	5.826314493443640304e-04	2.806049438563662166e-02	2.804842963170329703e-02	2.804797389761962134e-02	0.000000000000000000e+00	1.547078986930380971e-06	1.069576275738221732e-06	4.477669916270433942e-11	2.616700039367765302e-06
3.830418926322248785e-02	9.013610094145051335e+02	6.130717476113428244e-09	5.576306823948176672e-04	2.745183460112545978e-02	2.744003154603663272e-02	2.743958569736885261e-02	0.000000000000000000e+00	1.417158918850764562e-06	9.797516015561302870e-07	4.192551034650779748e-11	2.396952445917241664e-06
3.747459701811289151e-02	9.415563813971385798e+02	6.266630280944629409e-09	5.337060629649772016e-04	2.685641233146876181e-02	2.684486528342779760e-02	2.684442910517369218e-02	0.000000000000000000e+00	1.298172190933484770e-06	8.974752324769514700e-07	3.925644934685687123e-11	2.195686679859782977e-06
3.666292356548848247e-02	9.835442293266423803e+02	6.405523957124235343e-09	5.108129190049002025e-04	2.627405560497685783e-02	2.626275894615698325e-02	2.626233222610851320e-02	0.000000000000000000e+00	1.189196315406241086e-06	8.221270669099181175e-07	3.675781492504969756e-11	2.011360140131084447e-06
3.586881480197054439e-02	1.027404487032749330e+03	6.547457231814692317e-09	4.889077487047539155e-04	2.570455500635640891e-02	2.569350320898062742e-02	2.569308573833129286e-02	0.000000000000000000e+00	1.089386792942711300e-06	7.531315603917880644e-07	3.441868898846902639e-11	1.842552772023487736e-06
3.509191699151625182e-02	1.073220652921410647e+03	6.692514634940179281e-09	4.679443306469526658e-04	2.514740709384861994e-02	2.513659484662457769e-02	2.513618642474541032e-02	0.000000000000000000e+00	9.979706232760982958e-07	6.899273117912888861e-07	3.222884120117467857e-11	1.687930163908588324e-06
3.433187770293562313e-02	1.121079948933828746e+03	6.840765219793026125e-09	4.478821168965338266e-04	2.460235060857860617e-02	2.459177271255754554e-02	2.459137314306326927e-02	0.000000000000000000e+00	9.142401999372776308e-07	6.320288481890827204e-07	3.017870020017391346e-11	1.546299226826560446e-06
3.358834647329916878e-02	1.171073486594103088e+03	6.992251014179911836e-09	4.286865519071679791e-04	2.406942147985744254e-02	2.405907272065584829e-02	2.405868180657817421e-02	0.000000000000000000e+00	8.375477220070626938e-07	5.790193746490673301e-07	2.825931292088501672e-11	1.416595355969051118e-06
3.286097534334277148e-02	1.223296440461639122e+03	7.147073054103994934e-09	4.103154350336191722e-04	2.354803323746190030e-02	2.353790865287213804e-02	2.353752620676844917e-02	0.000000000000000000e+00	7.673000945693869477e-07	5.304556125523569256e-07	2.646230643135124553e-11	1.297782169428175259e-06
3.214942064998406457e-02	1.277848229318499989e+03	7.305305584287583205e-09	3.927332098710901065e-04	2.303793538430940618e-02	2.302803011983469914e-02	2.302765595833109261e-02	0.000000000000000000e+00	7.029543939330152936e-07	4.859646867184159673e-07	2.477984681040278761e-11	1.188943860498241750e-06
3.145334379492462085e-02	1.334832705436643437e+03	7.467003601827722846e-09	3.759084768427008974e-04	2.253907411250754070e-02	2.252938333680208280e-02	2.252901727739917495e-02	8.127823712258016072e-10	6.440136161580718549e-07	4.452201122982440015e-07	2.320459795948448312e-11	1.089256933054275164e-06
3.077241063492017897e-02	1.394358352285360525e+03	7.632252935868529645e-09	3.598070796800321774e-04	2.205110129505714195e-02	2.204162032646241054e-02	2.204126219231510031e-02	1.315417633692399406e-07	5.900226881340618056e-07	4.078980466106606201e-07	2.172971326751048275e-11	9.979424644579899659e-07
3.010629254070503955e-02	1.456538491055291843e+03	7.801144681723301736e-09	3.443964473738983035e-04	2.157367716429697130e-02	2.156440146725108892e-02	2.156405108703295451e-02	2.274607868928568927e-08	5.405649721216952893e-07	3.737035217551615091e-07	2.034876725618608027e-11	9.142888426441130208e-07
2.945466714076575357e-02	1.521491496392210820e+03	7.973747824367341066e-09	3.296479765663642026e-04	2.110666207057873903e-02	2.109758716957297470e-02	2.109724437422603668e-02	9.664841300862665559e-08	4.952590369444447003e-07	3.423802590649258819e-07	1.905576163359185243e-11	8.376583517710041683e-07
2.881721835438399992e-02	1.589341021751227572e+03	8.150132372264701269e-09	3.155342527993331347e-04	2.064992097962554257e-02	2.064104245721498990e-02	2.064070707987457343e-02	1.666435508917139901e-07	4.537556555041104635e-07	3.136924491883899097e-07	1.784507457983718039e-11	7.674659497670801294e-07
2.819363523449515754e-02	1.660216234800487882e+03	8.330406111349301381e-09	3.020255115601092511e-04	2.020303929038889945e-02	2.019435290740091704e-02	2.019402478793644665e-02	8.735399899312968821e-08	4.157349961716877505e-07	2.874069874226245808e-07	1.671144953210377093e-11	7.031586950438444194e-07
2.758361327025295184e-02	1.734252063322469667e+03	8.514654983017846056e-09	2.890957580320307639e-04	1.976580581300435221e-02	1.975730742107148843e-02	1.975698640278243309e-02	1.176536966358548072e-07	3.809042155507749350e-07	2.633228738333026465e-07	1.564996764267629923e-11	6.442427393517203067e-07
2.698685537004797894e-02	1.811589452081028185e+03	8.702930176304757379e-09	2.767230371177451702e-04	1.933826214285657916e-02	1.932994757573635106e-02	1.932963350124699414e-02	8.940652310607862573e-08	3.489952200045042962e-07	2.412682983109708445e-07	1.465602221239313219e-11	5.902781743376875871e-07
2.640306972168380770e-02	1.892375631143190958e+03	8.895358404245552146e-09	2.648802736165712388e-04	1.891993626065528039e-02	1.891180155505740867e-02	1.891149427465835253e-02	9.573452240265286410e-08	3.197624540928166600e-07	2.210594904885075896e-07	1.372530550858787155e-11	5.408356698868328848e-07
2.583197139871364068e-02	1.976764396166515780e+03	9.092031768291415751e-09	2.535446983890449701e-04	1.851062814269932577e-02	1.850266942133968126e-02	1.850236878857033571e-02	2.298048501402405160e-07	2.929810810465208204e-07	2.025420095253051055e-07	1.285378613449692048e-11	4.955359443579603650e-07
2.527328200796662844e-02	2.064916401185627365e+03	9.293015023358931046e-09	2.426964586287023529e-04	1.811031819514732216e-02	1.810253158917262892e-02	1.810223745789085389e-02	1.806472501287745743e-07	2.684452119357795442e-07	1.855815562475796087e-07	1.203768806103141904e-11	4.540388058714202045e-07
2.472672843911090032e-02	2.156999464455261204e+03	9.498421734653542781e-09	2.323133163634418419e-04	1.771869723840528363e-02	1.771107901189796635e-02	1.771079124098316748e-02	9.509894596855286894e-08	2.459662549329294883e-07	1.700425614347814080e-07	1.127347782677076640e-11	4.160200898455376636e-07
2.419204396228627832e-02	2.253188887932141824e+03	9.708361774301130725e-09	2.223745659205916207e-04	1.733550923669640101e-02	1.732805576382925872e-02	1.732777421631937972e-02	7.997969859738864247e-08	2.253715069816047999e-07	1.558033903410081266e-07	1.055784915053702379e-11	3.811854551717634763e-07
2.366896815490998618e-02	2.353667791003840648e+03	9.922915609372305554e-09	2.128622102228019985e-04	1.696067569926562255e-02	1.695338338796086031e-02	1.695310792816870707e-02	5.619629835871067579e-08	2.065028101463508872e-07	1.427588660788358760e-07	9.887707477200775249e-12	3.492715639326639635e-07
2.315724619865945286e-02	2.458627459099974658e+03	1.014218041286861955e-08	2.037580834311250285e-04	1.659403283539405416e-02	1.658689816400088848e-02	1.658662865889958329e-02	1.069572993487028664e-07	1.892153016841019749e-07	1.308091939177652033e-07	9.260155643220933285e-12	3.200337557575104092e-07
2.265662872736045816e-02	2.568267707849400722e+03	1.036628550290126486e-08	1.950433885644458330e-04	1.623527766241374473e-02	1.622829723955333467e-02	1.622803356103689337e-02	1.459648969646035989e-07	1.733762932148415237e-07	1.198586470223411340e-07	8.672481231710313008e-12	2.932436127184144061e-07
2.216687224225759312e-02	2.682797263476666558e+03	1.059532916696694322e-08	1.867018487974510808e-04	1.588428299912350225e-02	1.587745348810169765e-02	1.587719551012979277e-02	4.391487322262725345e-08	1.588642612362240484e-07	1.098249345023856084e-07	8.122144913067105387e-12	2.686973178835227286e-07
2.168773896755179370e-02	2.802434160161916679e+03	1.082939115335573311e-08	1.787186395098276268e-04	1.554100695380348368e-02	1.553432503594100351e-02	1.553407263315380836e-02	6.075127225380294709e-08	1.455679032994195186e-07	1.006345498069203316e-07	7.606770135866000411e-12	2.462100598764757411e-07
2.121899596844607425e-02	2.927406155120648691e+03	1.106862157330167688e-08	1.710767448982608173e-04	1.520510972240192438e-02	1.519857222512152953e-02	1.519832527767807535e-02	2.244720624251559322e-08	1.333852559717499442e-07	9.221227202192389883e-08	7.124131678907104436e-12	2.256046521253527458e-07
2.076041575020746641e-02	3.057951162193628988e+03	1.131313535166293024e-08	1.637615512751537607e-04	1.487643254457507620e-02	1.487003636356218177e-02	1.486979475420006219e-02	2.210739135144737636e-08	1.222229281466127729e-07	8.449396265563708791e-08	6.672146603922993372e-12	2.067235629488537899e-07
2.031177623920247047e-02	3.194317704772324760e+03	1.156299928242200715e-08	1.567607588412535705e-04	1.455501125092967252e-02	1.454875326646568739e-02	1.454851687734061948e-02	1.212766782324566230e-08	1.119953800442462682e-07	7.742490319106278567e-08	6.248865073329868417e-12	1.894265321003823932e-07
1.987285986712190519e-02	3.336765388922139209e+03	1.181837971072074277e-08	1.500592167375477167e-04	1.424050171632735076e-02	1.423437895665381758e-02	1.423414767551056496e-02	1.182433735591850511e-08	1.026242440956806346e-07	7.094661038569507085e-08	5.852461206570880621e-12	1.735767069425822991e-07
1.944345410411998931e-02	3.485565397604147165e+03	1.207940136134663488e-08	1.436440545419217151e-04	1.393274774974350566e-02	1.392675731025896577e-02	1.392653102737909793e-02	4.004505852643383963e-08	9.403773629070764329e-08	6.500961386646200058e-08	5.481225728590451783e-12	1.590528313828982368e-07
1.902335133806310266e-02	3.641001006936188787e+03	1.234614805794793866e-08	1.375041591522160270e-04	1.363174197140193909e-02	1.362588095067851501e-02	1.362565955646346562e-02	5.647550330470049462e-08	8.617010126992441856e-08	5.957114078855268365e-08	5.133558469866694951e-12	1.457463756169469795e-07
1.861234843327993008e-02	3.803368125476193200e+03	1.261877237961086374e-08	1.316269617638029328e-04	1.333724690006678724e-02	1.333151249878529107e-02	1.333129588749355603e-02	3.457530175067688485e-08	7.896109892150417621e-08	5.458775741220108371e-08	4.807961100694845317e-12	1.335536642948059574e-07
1.821024675935372511e-02	3.972975857554277354e+03	1.289741990038038343e-08	1.260008245831230550e-04	1.304907354385037403e-02	1.304346304395052544e-02	1.304325111291007068e-02	4.586022138963532218e-09	7.235554347772652875e-08	5.002063541782283180e-08	4.503030740583676080e-12	1.223806819262899492e-07
1.781685222314245004e-02	4.150147091726198596e+03	1.318219289154876893e-08	1.206157259838886429e-04	1.276717821102976713e-02	1.276168891323789176e-02	1.276148156048633603e-02	9.637218229916717920e-09	6.630288074218744362e-08	4.583636523198396896e-08	4.217453984946198854e-12	1.121434634281563604e-07
1.743197504184194196e-02	4.335219115468314158e+03	1.347322874846877477e-08	1.154612451467234077e-04	1.249141456751422241e-02	1.248604383547458757e-02	1.248584096142620753e-02	8.054102978566782792e-09	6.075679668667419882e-08	4.200267765122661914e-08	3.950000998126007482e-12	1.027634243388989489e-07
1.705542954471390635e-02	4.528544257284313971e+03	1.377069557649181181e-08	1.105268801546377492e-04	1.222156727862251831e-02	1.221631256856458604e-02	1.221611407713098230e-02	9.084356938262599421e-10	5.567485993864097528e-08	3.848913054224027410e-08	3.699520207968908667e-12	9.416769000108921854e-08
1.668703426755318436e-02	4.730490557446110870e+03	1.407471572857902962e-08	1.058036085660051418e-04	1.195756225413301121e-02	1.195242105414279915e-02	1.195222685043891703e-02	1.617248157009695398e-09	5.101819829841274892e-08	3.526964525935537410e-08	3.464933405361242906e-12	8.629130849117348885e-08
1.632661174553234548e-02	4.941442468645801455e+03	1.438540973563670865e-08	1.012827969671530081e-04	1.169933089458611089e-02	1.169430072224443562e-02	1.169411071249935180e-02	1.395918841134900565e-09	4.675119829803246974e-08	3.232024072099170306e-08	3.245230985391595440e-12	7.907468425000956000e-08
1.597398838853094846e-02	5.161801587892616226e+03	1.470297008680372111e-08	9.695498491557415417e-05	1.144663698458339533e-02	1.144171545903437462e-02	1.144152955331362645e-02	6.309454130378051894e-11	4.284123125739450965e-08	2.961707253505646830e-08	3.039467553808733311e-12	7.246134326000478644e-08
1.562899454280189740e-02	5.391987421048040233e+03	1.502754091597605868e-08	9.281206140617875812e-05	1.119938112791548333e-02	1.119456591103932738e-02	1.119438402102276159e-02	2.686860597306903153e-10	3.925840440869725796e-08	2.713979650422322668e-08	2.846757916515885422e-12	6.640104767083700350e-08
1.529146437819422014e-02	5.632438181454782352e+03	1.535922384115882376e-08	8.884688418781305004e-05	1.095756106989491732e-02	1.095284982454196483e-02	1.095267186194608285e-02	2.090873622238118232e-10	3.597533077803741086e-08	2.487059001722607579e-08	2.666273219372383686e-12	6.084858706848285383e-08
1.496123552428364409e-02	5.883611624179827231e+03	1.569823779828863847e-08	8.505094316560080276e-05	1.072092431051777095e-02	1.071631480810251481e-02	1.071614068874471304e-02	6.658551584309184718e-11	3.296691630060003495e-08	2.279079154423249406e-08	2.497237211878667783e-12	5.576020508204440555e-08
1.463814926771630533e-02	6.145985917459800476e+03	1.604474566580088502e-08	8.141701742712586034e-05	1.048936033462392545e-02	1.048485039407758349e-02	1.048468003557015242e-02	1.459584626154240656e-10	3.021017019834394655e-08	2.088461665862915721e-08	2.338923043888863989e-12	5.109712578001699189e-08
1.432205050546612492e-02	6.420060553007650924e+03	1.639884318144309610e-08	7.793901800727927537e-05	1.026289352854235955e-02	1.025848095831180876e-02	1.025831427787101714e-02	1.480669795687805366e-10	2.768402864329278778e-08	1.913858312373714673e-08	2.190650127361021695e-12	4.682480241715729486e-08
1.401278737065278675e-02	6.706357296913610298e+03	1.676076282559841513e-08	7.460948828460167942e-05	1.004128871588947335e-02	1.003697142552017856e-02	1.003680834418116570e-02	0.000000000000000000e+00	2.536919079648237639e-08	1.753833281231305142e-08	2.051781051631439444e-12	4.290957538984705818e-08
1.371021142266013945e-02	7.005421182950783077e+03	1.713068348970659063e-08	7.142203632594540678e-05	9.824432690657131442e-03	9.820208638362724202e-03	9.820049078999023434e-03	0.000000000000000000e+00	2.324797309804985270e-08	1.607164812815827550e-08	1.921718957955458629e-12	3.932154294516608096e-08
1.341417754298802716e-02	7.317821550176158780e+03	1.750872209551894812e-08	6.837118462995459456e-05	9.612324301126663750e-03	9.608191445643071357e-03	9.608035331147969302e-03	0.000000000000000000e+00	2.130417333124977582e-08	1.472801262410056754e-08	1.799904939820519355e-12	3.603398586029015980e-08
1.312454369471915440e-02	7.644153126802629231e+03	1.789509758840047649e-08	6.545068502501405418e-05	9.404792573937640829e-03	9.400748947511441272e-03	9.400596203555013769e-03	0.000000000000000000e+00	1.952294535403927560e-08	1.349669317772606742e-08	1.685815558782266467e-12	3.302132434732412533e-08
1.284117098072468099e-02	7.985037162405221352e+03	1.829001549549079394e-08	6.265478517079009328e-05	9.201706585023743459e-03	9.197750276192812741e-03	9.197600830571483338e-03	0.000000000000000000e+00	1.789068630954095475e-08	1.236812917378641822e-08	1.578960641157868938e-12	3.026039444396852834e-08
1.256392361650733244e-02	8.341122610617048849e+03	1.869361594857754151e-08	5.997856325283856306e-05	9.003043322069661375e-03	8.999172429266110232e-03	8.999026210150048652e-03	0.000000000000000000e+00	1.639493261244371529e-08	1.133412111163646385e-08	1.478881174787308082e-12	2.773053260525496778e-08
1.229266874421646935e-02	8.713087364566496035e+03	1.910610224030618056e-08	5.741678857710295019e-05	8.808687677527514068e-03	8.804900348674381955e-03	8.804757286103227776e-03	0.000000000000000000e+00	1.502426381830175233e-08	1.038664615334275051e-08	1.385147282946438440e-12	2.541229511892745011e-08
1.202727639214695721e-02	9.101639547407672580e+03	1.952770889923499632e-08	5.496429064111159845e-05	8.618494291606217453e-03	8.614788737124541920e-03	8.614648763498733777e-03	0.000000000000000000e+00	1.376821539997707596e-08	9.518227534965312595e-09	1.297356382031220560e-12	2.328774029132442195e-08
1.176761947751774236e-02	9.507518860400743506e+03	1.995860153285435060e-08	5.261665116598966517e-05	8.432421489087011182e-03	8.428795937316244796e-03	8.428658985713072260e-03	0.000000000000000000e+00	1.261719897602230746e-08	8.722474622717829986e-09	1.215131467766608806e-12	2.134088873020790300e-08
1.151357369902629088e-02	9.931497991108813949e+03	2.039896541923717548e-08	5.036949603879377883e-05	8.250402685122356847e-03	8.246855393030364315e-03	8.246721397608526224e-03	0.000000000000000000e+00	1.156242869130751520e-08	7.993391301581741221e-09	1.138119473373388404e-12	1.955695811236263040e-08
1.126501743142081617e-02	1.037438408439202794e+04	2.084906668482156667e-08	4.821818268275013058e-05	8.072280914875541030e-03	8.068810206917817127e-03	8.068679104385290818e-03	0.000000000000000000e+00	1.059585383260435527e-08	7.325133715891966660e-09	1.065989735222584602e-12	1.792205353823154556e-08
1.102183174095734512e-02	1.083702027899924906e+04	2.130909884367148764e-08	4.615874849268547585e-05	7.897998665616223421e-03	7.894602890976079937e-03	7.894474618974909805e-03	0.000000000000000000e+00	9.710097563743022969e-09	6.712722797618275309e-09	9.984325910843025352e-13	1.642381879395238378e-08
1.078390029690222754e-02	1.132028731268275260e+04	2.177922651891471265e-08	4.418754034205375699e-05	7.727531403578145018e-03	7.724208921987280561e-03	7.724083418557968310e-03	0.000000000000000000e+00	8.898400364535650246e-09	6.151678126172773178e-09	9.351580361135371538e-13	1.505101364874453716e-08
1.055110926990683075e-02	1.182510519889140232e+04	2.225975029421528142e-08	4.230039352194295564e-05	7.560712994894464370e-03	7.557462237514466462e-03	7.557339443395705292e-03	0.000000000000000000e+00	8.154568199197584081e-09	5.637434375434104582e-09	8.758944624215937066e-13	1.379287846909410948e-08
1.032334734490087183e-02	1.235243497823471080e+04	2.275089428458397134e-08	4.049375693456480494e-05	7.397472555810894260e-03	7.394291984280091344e-03	7.394171841361802007e-03	0.000000000000000000e+00	7.472925397541711391e-09	5.166113456131172222e-09	8.203875080071021416e-13	1.263985924118089147e-08
1.010050565332796732e-02	1.290328054805135253e+04	2.325279942897820026e-08	3.876458444310330523e-05	7.237821923166733347e-03	7.234709994034158563e-03	7.234592444014020622e-03	0.000000000000000000e+00	6.848271199145817668e-09	4.734368561802478104e-09	7.683989569425636733e-13	1.158340815990523849e-08
9.882477633501692699e-03	1.347869057356610574e+04	2.376580392706936102e-08	3.710914296376288473e-05	7.081587886254638552e-03	7.078543130541931072e-03	7.078428117930751426e-03	0.000000000000000000e+00	6.275839766455035719e-09	4.338634712298710139e-09	7.197056942403853303e-13	1.061519418444798552e-08
9.669159097488267546e-03	1.407976048427283422e+04	2.429015419525962045e-08	3.552429282755121604e-05	6.928697985387004786e-03	6.925718965270120757e-03	6.925606435755529700e-03	0.000000000000000000e+00	5.751264102930546552e-09	3.975914297869172299e-09	6.740987738310891095e-13	9.727852499573549141e-09
9.460448141604278424e-03	1.470763455934442754e+04	2.482599789213232231e-08	3.400737747764517166e-05	6.779166509629734778e-03	6.776251781140993531e-03	6.776141680178552652e-03	0.000000000000000000e+00	5.270542552706756096e-09	3.643641952824865885e-09	6.313825092711052429e-13	8.914815888040892332e-09
9.256245024319480208e-03	1.536350810603965874e+04	2.537368044361435855e-08	3.255517445835560806e-05	6.632843896452332751e-03	6.629992079929033361e-03	6.629884355403357736e-03	0.000000000000000000e+00	4.830008065587432978e-09	3.339101299008891814e-09	5.913736174458823159e-13	8.169700738213770896e-09
9.056452200962118032e-03	1.604862973525413145e+04	2.593347620109012572e-08	3.116488995252602223e-05	6.489652692869728873e-03	6.486862441950375958e-03	6.486757043004003249e-03	0.000000000000000000e+00	4.426300386213597483e-09	3.059963951807047047e-09	5.539004479893807586e-13	7.486818238468632694e-09
8.860974284069435269e-03	1.676430373854734717e+04	2.650556248801721059e-08	2.983414015773734750e-05	6.349592218755742944e-03	6.346862187371263460e-03	6.346759063157777180e-03	0.000000000000000000e+00	4.056340381547222013e-09	2.804231281240260402e-09	5.188022453365783111e-13	6.861090465032818221e-09
8.669717915431527852e-03	1.751189257117110537e+04	2.709026895163263806e-08	2.856021027247259499e-05	6.212551119242963778e-03	6.209880009201737550e-03	6.209779110683243293e-03	0.000000000000000000e+00	3.717306362297549754e-09	2.569865478240771779e-09	4.859284424543654998e-13	6.287657768980775730e-09
8.482591767274413538e-03	1.829281944582632059e+04	2.768790789186857463e-08	2.734059285762274820e-05	6.078442319626654877e-03	6.075828870175159491e-03	6.075730149727949329e-03	0.000000000000000000e+00	3.406612636239453570e-09	2.355047596242116523e-09	4.551380228009252845e-13	5.762115370504370695e-09
8.299506505060208830e-03	1.910857104208602323e+04	2.829868951597471657e-08	2.617315011068287463e-05	5.947252126782620087e-03	5.944695083054746948e-03	5.944598493277506238e-03	0.000000000000000000e+00	3.121889772786887568e-09	2.158220882720130721e-09	4.262989152023799663e-13	5.280536954422220781e-09
8.120374732943511087e-03	1.996070033664264338e+04	2.892292452660655994e-08	2.505559756294350378e-05	5.818902830418100532e-03	5.816400970959575978e-03	5.816306465713086404e-03	0.000000000000000000e+00	2.860966490706691596e-09	1.977857093340726580e-09	3.992874242603544085e-13	4.839222871471678313e-09
7.945110967736401450e-03	2.085082955976756421e+04	2.956096669963895563e-08	2.398568664406624984e-05	5.693299443373283156e-03	5.690851587569924382e-03	5.690759122257662422e-03	0.000000000000000000e+00	2.621853103413268313e-09	1.812535807671709684e-09	3.739877011687440457e-13	4.434762898786146563e-09
7.773631581426853308e-03	2.178065328361121283e+04	3.021306236857638195e-08	2.296150165942362963e-05	5.570417058950119342e-03	5.568022036896475187e-03	5.567931567326429680e-03	0.000000000000000000e+00	2.402726303326843179e-09	1.661044769094632244e-09	3.502912433147981622e-13	4.064121363664790288e-09
7.605854755581664510e-03	2.275194164822352832e+04	3.087949967590212134e-08	2.198112280070034890e-05	5.450207539539920001e-03	5.447864202027486932e-03	5.447775684789451893e-03	0.000000000000000000e+00	2.201915238903575070e-09	1.522238318265315681e-09	3.280964275257836731e-13	3.724481653596416336e-09
7.441700437441168235e-03	2.376654373143495832e+04	3.156067794726285895e-08	2.104253476141819108e-05	5.332569439386179895e-03	5.330276680823443740e-03	5.330190074154802365e-03	0.000000000000000000e+00	2.017888759370584009e-09	1.395007578505517586e-09	3.073080731781684562e-13	3.413203645949279672e-09
7.281090323492444248e-03	2.482639106901514606e+04	3.225688340755529713e-08	2.014402181411338415e-05	5.217468199956182100e-03	5.215224929610203126e-03	5.215140192309605793e-03	0.000000000000000000e+00	1.849243754996283885e-09	1.278408743433671706e-09	2.878370362941915678e-13	3.127940335466250070e-09
7.123947810000631937e-03	2.593350133180940611e+04	3.296837763036234837e-08	1.928397299728844407e-05	5.104881610805351091e-03	5.102686747492653219e-03	5.102603838719471305e-03	0.000000000000000000e+00	1.694694433661935347e-09	1.171583341348800284e-09	2.695998250339269585e-13	2.866547374835769268e-09
6.970197940670005456e-03	2.708998216685386069e+04	3.369560974779670843e-08	1.846058325587474262e-05	4.994703081359631348e-03	4.992555589725761363e-03	4.992474470370514457e-03	0.000000000000000000e+00	1.553062495092572740e-09	1.073665981726837297e-09	2.525182394696278685e-13	2.626980995058879902e-09
6.819767395244785702e-03	2.829803520978158122e+04	3.443890993696625583e-08	1.767231679568114855e-05	4.886889801988388189e-03	4.884788665085059226e-03	4.884709296733539749e-03	0.000000000000000000e+00	1.423268164748218197e-09	9.839220036677091855e-10	2.365190387237235318e-13	2.407426687454650865e-09
6.672584448803987531e-03	2.955996027615834828e+04	3.519850870554096226e-08	1.691782407592367781e-05	4.781442228909858413e-03	4.779386429592629749e-03	4.779308773823220252e-03	0.000000000000000000e+00	1.304321947734267000e-09	9.017084522670031404e-10	2.215336257178494525e-13	2.206251933626988071e-09
6.528578914251086454e-03	3.087815973972717256e+04	3.597490969217314644e-08	1.619548926131814568e-05	4.678249769669354935e-03	4.676238338343434095e-03	4.676162358530657620e-03	0.000000000000000000e+00	1.195317061238047734e-09	8.263501471293530137e-10	2.074977503717740019e-13	2.021874706117772407e-09
6.387682134698249511e-03	3.225514310589665547e+04	3.676848588330139044e-08	1.550394409033588368e-05	4.577264697811463286e-03	4.575296685402228426e-03	4.575222345695737110e-03	0.000000000000000000e+00	1.095422538847150802e-09	7.572767108076094371e-10	1.943512365518125244e-13	1.852893600891312038e-09
6.249826948060986480e-03	3.369353178917990590e+04	3.757944849076006258e-08	1.484204278168991301e-05	4.478500951373756526e-03	4.476575402813873401e-03	4.476502667136951844e-03	0.000000000000000000e+00	1.003876887594886396e-09	6.940027198047916835e-10	1.820377233695515841e-13	1.698061645123047473e-09
6.114947631187864913e-03	3.519606410367895296e+04	3.840834401209242700e-08	1.420835697607152938e-05	4.381851203341499863e-03	4.379967209709294436e-03	4.379896043728331162e-03	0.000000000000000000e+00	9.199822634860698683e-10	6.360056780913159403e-10	1.705044211747005918e-13	1.556158445998560577e-09
5.982979891844344283e-03	3.676560047611527989e+04	3.925557624385498344e-08	1.360168072793190121e-05	4.287268680559023527e-03	4.285425353043117135e-03	4.285355723184149958e-03	0.000000000000000000e+00	8.430991651205125812e-10	5.828452944519078905e-10	1.597018871931004631e-13	1.426104161459613740e-09
5.853860837986417029e-03	3.840512889133069984e+04	4.012139888050195222e-08	1.302098668102772657e-05	4.194757642336336377e-03	4.192954090294044416e-03	4.192885962913933846e-03	0.000000000000000000e+00	7.726415544946027073e-10	5.341435457686513297e-10	1.495838132217675500e-13	1.306934684076475840e-09
5.727528928417732410e-03	4.011777058062521974e+04	4.100633948194517914e-08	1.246506775855484515e-05	4.104235455650402306e-03	4.102470823967423359e-03	4.102404166765078776e-03	0.000000000000000000e+00	7.080723764549361979e-10	4.895077370623672763e-10	1.401068253823697722e-13	1.197720220342685856e-09
5.603923956494599040e-03	4.190678596376192581e+04	4.191085680653670998e-08	1.193284262990539253e-05	4.015649256168435897e-03	4.013922712459688964e-03	4.013857493992594241e-03	0.000000000000000000e+00	6.488994708097323950e-10	4.485941233058411723e-10	1.312302991312865890e-13	1.097624824414704853e-09
5.482987022099141024e-03	4.377558085594855947e+04	4.283525169041459326e-08	1.142339060186216505e-05	3.928994827615450887e-03	3.927305541308661815e-03	3.927241730202777302e-03	0.000000000000000000e+00	5.946718189189967583e-10	4.111083686887935327e-10	1.229161849802140500e-13	1.005903103792770519e-09
5.364660494074114348e-03	4.572771295161538001e+04	4.378002804968269893e-08	1.093569285993024610e-05	3.844211450083607259e-03	3.842558616713253206e-03	3.842496182580696588e-03	0.000000000000000000e+00	5.449760999571267238e-10	3.767554652682133773e-10	1.151288446070059910e-13	9.218466940699470058e-10
5.248887994329564689e-03	4.776689859733040794e+04	4.474570500134233982e-08	1.046878036541406472e-05	3.761241170237394731e-03	3.759624010255213818e-03	3.759562923649326007e-03	0.000000000000000000e+00	4.994335443309884945e-10	3.452671135599420484e-10	1.078348987770861857e-13	8.448084927897076605e-10
5.135614365543645851e-03	4.989701986674675572e+04	4.573263554762146076e-08	1.002182845401186651e-05	3.680072385490571699e-03	3.678490124336876270e-03	3.678430355999437722e-03	0.000000000000000000e+00	4.576970427412131454e-10	3.164141769377725695e-10	1.010030837612683484e-13	7.742122227627469759e-10
5.024785639783605797e-03	5.212213195105083287e+04	4.674129461118734587e-08	9.593978405291582069e-06	3.600663783461096820e-03	3.599115664338617057e-03	3.599057185682365441e-03	0.000000000000000000e+00	4.194484977203172410e-10	2.899751428826110874e-10	9.460411694282320303e-14	7.095182447198711345e-10
4.916349013945266362e-03	5.444647087898081372e+04	4.777226766263987828e-08	9.184362222103879347e-06	3.522953203666260615e-03	3.521438496503862762e-03	3.521381279951088430e-03	0.000000000000000000e+00	3.843963990691768892e-10	2.657406461795188493e-10	8.861057133880853158e-14	6.502256558200345143e-10
4.810252830870940730e-03	5.687446158111227851e+04	4.882596545761272152e-08	8.792241589164250125e-06	3.446922629615242588e-03	3.445440612088050952e-03	3.445384630353652208e-03	0.000000000000000000e+00	3.522736033461647541e-10	2.435323335435525369e-10	8.299675832612813935e-14	5.958889336480434012e-10
4.706446554494527965e-03	5.941072631376337813e+04	4.990282794808540857e-08	8.416893830408892134e-06	3.372547893725625235e-03	3.371097853899708303e-03	3.371043080091091527e-03	0.000000000000000000e+00	3.228352966380737010e-10	2.231839669076650539e-10	7.773861741453887836e-14	5.460970021631533831e-10
4.604880735812160765e-03	6.206009345855627180e+04	5.100351335078193800e-08	8.057541852919085091e-06	3.299763423420672484e-03	3.298344677555279172e-03	3.298291085844818303e-03	0.000000000000000000e+00	2.958571252116704663e-10	2.045322077493720795e-10	7.281361255185698708e-14	5.004621465735944704e-10
4.505506996881043259e-03	6.482760671438706049e+04	5.212849622222634108e-08	7.713524948284555851e-06	3.228545666028900633e-03	3.227157540509840473e-03	3.227105105452431587e-03	0.000000000000000000e+00	2.711334874499339098e-10	1.874382512752471207e-10	6.820063589102498882e-14	4.586399393610720689e-10
4.408278005224770986e-03	6.771853469930319989e+04	5.327817498779611661e-08	7.384235914779585415e-06	3.158885547712728201e-03	3.157527372827141372e-03	3.157476069125048340e-03	0.000000000000000000e+00	2.484759657083603777e-10	1.717774109874890857e-10	6.387991714790389461e-14	4.203172566129973616e-10
4.313147450006486749e-03	7.073838098056787567e+04	5.445328767785737293e-08	7.068979349534900401e-06	3.090714783022760394e-03	3.089385918417376919e-03	3.089335721881894016e-03	0.000000000000000000e+00	2.277118897161476997e-10	1.574222831506791853e-10	5.983293877981881458e-14	3.851940058056067550e-10
4.220070026790524904e-03	7.389289455200593511e+04	5.565437925811740382e-08	6.767164251220027188e-06	3.024005071993911883e-03	3.022704889483139243e-03	3.022655776385181799e-03	0.000000000000000000e+00	2.086830217475357366e-10	1.442648572067827264e-10	5.604235687337703184e-14	3.530039213111918645e-10
4.129001409025120396e-03	7.718808077857756871e+04	5.688179913876642810e-08	6.478281396846727321e-06	2.958760594652564985e-03	2.957488464253592471e-03	2.957440410796188281e-03	0.000000000000000000e+00	1.912443487433950031e-10	1.322116707551679190e-10	5.249192646870607330e-14	3.235085114250315867e-10
4.039898224031879086e-03	8.063021282901520317e+04	5.813637283055894859e-08	6.201708746980673168e-06	2.894910973764814113e-03	2.893666295753790849e-03	2.893619279282969199e-03	0.000000000000000000e+00	1.752629765195814137e-10	1.211633686861656831e-10	4.916643181775258158e-14	2.964755116375648570e-10
3.952718037474976277e-03	8.422584361828806868e+04	5.941870309393235281e-08	5.936922732140250601e-06	2.832426719496541640e-03	2.831208906828884108e-03	2.831162905169621029e-03	0.000000000000000000e+00	1.606171178513291359e-10	1.110363608775526977e-10	4.605162136326584156e-14	2.716995303502451021e-10
3.867419335826912264e-03	8.798181828263183706e+04	6.072914202414650022e-08	5.683482475740597269e-06	2.771315028255836362e-03	2.770123490792837564e-03	2.770078481653231658e-03	0.000000000000000000e+00	1.471951644970013830e-10	1.017592920002773230e-10	4.313414671989573745e-14	2.489975906439986074e-10
3.783961501330042332e-03	9.190528721088735620e+04	6.206855099118165639e-08	5.440846480439768186e-06	2.711512555579496594e-03	2.710346730417642364e-03	2.710302692534575630e-03	0.000000000000000000e+00	1.348948355421932829e-10	9.325603968720936552e-11	4.040150525141124269e-14	2.281912767346540528e-10
3.702304793077204614e-03	9.600371965696352709e+04	6.343759345708357668e-08	5.208550564294127338e-06	2.652988829747755534e-03	2.651848167084964840e-03	2.651805079690211162e-03	0.000000000000000000e+00	1.236223979333778492e-10	8.546182738914020068e-11	3.784198649596359917e-14	2.091220673090140054e-10
3.622410329135241584e-03	1.002849179593337758e+05	6.483668981236325043e-08	4.986199623321590263e-06	2.595745276373873870e-03	2.594629225795117185e-03	2.594587068097297094e-03	0.000000000000000000e+00	1.132919522175066700e-10	7.832110006145145042e-11	3.544462200183595001e-14	1.916484969009599691e-10
3.544240065202145049e-03	1.047570323946383432e+05	6.626667174117907249e-08	4.773335728254724520e-06	2.539733349550743566e-03	2.538641381513489538e-03	2.538600133509662758e-03	0.000000000000000000e+00	1.038247774853307321e-10	7.177661554225907845e-11	3.319913822707232778e-14	1.756345921658168646e-10
3.467756783692280131e-03	1.094285766936694563e+05	6.772829105627397669e-08	4.569542916871919911e-06	2.484919048632939619e-03	2.483850648213363748e-03	2.483810290452795853e-03	0.000000000000000000e+00	9.514873226636353801e-11	6.577781912446921987e-11	3.109591270917668201e-14	1.609576473035419370e-10
3.392924071338474911e-03	1.143084442492777453e+05	6.922204391883501024e-08	4.374467277180910982e-06	2.431298737454955314e-03	2.430253391292616204e-03	2.430213904383627960e-03	0.000000000000000000e+00	8.719770403344703455e-11	6.028146349927248728e-11	2.912593266830014345e-14	1.475082934653878197e-10
3.319706298154439898e-03	1.194059250470552943e+05	7.074872442058286613e-08	4.187722088112837730e-06	2.378837041994666390e-03	2.377814251938318961e-03	2.377775617063744660e-03	0.000000000000000000e+00	7.991110497321139065e-11	5.524452695444600424e-11	2.728075628288546491e-14	1.351829126839402980e-10
3.248068602665290724e-03	1.247307233510272927e+05	7.230918169624556867e-08	4.008934749642575725e-06	2.327497001712845563e-03	2.326496285502569015e-03	2.326458484445520589e-03	0.000000000000000000e+00	7.323341053746527474e-11	5.062756151321903288e-11	2.555247657597800653e-14	1.238865245272602848e-10
3.177976875309451114e-03	1.302929761780207191e+05	7.390399612670813167e-08	3.837788363752800691e-06	2.277270550741658951e-03	2.276291429585483236e-03	2.276254444260071997e-03	0.000000000000000000e+00	6.711373630641345746e-11	4.639690479245726259e-11	2.393368752923321049e-14	1.135345747863999476e-10
3.109397742392031819e-03	1.361032725958809024e+05	7.553391558115445610e-08	3.673956818970055327e-06	2.228134004160303716e-03	2.227176009449680603e-03	2.227139822154684985e-03	0.000000000000000000e+00	6.150545022886700711e-11	4.252024081676786446e-11	2.241745234801321931e-14	1.040481084979828899e-10
3.042298561118363283e-03	1.421726738822742482e+05	7.719989591236967343e-08	3.517106530890954502e-06	2.180047964381170034e-03	2.179110644446694955e-03	2.179075238120753953e-03	0.000000000000000000e+00	5.636581805831281247e-11	3.896679481005595731e-11	2.099727395845368805e-14	9.535361014232721858e-11
2.976647389502950092e-03	1.485127345824544318e+05	7.890261054054336944e-08	3.366953881968901937e-06	2.133000519144500739e-03	2.132083427438489012e-03	2.132048785213709260e-03	0.000000000000000000e+00	5.165567641266329287e-11	3.571036867076158377e-11	1.966706682539333244e-14	8.738571215025026381e-11
2.912412973067072738e-03	1.551355245060799352e+05	8.064275112538226337e-08	3.223224327275257497e-06	2.086978335925217514e-03	2.086081031632357370e-03	2.086047136857379757e-03	0.000000000000000000e+00	4.733913455338500508e-11	3.272670280761088507e-11	1.842113092678581015e-14	8.008425849192268051e-11
2.849564730972387831e-03	1.620536517049625982e+05	8.242139112560160186e-08	3.085619297872349659e-06	2.041940027117515599e-03	2.041062087217251388e-03	2.041028923912895695e-03	0.000000000000000000e+00	4.338330098641805190e-11	2.999179225116095149e-11	1.725412735278100515e-14	7.339234736493179031e-11
2.788072741675824435e-03	1.692802864754817565e+05	8.423930716916928065e-08	2.953885039649157414e-06	1.997870346798493249e-03	1.997011354825313154e-03	1.996978907260010556e-03	0.000000000000000000e+00	3.975803284289475805e-11	2.748525009457779705e-11	1.616105543283644246e-14	6.725944399290539902e-11
2.727907731303743158e-03	1.768291864313702099e+05	8.609712391502088333e-08	2.827790822072799738e-06	1.954765095542637405e-03	1.953924636836588350e-03	1.953892889346972410e-03	0.000000000000000000e+00	3.643570632729255162e-11	2.518887618947935780e-11	1.513723135111396370e-14	6.163971974812302507e-11
2.669041064875669108e-03	1.847147226945954317e+05	8.799604350312066948e-08	2.707069550996477685e-06	1.912581316238257155e-03	1.911758994608960460e-03	1.911727932229334743e-03	0.000000000000000000e+00	3.339100643384582006e-11	2.308394999218132568e-11	1.417826814871768636e-14	5.648913469417586486e-11
2.611444720674493698e-03	1.929519072541994392e+05	8.993695637069612683e-08	2.591494288991841399e-06	1.871300903214498206e-03	1.870496330256176927e-03	1.870465938314900579e-03	0.000000000000000000e+00	3.060073335943515945e-11	2.115460877510281411e-11	1.328005671584879036e-14	5.176862219125382402e-11
2.555091281024849878e-03	2.015564215451815107e+05	9.192040791199036799e-08	2.480871504524815906e-06	1.830927689688965866e-03	1.830140475347736715e-03	1.830110739110913341e-03	0.000000000000000000e+00	2.804362598067281537e-11	1.938720756528806431e-11	1.243874826043864921e-14	4.744327229422132126e-11
2.499953919007944034e-03	2.105446463018299255e+05	9.394774188999312367e-08	2.374962319702712007e-06	1.791417502843488862e-03	1.790647276057740281e-03	1.790618181508887028e-03	0.000000000000000000e+00	2.570019984205543408e-11	1.776714888794457529e-11	1.165073781401431679e-14	4.347899946781402324e-11
2.446006385601037780e-03	2.199336927423357847e+05	9.601993250611041845e-08	2.273566286447520563e-06	1.752752102720396641e-03	1.751998500270856261e-03	1.751970033689727486e-03	0.000000000000000000e+00	2.355259869041726415e-11	1.628217718186466364e-11	1.091264878496495067e-14	3.984568852106689350e-11
2.393223002773762435e-03	2.297414351440564787e+05	9.813755876104703266e-08	2.176514082384149648e-06	1.714935433214807240e-03	1.714198090186510063e-03	1.714170237788806761e-03	0.000000000000000000e+00	2.158445862106770202e-11	1.492181267890699914e-11	1.022131856329622893e-14	3.651649261853799471e-11
2.341578650051034244e-03	2.399865448714429222e+05	1.003019927622397127e-07	2.083599505729801523e-06	1.677929365114760136e-03	1.677207932986540893e-03	1.677180681607223474e-03	0.000000000000000000e+00	1.978078328602091093e-11	1.367493238614516776e-11	9.573784939969474864e-15	3.346528945710605172e-11
2.291048745019275829e-03	2.506885259214115213e+05	1.025143165906995442e-07	1.994644268274311616e-06	1.641714510117291137e-03	1.641008648704059660e-03	1.640981985492975760e-03	0.000000000000000000e+00	1.812782934861229985e-11	1.253201874761410399e-11	8.967273316124236898e-15	3.066881536954252842e-11
2.241609235189551737e-03	2.618677520538293757e+05	1.047752199921318985e-07	1.909496642872964848e-06	1.606291286360263552e-03	1.605600655297149872e-03	1.605574567397355682e-03	0.000000000000000000e+00	1.661300191380884882e-11	1.148491282382924236e-11	8.399184865040291911e-15	2.810631392250313055e-11
2.193236586441283439e-03	2.735455055777996895e+05	1.070860266405737471e-07	1.827982242738752141e-06	1.571630618482467790e-03	1.570954889905663973e-03	1.570929364932431268e-03	0.000000000000000000e+00	1.522475855906362377e-11	1.052524984545296487e-11	7.867085396158127333e-15	2.575787548991274400e-11
2.145907771729923304e-03	2.857440178675850038e+05	1.094479619275595813e-07	1.749941316090928690e-06	1.537710981514926268e-03	1.537049836815367184e-03	1.537024862733556152e-03	0.000000000000000000e+00	1.395252138570078160e-11	9.645602328280026942e-12	7.368694924918199989e-15	2.360549240890572575e-11
2.099600266850757714e-03	2.984865116853068466e+05	1.118618384637266967e-07	1.675237969238503146e-06	1.504529699566413805e-03	1.503882821285543485e-03	1.503858386103473690e-03	0.000000000000000000e+00	1.278659658591921798e-11	8.839619065639797988e-12	6.901877970676398151e-15	2.163311752952969233e-11
2.054292032999373296e-03	3.117972453909759643e+05	1.143289181361914874e-07	1.603724947741372326e-06	1.472065769848325111e-03	1.471432849557817056e-03	1.471408941624915848e-03	0.000000000000000000e+00	1.171810037542641053e-11	8.101013308886202521e-12	6.464634329516646287e-15	1.982557831864213175e-11
2.009961504833361091e-03	3.257015591240401845e+05	1.168505837902478995e-07	1.535259175220446223e-06	1.440295879547850858e-03	1.439676618842811173e-03	1.439653226887131418e-03	0.000000000000000000e+00	1.073889127863578395e-11	7.423989726254907707e-12	6.055090492312951472e-15	1.816893609538300750e-11
1.966587581664222106e-03	3.402259230443504057e+05	1.194277847961268360e-07	1.469718974558940622e-06	1.409214640053768879e-03	1.408608742846158062e-03	1.408585855683268991e-03	0.000000000000000000e+00	9.841508139054765400e-12	6.803604732447738053e-12	5.671491634020642485e-15	1.665078436313652715e-11
1.924149617365590505e-03	3.553979877243898227e+05	1.220617072246671718e-07	1.406980185352836497e-06	1.378808216536850980e-03	1.378215392686965969e-03	1.378192999357129907e-03	0.000000000000000000e+00	9.019113271301249975e-12	6.235136138248380166e-12	5.312194095291471578e-15	1.525956160364491944e-11
1.882627411624799348e-03	3.712466367886982043e+05	1.247539074010787695e-07	1.346914711419566201e-06	1.349051815042147037e-03	1.348471785070541520e-03	1.348449875016700635e-03	0.000000000000000000e+00	8.265440383180341056e-12	5.714062831888905548e-12	4.975658349323319433e-15	1.398447887341857078e-11
1.842001205702785112e-03	3.878020419007036835e+05	1.275054857953231624e-07	1.289413658788702961e-06	1.319937690870709793e-03	1.319370178627799232e-03	1.319348741418678757e-03	0.000000000000000000e+00	7.574746914235348230e-12	5.236537410897578630e-12	4.660442445156345140e-15	1.281594476757808312e-11
1.802251664346565981e-03	4.050957202016421361e+05	1.303175360768173654e-07	1.234372525323838439e-06	1.291458365272542567e-03	1.290903097824260123e-03	1.290882123150047809e-03	0.000000000000000000e+00	6.941770114589296143e-12	4.799015228885671186e-12	4.365195756401188139e-15	1.174515053923136879e-11
1.763359868782276305e-03	4.231605943109124200e+05	1.331918049741145142e-07	1.181676673159134229e-06	1.263587842683637974e-03	1.263044558272808900e-03	1.263024036245888196e-03	0.000000000000000000e+00	6.361686993865602740e-12	4.397969815904406792e-12	4.088653214428546891e-15	1.076374546298443891e-11
1.725307307681657855e-03	4.420310550020930823e+05	1.361295608715750460e-07	1.131228670479496132e-06	1.236316331889318436e-03	1.235784772968537238e-03	1.235764693860312178e-03	0.000000000000000000e+00	5.830077575797960646e-12	4.030407095168501384e-12	3.829629888822282625e-15	9.864314300855285022e-12
1.688075868126729176e-03	4.617430266739388462e+05	1.391317873996142888e-07	1.082940717692338303e-06	1.209641964529536984e-03	1.209121874354707627e-03	1.209102228466925376e-03	0.000000000000000000e+00	5.342891220655528240e-12	3.693668098849898321e-12	3.587015909880486394e-15	9.040146335415305647e-12
1.651647830044677533e-03	4.823340357409961871e+05	1.422004405908526738e-07	1.036710256607869911e-06	1.183537790170332941e-03	1.183028923584800683e-03	1.183009701656913401e-03	0.000000000000000000e+00	4.896415801265015480e-12	3.385002603013063241e-12	3.359771733003707653e-15	8.284778176011082009e-12
1.616005859563473136e-03	5.038432820740361349e+05	1.453369738202231445e-07	9.924501525646497834e-07	1.157992263567723034e-03	1.157494380378754333e-03	1.157475573337721090e-03	0.000000000000000000e+00	4.487249429579822746e-12	3.102080908661569914e-12	3.146923692016737096e-15	7.592477261933409969e-12
1.581132993307909733e-03	5.263117136263062712e+05	1.485422401550588354e-07	9.500867940958584770e-07	1.133008457477145811e-03	1.132521316170865579e-03	1.132502914893740052e-03	0.000000000000000000e+00	4.112274444691913700e-12	2.842909901563430723e-12	2.947559780669642877e-15	6.958131906036013917e-12
1.547012634139768644e-03	5.497821043876820477e+05	1.518184252599706340e-07	9.095284609383854947e-07	1.108558687857323557e-03	1.108082058822714745e-03	1.108064054636169905e-03	0.000000000000000000e+00	3.768633708693660951e-12	2.605345048611893967e-12	2.760825770046901636e-15	6.376739583075601859e-12
1.513628542160896841e-03	5.742991358150925953e+05	1.551671035716925318e-07	8.706983992744369780e-07	1.084631670325796569e-03	1.084165328803605218e-03	1.084147713217584750e-03	0.000000000000000000e+00	3.453708826141795569e-12	2.387589248115953073e-12	2.585921542545266159e-15	5.843883995800293990e-12
1.480964826713983490e-03	5.999094818942815764e+05	1.585892278549688463e-07	8.335315563904184028e-07	1.061229514635923408e-03	1.060773234959799761e-03	1.060755999449982008e-03	0.000000000000000000e+00	3.165100193674556346e-12	2.188103037815588460e-12	2.422097663255098526e-15	5.355625329153399466e-12
1.449005943764592472e-03	6.266618979948104825e+05	1.620869833509779273e-07	7.979494042590551573e-07	1.038329292264353505e-03	1.037882858626153638e-03	1.037865995040601142e-03	0.000000000000000000e+00	2.900608758899597216e-12	2.005261027978032833e-12	2.268652193231256206e-15	4.908138439070862061e-12
1.417736685718694887e-03	6.546073136874709744e+05	1.656621347011068004e-07	7.638834553991966965e-07	1.015918673667671329e-03	1.015481875560385414e-03	1.015465375947405702e-03	0.000000000000000000e+00	2.658219233539667154e-12	1.837664653555723030e-12	2.124927665343082732e-15	4.498008814760733341e-12
1.387142170519264570e-03	6.837989297008060385e+05	1.693158152393119501e-07	7.312754153428743430e-07	9.939975960359234610e-04	9.935702229795469794e-04	9.935540793884678132e-04	0.000000000000000000e+00	2.436084710388947987e-12	1.684115315906505475e-12	1.990308250578052927e-15	4.122190334546031425e-12
1.357207837352426361e-03	7.142923192013173830e+05	1.730501280849176128e-07	7.000589029484364203e-07	9.725487190112509827e-04	9.721305679813324087e-04	9.721147727431076174e-04	0.000000000000000000e+00	2.232512616039612510e-12	1.543390966087135471e-12	1.864217133553662846e-15	3.777767799260301320e-12
1.327919438961766996e-03	7.461455335901723010e+05	1.768670714261221431e-07	6.701725448899536836e-07	9.515583974862459838e-04	9.511492713251001744e-04	9.511338169922947281e-04	0.000000000000000000e+00	2.045951809480675267e-12	1.414400086528423219e-12	1.746114037929173219e-15	3.462098010047027826e-12
1.299263034647308614e-03	7.794192130178180523e+05	1.807679799253957216e-07	6.415641203947445630e-07	9.310246562245627763e-04	9.306243586237643783e-04	9.306092377810233802e-04	0.000000000000000000e+00	1.874980763268921924e-12	1.296209557181935417e-12	1.635492911186187607e-15	3.172825813362043698e-12
1.271224988695857875e-03	8.141767018268946558e+05	1.847548526199849268e-07	6.141776059016605956e-07	9.109351386993472331e-04	9.105434786632070386e-04	9.105286840958585950e-04	0.000000000000000000e+00	1.718296761131702517e-12	1.187901167786167661e-12	1.531879775311343477e-15	2.907729808693181599e-12
1.243791958789435166e-03	8.504841691432183143e+05	1.888299441960805961e-07	5.879580300814466973e-07	8.912750997970149110e-04	8.908918926695615255e-04	8.908774174024104752e-04	0.000000000000000000e+00	1.574705938487201428e-12	1.088623194296319964e-12	1.434830674885837985e-15	2.664763963458406993e-12
1.216950888905662465e-03	8.884107348444110248e+05	1.929948124185739255e-07	5.628586330673187011e-07	8.720408919703781254e-04	8.716659546639168041e-04	8.716517917810081423e-04	0.000000000000000000e+00	1.443114184289481510e-12	9.976492745163429727e-13	1.343929773198385432e-15	2.442107388579022867e-12
1.190689004496681006e-03	9.280286011459851870e+05	1.972513288176986305e-07	5.388322062105170919e-07	8.532245859077792994e-04	8.528577387438533589e-04	8.528438814580124221e-04	0.000000000000000000e+00	1.322518813527999733e-12	9.142899255049974918e-13	1.258787576193540172e-15	2.238067526609190782e-12
1.164993806415036111e-03	9.694131900553865125e+05	2.016020310775753148e-07	5.158295268525291936e-07	8.348105230623659471e-04	8.344515930949704310e-04	8.344380348733342100e-04	0.000000000000000000e+00	1.212000927708571224e-12	8.378806262615792949e-13	1.179039263792605253e-15	2.051060593233943186e-12
1.139853064988617269e-03	1.012643286955693504e+06	2.060487248797458616e-07	4.938087382379073887e-07	8.167935974063967155e-04	8.164424138848826520e-04	8.164291482775158345e-04	0.000000000000000000e+00	1.110718413736548208e-12	7.678560109884966048e-13	1.104343126963411629e-15	1.879678767852008022e-12
1.115254817865677728e-03	1.057801190592262428e+06	2.105931264407152847e-07	4.727301361990595608e-07	7.991698082642931331e-04	7.988262021581175962e-04	7.988132227800599132e-04	0.000000000000000000e+00	1.017899541066338189e-12	7.036987226760762482e-13	1.034379113911941527e-15	1.722632642856326479e-12
1.091187359375543403e-03	1.104972869747928809e+06	2.152380839676390517e-07	4.525496643744644892e-07	7.819227567022328821e-04	7.815865660316368389e-04	7.815738667642644537e-04	0.000000000000000000e+00	9.328370604533808953e-13	6.448903829292773244e-13	9.688474434645094854e-16	1.578696290826122733e-12
1.067639235450839382e-03	1.154248126904976554e+06	2.199856773857917850e-07	4.332298688625962444e-07	7.650460742578799218e-04	7.647171397812491198e-04	7.647047146093685892e-04	0.000000000000000000e+00	8.548828186917742396e-13	5.909909807705102480e-13	9.074673228336020005e-16	1.446781266785118027e-12
1.044599238518426803e-03	1.205720769205468707e+06	2.248374385141118528e-07	4.147374184160163386e-07	7.485392277835109087e-04	7.482173904884597323e-04	7.482052334055370275e-04	0.000000000000000000e+00	7.834428222436757270e-13	5.416125867045369280e-13	8.499757459424890378e-16	1.325905384694155212e-12
1.022056403031399189e-03	1.259488787035396555e+06	2.297965574729669824e-07	3.970328918275834370e-07	7.323852279707711689e-04	7.320703361495322845e-04	7.320584414249575169e-04	0.000000000000000000e+00	7.179727144144793061e-13	4.963508770953765276e-13	7.961263689014898351e-16	1.215119717878757293e-12
9.999999999999993703e-04	1.315654540572623489e+06	2.348654180597668433e-07	3.800827850061686138e-07	7.165766189743157230e-04	7.162685241247905999e-04	7.162568861490452776e-04	0.000000000000000000e+00	6.579736267392888490e-13	4.548634316093670663e-13	7.456884538133329842e-16	1.113582746802469081e-12
