t_s	a	T_gamma_MeV	T_nue_MeV	T_numu_MeV	T_nutau_MeV	Y_n	Y_p	Y_H2	Y_H3	Y_He3	Y_He4	Y_Li7	Y_Be7	Y_He6	Y_Li8	Y_Li6	Y_B8
4.616445280495221179e-04	4.200133329459238692e-12	4.000000000000000000e+01	3.999999999997912425e+01	4.000000000005619682e+01	3.999999999989812949e+01	0.000000000000000000e+00	0.000000000000000000e+00	0.000000000000000000e+00	0.000000000000000000e+00	0.000000000000000000e+00	0.000000000000000000e+00	0.000000000000000000e+00	0.000000000000000000e+00	0.000000000000000000e+00	0.000000000000000000e+00	0.000000000000000000e+00	0.000000000000000000e+00
4.822311446602751983e-04	4.292755449337856233e-12	3.913688576913747852e+01	3.913688574112135399e+01	3.913688572632128881e+01	3.913688572636391427e+01	0.000000000000000000e+00	0.000000000000000000e+00	0.000000000000000000e+00	0.000000000000000000e+00	0.000000000000000000e+00	0.000000000000000000e+00	0.000000000000000000e+00	0.000000000000000000e+00	0.000000000000000000e+00	0.000000000000000000e+00	0.000000000000000000e+00	0.000000000000000000e+00
5.037358026594283443e-04	4.387426814311841585e-12	3.829239428540318357e+01	3.829239425537964081e+01	3.829239423950573951e+01	3.829239423957874777e+01	0.000000000000000000e+00	0.000000000000000000e+00	0.000000000000000000e+00	0.000000000000000000e+00	0.000000000000000000e+00	0.000000000000000000e+00	0.000000000000000000e+00	0.000000000000000000e+00	0.000000000000000000e+00	0.000000000000000000e+00	0.000000000000000000e+00	0.000000000000000000e+00
5.261994412652501235e-04	4.484192724569199306e-12	3.746612534502084202e+01	3.746612531284129943e+01	3.746612529586137441e+01	3.746612529587000751e+01	0.000000000000000000e+00	0.000000000000000000e+00	0.000000000000000000e+00	0.000000000000000000e+00	0.000000000000000000e+00	0.000000000000000000e+00	0.000000000000000000e+00	0.000000000000000000e+00	0.000000000000000000e+00	0.000000000000000000e+00	0.000000000000000000e+00	0.000000000000000000e+00
5.496648253431008846e-04	4.583081277052079422e-12	3.665768521499175137e+01	3.665768518048225388e+01	3.665768516223638329e+01	3.665768516231699437e+01	0.000000000000000000e+00	0.000000000000000000e+00	0.000000000000000000e+00	0.000000000000000000e+00	0.000000000000000000e+00	0.000000000000000000e+00	0.000000000000000000e+00	0.000000000000000000e+00	0.000000000000000000e+00	0.000000000000000000e+00	0.000000000000000000e+00	0.000000000000000000e+00
5.741766268185016439e-04	4.684154484491755505e-12	3.586668954875118231e+01	3.586668951170097586e+01	3.586668949213941460e+01	3.586668949217001057e+01	0.000000000000000000e+00	0.000000000000000000e+00	0.000000000000000000e+00	0.000000000000000000e+00	0.000000000000000000e+00	0.000000000000000000e+00	0.000000000000000000e+00	0.000000000000000000e+00	0.000000000000000000e+00	0.000000000000000000e+00	0.000000000000000000e+00	0.000000000000000000e+00
5.997815097207411699e-04	4.787463835735834258e-12	3.509276225630010515e+01	3.509276221651675343e+01	3.509276219549647635e+01	3.509276219556029019e+01	0.000000000000000000e+00	0.000000000000000000e+00	0.000000000000000000e+00	0.000000000000000000e+00	0.000000000000000000e+00	0.000000000000000000e+00	0.000000000000000000e+00	0.000000000000000000e+00	0.000000000000000000e+00	0.000000000000000000e+00	0.000000000000000000e+00	0.000000000000000000e+00
6.265282190189287552e-04	4.893042545314251826e-12	3.433553476771223956e+01	3.433553472502725157e+01	3.433553470248369166e+01	3.433553470253229989e+01	0.000000000000000000e+00	0.000000000000000000e+00	0.000000000000000000e+00	0.000000000000000000e+00	0.000000000000000000e+00	0.000000000000000000e+00	0.000000000000000000e+00	0.000000000000000000e+00	0.000000000000000000e+00	0.000000000000000000e+00	0.000000000000000000e+00	0.000000000000000000e+00
6.544676734196034403e-04	5.000950418124629698e-12	3.359464680611592513e+01	3.359464676020932927e+01	3.359464673596809092e+01	3.359464673601260642e+01	0.000000000000000000e+00	0.000000000000000000e+00	0.000000000000000000e+00	0.000000000000000000e+00	0.000000000000000000e+00	0.000000000000000000e+00	0.000000000000000000e+00	0.000000000000000000e+00	0.000000000000000000e+00	0.000000000000000000e+00	0.000000000000000000e+00	0.000000000000000000e+00
6.836530623025736855e-04	5.111245572716251189e-12	3.286974630950742693e+01	3.286974626015656042e+01	3.286974623410282703e+01	3.286974623413811258e+01	0.000000000000000000e+00	0.000000000000000000e+00	0.000000000000000000e+00	0.000000000000000000e+00	0.000000000000000000e+00	0.000000000000000000e+00	0.000000000000000000e+00	0.000000000000000000e+00	0.000000000000000000e+00	0.000000000000000000e+00	0.000000000000000000e+00	0.000000000000000000e+00
7.141399469795228208e-04	5.223967038299720792e-12	3.216048740841870313e+01	3.216048735537199121e+01	3.216048732737377236e+01	3.216048732739877636e+01	0.000000000000000000e+00	0.000000000000000000e+00	0.000000000000000000e+00	0.000000000000000000e+00	0.000000000000000000e+00	0.000000000000000000e+00	0.000000000000000000e+00	0.000000000000000000e+00	0.000000000000000000e+00	0.000000000000000000e+00	0.000000000000000000e+00	0.000000000000000000e+00
7.459863664681425305e-04	5.339171885312408624e-12	3.146653216001258713e+01	3.146653210288592106e+01	3.146653207273943309e+01	3.146653207275656783e+01	0.000000000000000000e+00	0.000000000000000000e+00	0.000000000000000000e+00	0.000000000000000000e+00	0.000000000000000000e+00	0.000000000000000000e+00	0.000000000000000000e+00	0.000000000000000000e+00	0.000000000000000000e+00	0.000000000000000000e+00	0.000000000000000000e+00	0.000000000000000000e+00
7.792529479831756005e-04	5.456925529380126215e-12	3.078755106856255708e+01	3.078755100704217895e+01	3.078755097457548828e+01	3.078755097459793788e+01	0.000000000000000000e+00	0.000000000000000000e+00	0.000000000000000000e+00	0.000000000000000000e+00	0.000000000000000000e+00	0.000000000000000000e+00	0.000000000000000000e+00	0.000000000000000000e+00	0.000000000000000000e+00	0.000000000000000000e+00	0.000000000000000000e+00	0.000000000000000000e+00
8.140030223547003313e-04	5.577273117404137265e-12	3.012322147756228574e+01	3.012322141122682595e+01	3.012322137622180662e+01	3.012322137624169827e+01	0.000000000000000000e+00	0.000000000000000000e+00	0.000000000000000000e+00	0.000000000000000000e+00	0.000000000000000000e+00	0.000000000000000000e+00	0.000000000000000000e+00	0.000000000000000000e+00	0.000000000000000000e+00	0.000000000000000000e+00	0.000000000000000000e+00	0.000000000000000000e+00
8.503027445933940406e-04	5.700268226028837481e-12	2.947322686283132143e+01	2.947322679096303233e+01	2.947322675303276540e+01	2.947322675306687856e+01	0.000000000000000000e+00	0.000000000000000000e+00	0.000000000000000000e+00	0.000000000000000000e+00	0.000000000000000000e+00	0.000000000000000000e+00	0.000000000000000000e+00	0.000000000000000000e+00	0.000000000000000000e+00	0.000000000000000000e+00	0.000000000000000000e+00	0.000000000000000000e+00
8.882212198322849903e-04	5.825984455312185726e-12	2.883725784020777994e+01	2.883725776220904891e+01	2.883725772105735885e+01	2.883725772106809515e+01	0.000000000000000000e+00	0.000000000000000000e+00	0.000000000000000000e+00	0.000000000000000000e+00	0.000000000000000000e+00	0.000000000000000000e+00	0.000000000000000000e+00	0.000000000000000000e+00	0.000000000000000000e+00	0.000000000000000000e+00	0.000000000000000000e+00	0.000000000000000000e+00
9.278306348847703382e-04	5.954474025989541134e-12	2.821501187718576631e+01	2.821501179261747438e+01	2.821501174799904987e+01	2.821501174801446865e+01	0.000000000000000000e+00	0.000000000000000000e+00	0.000000000000000000e+00	0.000000000000000000e+00	0.000000000000000000e+00	0.000000000000000000e+00	0.000000000000000000e+00	0.000000000000000000e+00	0.000000000000000000e+00	0.000000000000000000e+00	0.000000000000000000e+00	0.000000000000000000e+00
9.692063956693437688e-04	6.085786274949086318e-12	2.760619270199698505e+01	2.760619261039777683e+01	2.760619256207480277e+01	2.760619256208473971e+01	0.000000000000000000e+00	0.000000000000000000e+00	0.000000000000000000e+00	0.000000000000000000e+00	0.000000000000000000e+00	0.000000000000000000e+00	0.000000000000000000e+00	0.000000000000000000e+00	0.000000000000000000e+00	0.000000000000000000e+00	0.000000000000000000e+00	0.000000000000000000e+00
1.012427270762645583e-03	6.220003605119680325e-12	2.701051072900399319e+01	2.701051062987625428e+01	2.701051057758235530e+01	2.701051057759567797e+01	0.000000000000000000e+00	0.000000000000000000e+00	0.000000000000000000e+00	0.000000000000000000e+00	0.000000000000000000e+00	0.000000000000000000e+00	0.000000000000000000e+00	0.000000000000000000e+00	0.000000000000000000e+00	0.000000000000000000e+00	0.000000000000000000e+00	0.000000000000000000e+00
1.057575541354138001e-03	6.357186036845759943e-12	2.642768238111023393e+01	2.642768227404795311e+01	2.642768221757242486e+01	2.642768221758333169e+01	0.000000000000000000e+00	0.000000000000000000e+00	0.000000000000000000e+00	0.000000000000000000e+00	0.000000000000000000e+00	0.000000000000000000e+00	0.000000000000000000e+00	0.000000000000000000e+00	0.000000000000000000e+00	0.000000000000000000e+00	0.000000000000000000e+00	0.000000000000000000e+00
1.104737157887868962e-03	6.497377837690244161e-12	2.585743037727103300e+01	2.585743026167228109e+01	2.585743020069941167e+01	2.585743020070584919e+01	0.000000000000000000e+00	0.000000000000000000e+00	0.000000000000000000e+00	0.000000000000000000e+00	0.000000000000000000e+00	0.000000000000000000e+00	0.000000000000000000e+00	0.000000000000000000e+00	0.000000000000000000e+00	0.000000000000000000e+00	0.000000000000000000e+00	0.000000000000000000e+00
1.154001903689536599e-03	6.640671153079500194e-12	2.529948332226429741e+01	2.529948319721886918e+01	2.529948313126749326e+01	2.529948313127265180e+01	0.000000000000000000e+00	0.000000000000000000e+00	0.000000000000000000e+00	0.000000000000000000e+00	0.000000000000000000e+00	0.000000000000000000e+00	0.000000000000000000e+00	0.000000000000000000e+00	0.000000000000000000e+00	0.000000000000000000e+00	0.000000000000000000e+00	0.000000000000000000e+00
1.205463565890344067e-03	6.787134530375846969e-12	2.475357575081482508e+01	2.475357561544941376e+01	2.475357554406178195e+01	2.475357554406151550e+01	0.000000000000000000e+00	0.000000000000000000e+00	0.000000000000000000e+00	0.000000000000000000e+00	0.000000000000000000e+00	0.000000000000000000e+00	0.000000000000000000e+00	0.000000000000000000e+00	0.000000000000000000e+00	0.000000000000000000e+00	0.000000000000000000e+00	0.000000000000000000e+00
1.259220113973056384e-03	6.936806296875202945e-12	2.421944799568056439e+01	2.421944784935977424e+01	2.421944777219881928e+01	2.421944777219880862e+01	0.000000000000000000e+00	0.000000000000000000e+00	0.000000000000000000e+00	0.000000000000000000e+00	0.000000000000000000e+00	0.000000000000000000e+00	0.000000000000000000e+00	0.000000000000000000e+00	0.000000000000000000e+00	0.000000000000000000e+00	0.000000000000000000e+00	0.000000000000000000e+00
1.315373886280157660e-03	7.089789307587093060e-12	2.369684560400120432e+01	2.369684544606611709e+01	2.369684536278472109e+01	2.369684536278622389e+01	0.000000000000000000e+00	0.000000000000000000e+00	0.000000000000000000e+00	0.000000000000000000e+00	0.000000000000000000e+00	0.000000000000000000e+00	0.000000000000000000e+00	0.000000000000000000e+00	0.000000000000000000e+00	0.000000000000000000e+00	0.000000000000000000e+00	0.000000000000000000e+00
1.374031784839156722e-03	7.246157097872361244e-12	2.318551974579686004e+01	2.318551957551236598e+01	2.318551948572504529e+01	2.318551948572603294e+01	0.000000000000000000e+00	0.000000000000000000e+00	0.000000000000000000e+00	0.000000000000000000e+00	0.000000000000000000e+00	0.000000000000000000e+00	0.000000000000000000e+00	0.000000000000000000e+00	0.000000000000000000e+00	0.000000000000000000e+00	0.000000000000000000e+00	0.000000000000000000e+00
1.435305478875963624e-03	7.405954611534971636e-12	2.268522726663467992e+01	2.268522708349982508e+01	2.268522698694354389e+01	2.268522698694403061e+01	0.000000000000000000e+00	0.000000000000000000e+00	0.000000000000000000e+00	0.000000000000000000e+00	0.000000000000000000e+00	0.000000000000000000e+00	0.000000000000000000e+00	0.000000000000000000e+00	0.000000000000000000e+00	0.000000000000000000e+00	0.000000000000000000e+00	0.000000000000000000e+00
1.499311617403749569e-03	7.569282697261777493e-12	2.219573020758310022e+01	2.219573001126249423e+01	2.219572990776068977e+01	2.219572990776283916e+01	0.000000000000000000e+00	0.000000000000000000e+00	0.000000000000000000e+00	0.000000000000000000e+00	0.000000000000000000e+00	0.000000000000000000e+00	0.000000000000000000e+00	0.000000000000000000e+00	0.000000000000000000e+00	0.000000000000000000e+00	0.000000000000000000e+00	0.000000000000000000e+00
1.566172051292024671e-03	7.736224301596930723e-12	2.171679570052477359e+01	2.171679548761905920e+01	2.171679537538208749e+01	2.171679537538456728e+01	0.000000000000000000e+00	0.000000000000000000e+00	0.000000000000000000e+00	0.000000000000000000e+00	0.000000000000000000e+00	0.000000000000000000e+00	0.000000000000000000e+00	0.000000000000000000e+00	0.000000000000000000e+00	0.000000000000000000e+00	0.000000000000000000e+00	0.000000000000000000e+00
1.636014065238664819e-03	7.906832737563700288e-12	2.124819571659490691e+01	2.124819548628000021e+01	2.124819536487581573e+01	2.124819536487724392e+01	0.000000000000000000e+00	0.000000000000000000e+00	0.000000000000000000e+00	0.000000000000000000e+00	0.000000000000000000e+00	0.000000000000000000e+00	0.000000000000000000e+00	0.000000000000000000e+00	0.000000000000000000e+00	0.000000000000000000e+00	0.000000000000000000e+00	0.000000000000000000e+00
1.708970620086543287e-03	8.081205329237487731e-12	2.078970727095785165e+01	2.078970702238015988e+01	2.078970689136080097e+01	2.078970689136075123e+01	0.000000000000000000e+00	0.000000000000000000e+00	0.000000000000000000e+00	0.000000000000000000e+00	0.000000000000000000e+00	0.000000000000000000e+00	0.000000000000000000e+00	0.000000000000000000e+00	0.000000000000000000e+00	0.000000000000000000e+00	0.000000000000000000e+00	0.000000000000000000e+00
1.785180605946028089e-03	8.259435788366714217e-12	2.034111219504703527e+01	2.034111192732860829e+01	2.034111178623210137e+01	2.034111178623279415e+01	0.000000000000000000e+00	0.000000000000000000e+00	0.000000000000000000e+00	0.000000000000000000e+00	0.000000000000000000e+00	0.000000000000000000e+00	0.000000000000000000e+00	0.000000000000000000e+00	0.000000000000000000e+00	0.000000000000000000e+00	0.000000000000000000e+00	0.000000000000000000e+00
1.864789106605263405e-03	8.441586588742703796e-12	1.990219701957959586e+01	1.990219672629191194e+01	1.990219657182649016e+01	1.990219657182777979e+01	0.000000000000000000e+00	0.000000000000000000e+00	0.000000000000000000e+00	0.000000000000000000e+00	0.000000000000000000e+00	0.000000000000000000e+00	0.000000000000000000e+00	0.000000000000000000e+00	0.000000000000000000e+00	0.000000000000000000e+00	0.000000000000000000e+00	0.000000000000000000e+00
1.947947675731578334e-03	8.627750574649784124e-12	1.947275285259095412e+01	1.947275251490663095e+01	1.947275233738663047e+01	1.947275233738670508e+01	0.000000000000000000e+00	0.000000000000000000e+00	0.000000000000000000e+00	0.000000000000000000e+00	0.000000000000000000e+00	0.000000000000000000e+00	0.000000000000000000e+00	0.000000000000000000e+00	0.000000000000000000e+00	0.000000000000000000e+00	0.000000000000000000e+00	0.000000000000000000e+00
2.034814625389846053e-03	8.818033289966908676e-12	1.905257530634768415e+01	1.905257493763535948e+01	1.905257474343937929e+01	1.905257474343968838e+01	0.000000000000000000e+00	0.000000000000000000e+00	0.000000000000000000e+00	0.000000000000000000e+00	0.000000000000000000e+00	0.000000000000000000e+00	0.000000000000000000e+00	0.000000000000000000e+00	0.000000000000000000e+00	0.000000000000000000e+00	0.000000000000000000e+00	0.000000000000000000e+00
2.125555327427064087e-03	9.012507387393484382e-12	1.864146447500808534e+01	1.864146408225238716e+01	1.864146387508278835e+01	1.864146387508332836e+01	0.000000000000000000e+00	0.000000000000000000e+00	0.000000000000000000e+00	0.000000000000000000e+00	0.000000000000000000e+00	0.000000000000000000e+00	0.000000000000000000e+00	0.000000000000000000e+00	0.000000000000000000e+00	0.000000000000000000e+00	0.000000000000000000e+00	0.000000000000000000e+00
2.220342528296885120e-03	9.211260172462412810e-12	1.823922469832990600e+01	1.823922426944485764e+01	1.823922404365711358e+01	1.823922404365671923e+01	0.000000000000000000e+00	0.000000000000000000e+00	0.000000000000000000e+00	0.000000000000000000e+00	0.000000000000000000e+00	0.000000000000000000e+00	0.000000000000000000e+00	0.000000000000000000e+00	0.000000000000000000e+00	0.000000000000000000e+00	0.000000000000000000e+00	0.000000000000000000e+00
2.319356677923488461e-03	9.414410176873489941e-12	1.784566452391398172e+01	1.784566405236986597e+01	1.784566380448584866e+01	1.784566380448582734e+01	0.000000000000000000e+00	0.000000000000000000e+00	0.000000000000000000e+00	0.000000000000000000e+00	0.000000000000000000e+00	0.000000000000000000e+00	0.000000000000000000e+00	0.000000000000000000e+00	0.000000000000000000e+00	0.000000000000000000e+00	0.000000000000000000e+00	0.000000000000000000e+00
2.422786273230808328e-03	9.622041334805804111e-12	1.746059671676468028e+01	1.746059620320177075e+01	1.746059593314232572e+01	1.746059593314240033e+01	0.000000000000000000e+00	0.000000000000000000e+00	0.000000000000000000e+00	0.000000000000000000e+00	0.000000000000000000e+00	0.000000000000000000e+00	0.000000000000000000e+00	0.000000000000000000e+00	0.000000000000000000e+00	0.000000000000000000e+00	0.000000000000000000e+00	0.000000000000000000e+00
2.530828216991153935e-03	9.834234240970522102e-12	1.708383802156511777e+01	1.708383746471934828e+01	1.708383717173621008e+01	1.708383717173635574e+01	0.000000000000000000e+00	0.000000000000000000e+00	0.000000000000000000e+00	0.000000000000000000e+00	0.000000000000000000e+00	0.000000000000000000e+00	0.000000000000000000e+00	0.000000000000000000e+00	0.000000000000000000e+00	0.000000000000000000e+00	0.000000000000000000e+00	0.000000000000000000e+00
2.643688192676349642e-03	1.005112167025740908e-11	1.671520911528371300e+01	1.671520851037477229e+01	1.671520819215073317e+01	1.671520819215064790e+01	0.000000000000000000e+00	0.000000000000000000e+00	0.000000000000000000e+00	0.000000000000000000e+00	0.000000000000000000e+00	0.000000000000000000e+00	0.000000000000000000e+00	0.000000000000000000e+00	0.000000000000000000e+00	0.000000000000000000e+00	0.000000000000000000e+00	0.000000000000000000e+00
2.761581056025014854e-03	1.027280003202423240e-11	1.635453461934030273e+01	1.635453396048913888e+01	1.635453361405972927e+01	1.635453361405978256e+01	0.000000000000000000e+00	0.000000000000000000e+00	0.000000000000000000e+00	0.000000000000000000e+00	0.000000000000000000e+00	0.000000000000000000e+00	0.000000000000000000e+00	0.000000000000000000e+00	0.000000000000000000e+00	0.000000000000000000e+00	0.000000000000000000e+00	0.000000000000000000e+00
2.884731244071448136e-03	1.049934191999791431e-11	1.600164289058395539e+01	1.600164217312681103e+01	1.600164179602269598e+01	1.600164179602251835e+01	0.000000000000000000e+00	0.000000000000000000e+00	0.000000000000000000e+00	0.000000000000000000e+00	0.000000000000000000e+00	0.000000000000000000e+00	0.000000000000000000e+00	0.000000000000000000e+00	0.000000000000000000e+00	0.000000000000000000e+00	0.000000000000000000e+00	0.000000000000000000e+00
3.013373202414746169e-03	1.073089574750735082e-11	1.565636597050907497e+01	1.565636518926747378e+01	1.565636477873267296e+01	1.565636477873251309e+01	0.000000000000000000e+00	0.000000000000000000e+00	0.000000000000000000e+00	0.000000000000000000e+00	0.000000000000000000e+00	0.000000000000000000e+00	0.000000000000000000e+00	0.000000000000000000e+00	0.000000000000000000e+00	0.000000000000000000e+00	0.000000000000000000e+00	0.000000000000000000e+00
3.147751831541646585e-03	1.096757166265874965e-11	1.531853963901802906e+01	1.531853878853875983e+01	1.531853834170430595e+01	1.531853834170426687e+01	0.000000000000000000e+00	0.000000000000000000e+00	0.000000000000000000e+00	0.000000000000000000e+00	0.000000000000000000e+00	0.000000000000000000e+00	0.000000000000000000e+00	0.000000000000000000e+00	0.000000000000000000e+00	0.000000000000000000e+00	0.000000000000000000e+00	0.000000000000000000e+00
3.288122953052681138e-03	1.120943280301843843e-11	1.498800313844325593e+01	1.498800221296156643e+01	1.498800172683673715e+01	1.498800172683660570e+01	0.000000000000000000e+00	0.000000000000000000e+00	0.000000000000000000e+00	0.000000000000000000e+00	0.000000000000000000e+00	0.000000000000000000e+00	0.000000000000000000e+00	0.000000000000000000e+00	0.000000000000000000e+00	0.000000000000000000e+00	0.000000000000000000e+00	0.000000000000000000e+00
3.434753796679297644e-03	1.145664473848577376e-11	1.466459911085048695e+01	1.466459810321847357e+01	1.466459757409657350e+01	1.466459757409643672e+01	0.000000000000000000e+00	0.000000000000000000e+00	0.000000000000000000e+00	0.000000000000000000e+00	0.000000000000000000e+00	0.000000000000000000e+00	0.000000000000000000e+00	0.000000000000000000e+00	0.000000000000000000e+00	0.000000000000000000e+00	0.000000000000000000e+00	0.000000000000000000e+00
3.587923509019048073e-03	1.170932632911877344e-11	1.434817353257856887e+01	1.434817243813814969e+01	1.434817186358632846e+01	1.434817186358598917e+01	0.000000000000000000e+00	0.000000000000000000e+00	0.000000000000000000e+00	0.000000000000000000e+00	0.000000000000000000e+00	0.000000000000000000e+00	0.000000000000000000e+00	0.000000000000000000e+00	0.000000000000000000e+00	0.000000000000000000e+00	0.000000000000000000e+00	0.000000000000000000e+00
3.747923684957357119e-03	1.196754960698013048e-11	1.403857582014962091e+01	1.403857462745284224e+01	1.403857400158022273e+01	1.403857400157991187e+01	0.000000000000000000e+00	0.000000000000000000e+00	0.000000000000000000e+00	0.000000000000000000e+00	0.000000000000000000e+00	0.000000000000000000e+00	0.000000000000000000e+00	0.000000000000000000e+00	0.000000000000000000e+00	0.000000000000000000e+00	0.000000000000000000e+00	0.000000000000000000e+00
3.915058922787580629e-03	1.223147887287014165e-11	1.373565875571662254e+01	1.373565745790796555e+01	1.373565677716049294e+01	1.373565677716008082e+01	0.000000000000000000e+00	0.000000000000000000e+00	0.000000000000000000e+00	0.000000000000000000e+00	0.000000000000000000e+00	0.000000000000000000e+00	0.000000000000000000e+00	0.000000000000000000e+00	0.000000000000000000e+00	0.000000000000000000e+00	0.000000000000000000e+00	0.000000000000000000e+00
4.089647404086091051e-03	1.250124755184396499e-11	1.343927818772257510e+01	1.343927677624522055e+01	1.343927603620207734e+01	1.343927603620143252e+01	0.000000000000000000e+00	0.000000000000000000e+00	0.000000000000000000e+00	0.000000000000000000e+00	0.000000000000000000e+00	0.000000000000000000e+00	0.000000000000000000e+00	0.000000000000000000e+00	0.000000000000000000e+00	0.000000000000000000e+00	0.000000000000000000e+00	0.000000000000000000e+00
4.272021499446429504e-03	1.277694093770444328e-11	1.314929308126691154e+01	1.314929154507663966e+01	1.314929074004044551e+01	1.314929074003958753e+01	0.000000000000000000e+00	0.000000000000000000e+00	0.000000000000000000e+00	0.000000000000000000e+00	0.000000000000000000e+00	0.000000000000000000e+00	0.000000000000000000e+00	0.000000000000000000e+00	0.000000000000000000e+00	0.000000000000000000e+00	0.000000000000000000e+00	0.000000000000000000e+00
4.462528401225548773e-03	1.305871785273348083e-11	1.286556544413693004e+01	1.286556377305822885e+01	1.286556289779133522e+01	1.286556289779019657e+01	0.000000000000000000e+00	0.000000000000000000e+00	0.000000000000000000e+00	0.000000000000000000e+00	0.000000000000000000e+00	0.000000000000000000e+00	0.000000000000000000e+00	0.000000000000000000e+00	0.000000000000000000e+00	0.000000000000000000e+00	0.000000000000000000e+00	0.000000000000000000e+00
4.661530784506851509e-03	1.334672901036522077e-11	1.258796024703128680e+01	1.258795842687480970e+01	1.258795747408769827e+01	1.258795747408607468e+01	0.000000000000000000e+00	0.000000000000000000e+00	0.000000000000000000e+00	0.000000000000000000e+00	0.000000000000000000e+00	0.000000000000000000e+00	0.000000000000000000e+00	0.000000000000000000e+00	0.000000000000000000e+00	0.000000000000000000e+00	0.000000000000000000e+00	0.000000000000000000e+00
4.869407497538249391e-03	1.364107448614175603e-11	1.231634538494520825e+01	1.231634340187970089e+01	1.231634236448542197e+01	1.231634236448325481e+01	0.000000000000000000e+00	0.000000000000000000e+00	0.000000000000000000e+00	0.000000000000000000e+00	0.000000000000000000e+00	0.000000000000000000e+00	0.000000000000000000e+00	0.000000000000000000e+00	0.000000000000000000e+00	0.000000000000000000e+00	0.000000000000000000e+00	0.000000000000000000e+00
5.086554282959673129e-03	1.394190606780610076e-11	1.205059160733489065e+01	1.205058944475493377e+01	1.205058831424793730e+01	1.205058831424495125e+01	0.000000000000000000e+00	0.000000000000000000e+00	0.000000000000000000e+00	0.000000000000000000e+00	0.000000000000000000e+00	0.000000000000000000e+00	0.000000000000000000e+00	0.000000000000000000e+00	0.000000000000000000e+00	0.000000000000000000e+00	0.000000000000000000e+00	0.000000000000000000e+00
5.313384531193096443e-03	1.424939343583914098e-11	1.179057245537679499e+01	1.179057009564143854e+01	1.179056886301367157e+01	1.179056886300958595e+01	0.000000000000000000e+00	0.000000000000000000e+00	0.000000000000000000e+00	0.000000000000000000e+00	0.000000000000000000e+00	0.000000000000000000e+00	0.000000000000000000e+00	0.000000000000000000e+00	0.000000000000000000e+00	0.000000000000000000e+00	0.000000000000000000e+00	0.000000000000000000e+00
5.550330067429240163e-03	1.456365299974051223e-11	1.153616419989300290e+01	1.153616162549843160e+01	1.153616028182674924e+01	1.153616028182126207e+01	0.000000000000000000e+00	0.000000000000000000e+00	0.000000000000000000e+00	0.000000000000000000e+00	0.000000000000000000e+00	0.000000000000000000e+00	0.000000000000000000e+00	0.000000000000000000e+00	0.000000000000000000e+00	0.000000000000000000e+00	0.000000000000000000e+00	0.000000000000000000e+00
5.797841973709311723e-03	1.488482786060126433e-11	1.128724577204466861e+01	1.128724296037850472e+01	1.128724149413496569e+01	1.128724149412749789e+01	0.000000000000000000e+00	0.000000000000000000e+00	0.000000000000000000e+00	0.000000000000000000e+00	0.000000000000000000e+00	0.000000000000000000e+00	0.000000000000000000e+00	0.000000000000000000e+00	0.000000000000000000e+00	0.000000000000000000e+00	0.000000000000000000e+00	0.000000000000000000e+00
6.056391447666644584e-03	1.521310856209985054e-11	1.104369871362488453e+01	1.104369564719300456e+01	1.104369404949210143e+01	1.104369404948209699e+01	0.000000000000000000e+00	0.000000000000000000e+00	0.000000000000000000e+00	0.000000000000000000e+00	0.000000000000000000e+00	0.000000000000000000e+00	0.000000000000000000e+00	0.000000000000000000e+00	0.000000000000000000e+00	0.000000000000000000e+00	0.000000000000000000e+00	0.000000000000000000e+00
6.326470699563208414e-03	1.554862961394064079e-11	1.080540711885277894e+01	1.080540377284746256e+01	1.080540203107441322e+01	1.080540203106092356e+01	0.000000000000000000e+00	0.000000000000000000e+00	0.000000000000000000e+00	0.000000000000000000e+00	0.000000000000000000e+00	0.000000000000000000e+00	0.000000000000000000e+00	0.000000000000000000e+00	0.000000000000000000e+00	0.000000000000000000e+00	0.000000000000000000e+00	0.000000000000000000e+00
6.608593889328600625e-03	1.589152361233220006e-11	1.057225757492571461e+01	1.057225392941689179e+01	1.057225203345148046e+01	1.057225203343339537e+01	0.000000000000000000e+00	0.000000000000000000e+00	0.000000000000000000e+00	0.000000000000000000e+00	0.000000000000000000e+00	0.000000000000000000e+00	0.000000000000000000e+00	0.000000000000000000e+00	0.000000000000000000e+00	0.000000000000000000e+00	0.000000000000000000e+00	0.000000000000000000e+00
6.903298105385453388e-03	1.624200391646108512e-11	1.034413914834311221e+01	1.034413518043676206e+01	1.034413311865235841e+01	1.034413311862820528e+01	0.000000000000000000e+00	0.000000000000000000e+00	0.000000000000000000e+00	0.000000000000000000e+00	0.000000000000000000e+00	0.000000000000000000e+00	0.000000000000000000e+00	0.000000000000000000e+00	0.000000000000000000e+00	0.000000000000000000e+00	0.000000000000000000e+00	0.000000000000000000e+00
7.211144387124686535e-03	1.660022497988390473e-11	1.012094329575253759e+01	1.012093898093930022e+01	1.012093674088212225e+01	1.012093674084986894e+01	0.000000000000000000e+00	0.000000000000000000e+00	0.000000000000000000e+00	0.000000000000000000e+00	0.000000000000000000e+00	0.000000000000000000e+00	0.000000000000000000e+00	0.000000000000000000e+00	0.000000000000000000e+00	0.000000000000000000e+00	0.000000000000000000e+00	0.000000000000000000e+00
7.532718792977042416e-03	1.696630683676047309e-11	9.902563801654263642e+00	9.902559117875092909e+00	9.902556688333385537e+00	9.902556688290539810e+00	4.680205314234125447e-01	5.319794685765875109e-01	0.000000000000000000e+00	0.000000000000000000e+00	0.000000000000000000e+00	0.000000000000000000e+00	0.000000000000000000e+00	0.000000000000000000e+00	0.000000000000000000e+00	0.000000000000000000e+00	0.000000000000000000e+00	0.000000000000000000e+00
7.868633516114402829e-03	1.734048803446230465e-11	9.688896725847339297e+00	9.688891641612674022e+00	9.688889006934136461e+00	9.688889006875605503e+00	4.673050578844472613e-01	5.326949421155526831e-01	0.000000000000000000e+00	0.000000000000000000e+00	0.000000000000000000e+00	0.000000000000000000e+00	0.000000000000000000e+00	0.000000000000000000e+00	0.000000000000000000e+00	0.000000000000000000e+00	0.000000000000000000e+00	0.000000000000000000e+00
8.219528049904679598e-03	1.772294510802651650e-11	9.479840380377074993e+00	9.479834854434002978e+00	9.479831995041022807e+00	9.479831994960322916e+00	4.665698249393528951e-01	5.334301750606470494e-01	0.000000000000000000e+00	0.000000000000000000e+00	0.000000000000000000e+00	0.000000000000000000e+00	0.000000000000000000e+00	0.000000000000000000e+00	0.000000000000000000e+00	0.000000000000000000e+00	0.000000000000000000e+00	0.000000000000000000e+00
8.586070405339176620e-03	1.811378321367474533e-11	9.275295316773402021e+00	9.275289302935156854e+00	9.275286195389618626e+00	9.275286195282131274e+00	4.658200048395373938e-01	5.341799951604625507e-01	0.000000000000000000e+00	0.000000000000000000e+00	0.000000000000000000e+00	0.000000000000000000e+00	0.000000000000000000e+00	0.000000000000000000e+00	0.000000000000000000e+00	0.000000000000000000e+00	0.000000000000000000e+00	0.000000000000000000e+00
8.968958382749988786e-03	1.851326833904680451e-11	9.075164195130653866e+00	9.075157652264570274e+00	9.075154276120006358e+00	9.075154275977954654e+00	4.650535046285910745e-01	5.349464953714088145e-01	0.000000000000000000e+00	0.000000000000000000e+00	0.000000000000000000e+00	0.000000000000000000e+00	0.000000000000000000e+00	0.000000000000000000e+00	0.000000000000000000e+00	0.000000000000000000e+00	0.000000000000000000e+00	0.000000000000000000e+00
9.368920900238471641e-03	1.892159244504430699e-11	8.879351771815748862e+00	8.879344653852873748e+00	8.879340986493174270e+00	8.879340986305361838e+00	4.642713796026914364e-01	5.357286203973083971e-01	0.000000000000000000e+00	0.000000000000000000e+00	0.000000000000000000e+00	0.000000000000000000e+00	0.000000000000000000e+00	0.000000000000000000e+00	0.000000000000000000e+00	0.000000000000000000e+00	0.000000000000000000e+00	0.000000000000000000e+00
9.786719381343809976e-03	1.933886998558270557e-11	8.687764853615208338e+00	8.687757109887307649e+00	8.687753126419783811e+00	8.687753126172090390e+00	4.634728975006000007e-01	5.365271024993998328e-01	0.000000000000000000e+00	0.000000000000000000e+00	0.000000000000000000e+00	0.000000000000000000e+00	0.000000000000000000e+00	0.000000000000000000e+00	0.000000000000000000e+00	0.000000000000000000e+00	0.000000000000000000e+00	0.000000000000000000e+00
1.022314920459330319e-02	1.976537049022162303e-11	8.500312279182518083e+00	8.500303862456313198e+00	8.500299539867302911e+00	8.500299539543208382e+00	4.626567564262283327e-01	5.373432435737715007e-01	0.000000000000000000e+00	0.000000000000000000e+00	0.000000000000000000e+00	0.000000000000000000e+00	0.000000000000000000e+00	0.000000000000000000e+00	0.000000000000000000e+00	0.000000000000000000e+00	0.000000000000000000e+00	0.000000000000000000e+00
1.067904121769414592e-02	2.020130767547502619e-11	8.316904860571359137e+00	8.316895709710330209e+00	8.316891018337825514e+00	8.316891017913450312e+00	4.618222514663745670e-01	5.381777485336252109e-01	0.000000000000000000e+00	0.000000000000000000e+00	0.000000000000000000e+00	0.000000000000000000e+00	0.000000000000000000e+00	0.000000000000000000e+00	0.000000000000000000e+00	0.000000000000000000e+00	0.000000000000000000e+00	0.000000000000000000e+00
1.115526331924912400e-02	2.064681702077587110e-11	8.137455320586573393e+00	8.137445377929516610e+00	8.137440290248145303e+00	8.137440289695113904e+00	4.609714514159988785e-01	5.390285485840008439e-01	0.000000000000000000e+00	0.000000000000000000e+00	0.000000000000000000e+00	0.000000000000000000e+00	0.000000000000000000e+00	0.000000000000000000e+00	0.000000000000000000e+00	0.000000000000000000e+00	0.000000000000000000e+00	0.000000000000000000e+00
1.165272211100748696e-02	2.110215982926225704e-11	7.961878249533902441e+00	7.961867443563751756e+00	7.961861925661838590e+00	7.961861924940609292e+00	4.601017054141638973e-01	5.398982945858358251e-01	0.000000000000000000e+00	0.000000000000000000e+00	0.000000000000000000e+00	0.000000000000000000e+00	0.000000000000000000e+00	0.000000000000000000e+00	0.000000000000000000e+00	0.000000000000000000e+00	0.000000000000000000e+00	0.000000000000000000e+00
1.217236462379651073e-02	2.156757752092598630e-11	7.790090081889085916e+00	7.790078338443969130e+00	7.790072355587269293e+00	7.790072354647909592e+00	4.592122773577825279e-01	5.407877226422173056e-01	0.000000000000000000e+00	0.000000000000000000e+00	0.000000000000000000e+00	0.000000000000000000e+00	0.000000000000000000e+00	0.000000000000000000e+00	0.000000000000000000e+00	0.000000000000000000e+00	0.000000000000000000e+00	0.000000000000000000e+00
1.271518012041928866e-02	2.204322902964301427e-11	7.622009100749081334e+00	7.621996343243981897e+00	7.621989860113379756e+00	7.621989858894534287e+00	4.583057997978011167e-01	5.416942002021986058e-01	0.000000000000000000e+00	0.000000000000000000e+00	0.000000000000000000e+00	0.000000000000000000e+00	0.000000000000000000e+00	0.000000000000000000e+00	0.000000000000000000e+00	0.000000000000000000e+00	0.000000000000000000e+00	0.000000000000000000e+00
1.328220197895122259e-02	2.252936508519085035e-11	7.457555326036908738e+00	7.457541456910762534e+00	7.457534428511343627e+00	7.457534426925502835e+00	4.573785313311592993e-01	5.426214686688406452e-01	0.000000000000000000e+00	0.000000000000000000e+00	0.000000000000000000e+00	0.000000000000000000e+00	0.000000000000000000e+00	0.000000000000000000e+00	0.000000000000000000e+00	0.000000000000000000e+00	0.000000000000000000e+00	0.000000000000000000e+00
1.387450966002032847e-02	2.302625736176289581e-11	7.296650494010699539e+00	7.296635432589873460e+00	7.296627822188654910e+00	7.296627820142902010e+00	4.564317949430021781e-01	5.435682050569976553e-01	0.000000000000000000e+00	0.000000000000000000e+00	0.000000000000000000e+00	0.000000000000000000e+00	0.000000000000000000e+00	0.000000000000000000e+00	0.000000000000000000e+00	0.000000000000000000e+00	0.000000000000000000e+00	0.000000000000000000e+00
1.449323076181661084e-02	2.353409079564155748e-11	7.139218027976874659e+00	7.139201659251326326e+00	7.139193414033421448e+00	7.139193411386627552e+00	4.554649720748349950e-01	5.445350279251649495e-01	0.000000000000000000e+00	0.000000000000000000e+00	0.000000000000000000e+00	0.000000000000000000e+00	0.000000000000000000e+00	0.000000000000000000e+00	0.000000000000000000e+00	0.000000000000000000e+00	0.000000000000000000e+00	0.000000000000000000e+00
1.513954316674277593e-02	2.405310308489330543e-11	6.985183018531664345e+00	6.985165249131132015e+00	6.985156326453163977e+00	6.985156323054591887e+00	4.544774393205478491e-01	5.455225606794519289e-01	0.000000000000000000e+00	0.000000000000000000e+00	0.000000000000000000e+00	0.000000000000000000e+00	0.000000000000000000e+00	0.000000000000000000e+00	0.000000000000000000e+00	0.000000000000000000e+00	0.000000000000000000e+00	0.000000000000000000e+00
1.581467728379277321e-02	2.458359905383653056e-11	6.834472179809392145e+00	6.834452894245669263e+00	6.834443241734464713e+00	6.834443237380157576e+00	4.534681753913006874e-01	5.465318246086992016e-01	0.000000000000000000e+00	0.000000000000000000e+00	0.000000000000000000e+00	0.000000000000000000e+00	0.000000000000000000e+00	0.000000000000000000e+00	0.000000000000000000e+00	0.000000000000000000e+00	0.000000000000000000e+00	0.000000000000000000e+00
1.651991839092727121e-02	2.512579219305788567e-11	6.687013795887899015e+00	6.686992870931557142e+00	6.686982433807941106e+00	6.686982428240567877e+00	4.524387476886096993e-01	5.475612523113900787e-01	0.000000000000000000e+00	0.000000000000000000e+00	0.000000000000000000e+00	0.000000000000000000e+00	0.000000000000000000e+00	0.000000000000000000e+00	0.000000000000000000e+00	0.000000000000000000e+00	0.000000000000000000e+00	0.000000000000000000e+00
1.725660908190511725e-02	2.567990446354032322e-11	6.542737691774392239e+00	6.542715001704648259e+00	6.542703727716802753e+00	6.542703720635152820e+00	4.513862689555845908e-01	5.486137310444151316e-01	0.000000000000000000e+00	0.000000000000000000e+00	0.000000000000000000e+00	0.000000000000000000e+00	0.000000000000000000e+00	0.000000000000000000e+00	0.000000000000000000e+00	0.000000000000000000e+00	0.000000000000000000e+00	0.000000000000000000e+00
1.802615182222913268e-02	2.624627711754878478e-11	6.401575195879141589e+00	6.401550579973398492e+00	6.401538400516545657e+00	6.401538391505577685e+00	4.503120687376044318e-01	5.496879312623951241e-01	0.000000000000000000e+00	0.000000000000000000e+00	0.000000000000000000e+00	0.000000000000000000e+00	0.000000000000000000e+00	0.000000000000000000e+00	0.000000000000000000e+00	0.000000000000000000e+00	0.000000000000000000e+00	0.000000000000000000e+00
1.883001161907188817e-02	2.682515508309708195e-11	6.263459159247243058e+00	6.263432477810688681e+00	6.263419334637955416e+00	6.263419323248418102e+00	4.492154032287369869e-01	5.507845967712626800e-01	0.000000000000000000e+00	0.000000000000000000e+00	0.000000000000000000e+00	0.000000000000000000e+00	0.000000000000000000e+00	0.000000000000000000e+00	0.000000000000000000e+00	0.000000000000000000e+00	0.000000000000000000e+00	0.000000000000000000e+00
1.966971881026439301e-02	2.741674152035826573e-11	6.128323872409696449e+00	6.128294942766072673e+00	6.128280760108221870e+00	6.128280745710391386e+00	4.480953675367527755e-01	5.519046324632469469e-01	0.000000000000000000e+00	0.000000000000000000e+00	0.000000000000000000e+00	0.000000000000000000e+00	0.000000000000000000e+00	0.000000000000000000e+00	0.000000000000000000e+00	0.000000000000000000e+00	0.000000000000000000e+00	0.000000000000000000e+00
2.054687197765727585e-02	2.802141756027006422e-11	5.996105023636481235e+00	5.996073677723793516e+00	5.996058387882182927e+00	5.996058369775496111e+00	4.469521925795532646e-01	5.530478074204464578e-01	0.000000000000000000e+00	0.000000000000000000e+00	0.000000000000000000e+00	0.000000000000000000e+00	0.000000000000000000e+00	0.000000000000000000e+00	0.000000000000000000e+00	0.000000000000000000e+00	0.000000000000000000e+00	0.000000000000000000e+00
2.146314099040050674e-02	2.863946292257168540e-11	5.866739690474405577e+00	5.866705737952553790e+00	5.866689265666391151e+00	5.866689242975013485e+00	4.457846448756149216e-01	5.542153551243846898e-01	0.000000000000000000e+00	0.000000000000000000e+00	0.000000000000000000e+00	0.000000000000000000e+00	0.000000000000000000e+00	0.000000000000000000e+00	0.000000000000000000e+00	0.000000000000000000e+00	0.000000000000000000e+00	0.000000000000000000e+00
2.242027018393557072e-02	2.927105872466314599e-11	5.740166325261724545e+00	5.740129551665553720e+00	5.740111814013032721e+00	5.740111785621564877e+00	4.445922962295712488e-01	5.554077037704283626e-01	0.000000000000000000e+00	0.000000000000000000e+00	0.000000000000000000e+00	0.000000000000000000e+00	0.000000000000000000e+00	0.000000000000000000e+00	0.000000000000000000e+00	0.000000000000000000e+00	0.000000000000000000e+00	0.000000000000000000e+00
2.342008168075171426e-02	2.991662952757687163e-11	5.616324709854544572e+00	5.616284911470938113e+00	5.616265833169961752e+00	5.616265797849067987e+00	4.433760368548573250e-01	5.566239631451423975e-01	0.000000000000000000e+00	0.000000000000000000e+00	0.000000000000000000e+00	0.000000000000000000e+00	0.000000000000000000e+00	0.000000000000000000e+00	0.000000000000000000e+00	0.000000000000000000e+00	0.000000000000000000e+00	0.000000000000000000e+00
2.446447885922846052e-02	3.057648565115847757e-11	5.495155917142469093e+00	5.495112828835947205e+00	5.495092313023976160e+00	5.495092269092444859e+00	4.421347090874584995e-01	5.578652909125411119e-01	0.000000000000000000e+00	0.000000000000000000e+00	0.000000000000000000e+00	0.000000000000000000e+00	0.000000000000000000e+00	0.000000000000000000e+00	0.000000000000000000e+00	0.000000000000000000e+00	0.000000000000000000e+00	0.000000000000000000e+00
2.555544997716789613e-02	3.125080482859790330e-11	5.376602297087160309e+00	5.376555685992805422e+00	5.376533650775050965e+00	5.376533596451010588e+00	4.408651075922809803e-01	5.591348924077186311e-01	0.000000000000000000e+00	0.000000000000000000e+00	0.000000000000000000e+00	0.000000000000000000e+00	0.000000000000000000e+00	0.000000000000000000e+00	0.000000000000000000e+00	0.000000000000000000e+00	0.000000000000000000e+00	0.000000000000000000e+00
2.669507195691503063e-02	3.194003697696774106e-11	5.260607420960348612e+00	5.260557000488058854e+00	5.260533344037408909e+00	5.260533276992021001e+00	4.395719581957404642e-01	5.604280418042592027e-01	0.000000000000000000e+00	0.000000000000000000e+00	0.000000000000000000e+00	0.000000000000000000e+00	0.000000000000000000e+00	0.000000000000000000e+00	0.000000000000000000e+00	0.000000000000000000e+00	0.000000000000000000e+00	0.000000000000000000e+00
2.788551433927230830e-02	3.264452066533176711e-11	5.147116118361154236e+00	5.147061605041130861e+00	5.147036230227572062e+00	5.147036147807520834e+00	4.382495301233772511e-01	5.617504698766225824e-01	0.000000000000000000e+00	0.000000000000000000e+00	0.000000000000000000e+00	0.000000000000000000e+00	0.000000000000000000e+00	0.000000000000000000e+00	0.000000000000000000e+00	0.000000000000000000e+00	0.000000000000000000e+00	0.000000000000000000e+00
2.912904341373513326e-02	3.336446618243718626e-11	5.036074409418026754e+00	5.036015509903204013e+00	5.035988321953221991e+00	5.035988221107665197e+00	4.369028243370429165e-01	5.630971756629569169e-01	0.000000000000000000e+00	0.000000000000000000e+00	0.000000000000000000e+00	0.000000000000000000e+00	0.000000000000000000e+00	0.000000000000000000e+00	0.000000000000000000e+00	0.000000000000000000e+00	0.000000000000000000e+00	0.000000000000000000e+00
3.042802653291164922e-02	3.410031316385717391e-11	4.927429450323525195e+00	4.927365797199668052e+00	4.927336680890094023e+00	4.927336557629396374e+00	4.355265696956551191e-01	5.644734303043448254e-01	0.000000000000000000e+00	0.000000000000000000e+00	0.000000000000000000e+00	0.000000000000000000e+00	0.000000000000000000e+00	0.000000000000000000e+00	0.000000000000000000e+00	0.000000000000000000e+00	0.000000000000000000e+00	0.000000000000000000e+00
3.178493661934005121e-02	3.485244360766019950e-11	4.821129536319460840e+00	4.821060825501780833e+00	4.821029691569467701e+00	4.821029541955506481e+00	4.341218225195525582e-01	5.658781774804473308e-01	0.000000000000000000e+00	0.000000000000000000e+00	0.000000000000000000e+00	0.000000000000000000e+00	0.000000000000000000e+00	0.000000000000000000e+00	0.000000000000000000e+00	0.000000000000000000e+00	0.000000000000000000e+00	0.000000000000000000e+00
3.320235687328322582e-02	3.562110393036474973e-11	4.717124081276547365e+00	4.717049869315268928e+00	4.717016585431145437e+00	4.717016403746647768e+00	4.326900725159676386e-01	5.673099274840323059e-01	0.000000000000000000e+00	0.000000000000000000e+00	0.000000000000000000e+00	0.000000000000000000e+00	0.000000000000000000e+00	0.000000000000000000e+00	0.000000000000000000e+00	0.000000000000000000e+00	0.000000000000000000e+00	0.000000000000000000e+00
3.468298569046344287e-02	3.640672067862777645e-11	4.615363580011035971e+00	4.615283512905472563e+00	4.615247984526243741e+00	4.615247765289709925e+00	4.312277034698411837e-01	5.687722965301587053e-01	0.000000000000000000e+00	0.000000000000000000e+00	0.000000000000000000e+00	0.000000000000000000e+00	0.000000000000000000e+00	0.000000000000000000e+00	0.000000000000000000e+00	0.000000000000000000e+00	0.000000000000000000e+00	0.000000000000000000e+00
3.622964179909862054e-02	3.720972272424397051e-11	4.515799646394748734e+00	4.515713269745326386e+00	4.515675375281501758e+00	4.515675111387852603e+00	4.297368930480357507e-01	5.702631069519640272e-01	0.000000000000000000e+00	0.000000000000000000e+00	0.000000000000000000e+00	0.000000000000000000e+00	0.000000000000000000e+00	0.000000000000000000e+00	0.000000000000000000e+00	0.000000000000000000e+00	0.000000000000000000e+00	0.000000000000000000e+00
3.784526962602034750e-02	3.803039575007283790e-11	4.418384926020937797e+00	4.418291780189488094e+00	4.418251404941671012e+00	4.418251088432099571e+00	4.282164540301239275e-01	5.717835459698757949e-01	0.000000000000000000e+00	0.000000000000000000e+00	0.000000000000000000e+00	0.000000000000000000e+00	0.000000000000000000e+00	0.000000000000000000e+00	0.000000000000000000e+00	0.000000000000000000e+00	0.000000000000000000e+00	0.000000000000000000e+00
3.953294490208876522e-02	3.886914979109551472e-11	4.323073072961257424e+00	4.322972699964344301e+00	4.322929737839538156e+00	4.322929360061040782e+00	4.266640482451946603e-01	5.733359517548051176e-01	0.000000000000000000e+00	0.000000000000000000e+00	0.000000000000000000e+00	0.000000000000000000e+00	0.000000000000000000e+00	0.000000000000000000e+00	0.000000000000000000e+00	0.000000000000000000e+00	0.000000000000000000e+00	0.000000000000000000e+00
4.129588051757603767e-02	3.972646521797972352e-11	4.229818736811454372e+00	4.229710568279591243e+00	4.229664889545830420e+00	4.229664439508777463e+00	4.250831495030819585e-01	5.749168504969177640e-01	0.000000000000000000e+00	0.000000000000000000e+00	0.000000000000000000e+00	0.000000000000000000e+00	0.000000000000000000e+00	0.000000000000000000e+00	0.000000000000000000e+00	0.000000000000000000e+00	0.000000000000000000e+00	0.000000000000000000e+00
4.313743263866520739e-02	4.060267101157219020e-11	4.138577559393242566e+00	4.138461106525160638e+00	4.138412615289839280e+00	4.138412082225865873e+00	4.234700695801384973e-01	5.765299304198612251e-01	0.000000000000000000e+00	0.000000000000000000e+00	0.000000000000000000e+00	0.000000000000000000e+00	0.000000000000000000e+00	0.000000000000000000e+00	0.000000000000000000e+00	0.000000000000000000e+00	0.000000000000000000e+00	0.000000000000000000e+00
4.506110709670863024e-02	4.149815774779526970e-11	4.049306137465490174e+00	4.049180752470373790e+00	4.049129320068477256e+00	4.049128689878323861e+00	4.218238767457161420e-01	5.781761232542834694e-01	0.000000000000000000e+00	0.000000000000000000e+00	0.000000000000000000e+00	0.000000000000000000e+00	0.000000000000000000e+00	0.000000000000000000e+00	0.000000000000000000e+00	0.000000000000000000e+00	0.000000000000000000e+00	0.000000000000000000e+00
4.707056606240982849e-02	4.241346213230198181e-11	3.961961995566011030e+00	3.961827099200082358e+00	3.961772628711506261e+00	3.961771887387110613e+00	4.201495571525267203e-01	5.798504428474728911e-01	0.000000000000000000e+00	0.000000000000000000e+00	0.000000000000000000e+00	0.000000000000000000e+00	0.000000000000000000e+00	0.000000000000000000e+00	0.000000000000000000e+00	0.000000000000000000e+00	0.000000000000000000e+00	0.000000000000000000e+00
4.916963501763419592e-02	4.334896036015097964e-11	3.876503588156833935e+00	3.876358511329685452e+00	3.876300896212018010e+00	3.876300027302915119e+00	4.184404026040732250e-01	5.815595973959264420e-01	0.000000000000000000e+00	0.000000000000000000e+00	0.000000000000000000e+00	0.000000000000000000e+00	0.000000000000000000e+00	0.000000000000000000e+00	0.000000000000000000e+00	0.000000000000000000e+00	0.000000000000000000e+00	0.000000000000000000e+00
5.136231003812118806e-02	4.430502002012560901e-11	3.792890268670552789e+00	3.792734285119634841e+00	3.792673422504795333e+00	3.792672407482338581e+00	4.166974187865931656e-01	5.833025812134065013e-01	0.000000000000000000e+00	0.000000000000000000e+00	0.000000000000000000e+00	0.000000000000000000e+00	0.000000000000000000e+00	0.000000000000000000e+00	0.000000000000000000e+00	0.000000000000000000e+00	0.000000000000000000e+00	0.000000000000000000e+00
5.365276540096257374e-02	4.528223875387970892e-11	3.711082248535137573e+00	3.710914676069629436e+00	3.710850488783382417e+00	3.710849309123568140e+00	4.149238460129054951e-01	5.850761539870942274e-01	0.000000000000000000e+00	0.000000000000000000e+00	0.000000000000000000e+00	0.000000000000000000e+00	0.000000000000000000e+00	0.000000000000000000e+00	0.000000000000000000e+00	0.000000000000000000e+00	0.000000000000000000e+00	0.000000000000000000e+00
5.604536153132937820e-02	4.628104410054993860e-11	3.631040613119418392e+00	3.630860583184442714e+00	3.630792974338793666e+00	3.630791607102972218e+00	4.131146073247631278e-01	5.868853926752365391e-01	0.000000000000000000e+00	0.000000000000000000e+00	0.000000000000000000e+00	0.000000000000000000e+00	0.000000000000000000e+00	0.000000000000000000e+00	0.000000000000000000e+00	0.000000000000000000e+00	0.000000000000000000e+00	0.000000000000000000e+00
5.854465330357530584e-02	4.730177718987131478e-11	3.552727301690085326e+00	3.552534071112357417e+00	3.552462990694544853e+00	3.552461414739062739e+00	4.112759373969464005e-01	5.887240626030532109e-01	0.000000000000000000e+00	0.000000000000000000e+00	0.000000000000000000e+00	0.000000000000000000e+00	0.000000000000000000e+00	0.000000000000000000e+00	0.000000000000000000e+00	0.000000000000000000e+00	0.000000000000000000e+00	0.000000000000000000e+00
6.115539871252093779e-02	4.834510150805676432e-11	3.476105049770179534e+00	3.475897669382800093e+00	3.475823049999608561e+00	3.475821239615660474e+00	4.093953912514436966e-01	5.906046087485560259e-01	0.000000000000000000e+00	0.000000000000000000e+00	0.000000000000000000e+00	0.000000000000000000e+00	0.000000000000000000e+00	0.000000000000000000e+00	0.000000000000000000e+00	0.000000000000000000e+00	0.000000000000000000e+00	0.000000000000000000e+00
6.388256793142549350e-02	4.941150002627578680e-11	3.401137411422554990e+00	3.400914981532441761e+00	3.400836789829666085e+00	3.400834720044090265e+00	4.074865258190770168e-01	5.925134741809225947e-01	0.000000000000000000e+00	0.000000000000000000e+00	0.000000000000000000e+00	0.000000000000000000e+00	0.000000000000000000e+00	0.000000000000000000e+00	0.000000000000000000e+00	0.000000000000000000e+00	0.000000000000000000e+00	0.000000000000000000e+00
6.673135277389105613e-02	5.050128411554290608e-11	3.327788744992072445e+00	3.327550316658272500e+00	3.327468536104424945e+00	3.327466180947080687e+00	4.055428857334175685e-01	5.944571142665819874e-01	0.000000000000000000e+00	0.000000000000000000e+00	0.000000000000000000e+00	0.000000000000000000e+00	0.000000000000000000e+00	0.000000000000000000e+00	0.000000000000000000e+00	0.000000000000000000e+00	0.000000000000000000e+00	0.000000000000000000e+00
6.970717657771104137e-02	5.161518894629069768e-11	3.256024139280307317e+00	3.255768585296532791e+00	3.255683202163480949e+00	3.255680532460426324e+00	4.035623004445250128e-01	5.964376995554744321e-01	0.000000000000000000e+00	0.000000000000000000e+00	0.000000000000000000e+00	0.000000000000000000e+00	0.000000000000000000e+00	0.000000000000000000e+00	0.000000000000000000e+00	0.000000000000000000e+00	0.000000000000000000e+00	0.000000000000000000e+00
7.281570452948050998e-02	5.275375081497416539e-11	3.185809455222210040e+00	3.185535857995819509e+00	3.185446911627904498e+00	3.185443903497288787e+00	4.015458468071059772e-01	5.984541531928934122e-01	0.000000000000000000e+00	0.000000000000000000e+00	0.000000000000000000e+00	0.000000000000000000e+00	0.000000000000000000e+00	0.000000000000000000e+00	0.000000000000000000e+00	0.000000000000000000e+00	0.000000000000000000e+00	0.000000000000000000e+00
7.606285444962315734e-02	5.391726881799719461e-11	3.117111323059569727e+00	3.116818289531338770e+00	3.116725800390842682e+00	3.116722421817982980e+00	3.994967838728686327e-01	6.005032161271307567e-01	0.000000000000000000e+00	0.000000000000000000e+00	0.000000000000000000e+00	0.000000000000000000e+00	0.000000000000000000e+00	0.000000000000000000e+00	0.000000000000000000e+00	0.000000000000000000e+00	0.000000000000000000e+00	0.000000000000000000e+00
7.945480805836586946e-02	5.510653396975041227e-11	3.049897046536671485e+00	3.049583553317199325e+00	3.049487607652538568e+00	3.049483836255578062e+00	3.974084383812173105e-01	6.025915616187820234e-01	0.000000000000000000e+00	0.000000000000000000e+00	0.000000000000000000e+00	0.000000000000000000e+00	0.000000000000000000e+00	0.000000000000000000e+00	0.000000000000000000e+00	0.000000000000000000e+00	0.000000000000000000e+00	0.000000000000000000e+00
8.299802274411013925e-02	5.632212592279318968e-11	2.984134653474295185e+00	2.983799322660728670e+00	2.983700005435556246e+00	2.983695814766632370e+00	3.952902964254982887e-01	6.047097035745010452e-01	0.000000000000000000e+00	0.000000000000000000e+00	0.000000000000000000e+00	0.000000000000000000e+00	0.000000000000000000e+00	0.000000000000000000e+00	0.000000000000000000e+00	0.000000000000000000e+00	0.000000000000000000e+00	0.000000000000000000e+00
8.669924385660261745e-02	5.756439184203464481e-11	2.919792885922874781e+00	2.919434418869891523e+00	2.919331855015779187e+00	2.919327223805442184e+00	3.931328465975321707e-01	6.068671534024671077e-01	0.000000000000000000e+00	0.000000000000000000e+00	0.000000000000000000e+00	0.000000000000000000e+00	0.000000000000000000e+00	0.000000000000000000e+00	0.000000000000000000e+00	0.000000000000000000e+00	0.000000000000000000e+00	0.000000000000000000e+00
9.056551754830897971e-02	5.883412128908097325e-11	2.856841116807990577e+00	2.856458180791259238e+00	2.856352517361417043e+00	2.856347427696620755e+00	3.909404241287633974e-01	6.090595758712358254e-01	0.000000000000000000e+00	0.000000000000000000e+00	0.000000000000000000e+00	0.000000000000000000e+00	0.000000000000000000e+00	0.000000000000000000e+00	0.000000000000000000e+00	0.000000000000000000e+00	0.000000000000000000e+00	0.000000000000000000e+00
9.460420418843626389e-02	6.013196065025082571e-11	2.795249395207490828e+00	2.794840402598561369e+00	2.794731804234180217e+00	2.794726239503480869e+00	3.887124033089015551e-01	6.112875966910976677e-01	0.000000000000000000e+00	0.000000000000000000e+00	0.000000000000000000e+00	0.000000000000000000e+00	0.000000000000000000e+00	0.000000000000000000e+00	0.000000000000000000e+00	0.000000000000000000e+00	0.000000000000000000e+00	0.000000000000000000e+00
9.882299237514204082e-02	6.145830802864813969e-11	2.734988456693647763e+00	2.734552073453837995e+00	2.734440737891150608e+00	2.734434690427761439e+00	3.864519395478779318e-01	6.135480604521212911e-01	0.000000000000000000e+00	0.000000000000000000e+00	0.000000000000000000e+00	0.000000000000000000e+00	0.000000000000000000e+00	0.000000000000000000e+00	0.000000000000000000e+00	0.000000000000000000e+00	0.000000000000000000e+00	0.000000000000000000e+00
1.032299135726054279e-01	6.281395158266266338e-11	2.676029625248669053e+00	2.675564097157232535e+00	2.675450231449897132e+00	2.675443694718083076e+00	3.841542023636102532e-01	6.158457976363889141e-01	0.000000000000000000e+00	0.000000000000000000e+00	0.000000000000000000e+00	0.000000000000000000e+00	0.000000000000000000e+00	0.000000000000000000e+00	0.000000000000000000e+00	0.000000000000000000e+00	0.000000000000000000e+00	0.000000000000000000e+00
1.078333574008239065e-01	6.419960970436301538e-11	2.618344849606832003e+00	2.617848684638515167e+00	2.617732515788357972e+00	2.617725492740688331e+00	3.818189843356676882e-01	6.181810156643313681e-01	0.000000000000000000e+00	0.000000000000000000e+00	0.000000000000000000e+00	0.000000000000000000e+00	0.000000000000000000e+00	0.000000000000000000e+00	0.000000000000000000e+00	0.000000000000000000e+00	0.000000000000000000e+00	0.000000000000000000e+00
1.126420876072457139e-01	6.561573479882733768e-11	2.561906712875016368e+00	2.561378169785073489e+00	2.561259935019568168e+00	2.561252433312391830e+00	3.794478788439821781e-01	6.205521211560169892e-01	0.000000000000000000e+00	0.000000000000000000e+00	0.000000000000000000e+00	0.000000000000000000e+00	0.000000000000000000e+00	0.000000000000000000e+00	0.000000000000000000e+00	0.000000000000000000e+00	0.000000000000000000e+00	0.000000000000000000e+00
1.176652587506420294e-01	6.706311475610577765e-11	2.506688355367352461e+00	2.506125654466659913e+00	2.506005596907321387e+00	2.505997631603296583e+00	3.770494938988996902e-01	6.229505061010994771e-01	0.000000000000000000e+00	0.000000000000000000e+00	0.000000000000000000e+00	0.000000000000000000e+00	0.000000000000000000e+00	0.000000000000000000e+00	0.000000000000000000e+00	0.000000000000000000e+00	0.000000000000000000e+00	0.000000000000000000e+00
1.229124336289819097e-01	6.854254401489929186e-11	2.452663500108702710e+00	2.452065020615880719e+00	2.451943381150059054e+00	2.451934974434368364e+00	3.746120425350352723e-01	6.253879574649638950e-01	0.000000000000000000e+00	0.000000000000000000e+00	0.000000000000000000e+00	0.000000000000000000e+00	0.000000000000000000e+00	0.000000000000000000e+00	0.000000000000000000e+00	0.000000000000000000e+00	0.000000000000000000e+00	0.000000000000000000e+00
1.283936014844861973e-01	7.005453101042719783e-11	2.399806480858937885e+00	2.399170147922363050e+00	2.399047165651951641e+00	2.399038346027334345e+00	3.721380023719659258e-01	6.278619976280332970e-01	0.000000000000000000e+00	0.000000000000000000e+00	0.000000000000000000e+00	0.000000000000000000e+00	0.000000000000000000e+00	0.000000000000000000e+00	0.000000000000000000e+00	0.000000000000000000e+00	0.000000000000000000e+00	0.000000000000000000e+00
1.341191970205201922e-01	7.159986552016909980e-11	2.348092150746627027e+00	2.347416367806135717e+00	2.347292266611177514e+00	2.347283069107362952e+00	3.696332081500354749e-01	6.303667918499638034e-01	0.000000000000000000e+00	0.000000000000000000e+00	0.000000000000000000e+00	0.000000000000000000e+00	0.000000000000000000e+00	0.000000000000000000e+00	0.000000000000000000e+00	0.000000000000000000e+00	0.000000000000000000e+00	0.000000000000000000e+00
1.401001202665276002e-01	7.317942160729705306e-11	2.297495896809799820e+00	2.296778525216069511e+00	2.296653513483795095e+00	2.296643978914639561e+00	3.671010160749341722e-01	6.328989839250650506e-01	0.000000000000000000e+00	0.000000000000000000e+00	0.000000000000000000e+00	0.000000000000000000e+00	0.000000000000000000e+00	0.000000000000000000e+00	0.000000000000000000e+00	0.000000000000000000e+00	0.000000000000000000e+00	0.000000000000000000e+00
1.463477573288215483e-01	7.479376504384796845e-11	2.247993672294381184e+00	2.247232922019955392e+00	2.247107185505425431e+00	2.247097359152721907e+00	3.645311739293062847e-01	6.354688260706929936e-01	0.000000000000000000e+00	0.000000000000000000e+00	0.000000000000000000e+00	0.000000000000000000e+00	0.000000000000000000e+00	0.000000000000000000e+00	0.000000000000000000e+00	0.000000000000000000e+00	0.000000000000000000e+00	0.000000000000000000e+00
1.528740020667398725e-01	7.644369254412125045e-11	2.199561925511906324e+00	2.198755848764430532e+00	2.198629547949820129e+00	2.198619478822594342e+00	3.619284934880909188e-01	6.380715065119083595e-01	0.000000000000000000e+00	0.000000000000000000e+00	0.000000000000000000e+00	0.000000000000000000e+00	0.000000000000000000e+00	0.000000000000000000e+00	0.000000000000000000e+00	0.000000000000000000e+00	0.000000000000000000e+00	0.000000000000000000e+00
1.596912787354275998e-01	7.813016281426842246e-11	2.152177602020029834e+00	2.151324029602470489e+00	2.151197292854781562e+00	2.151187033453116459e+00	3.592925008769951578e-01	6.407074991230041761e-01	0.000000000000000000e+00	0.000000000000000000e+00	0.000000000000000000e+00	0.000000000000000000e+00	0.000000000000000000e+00	0.000000000000000000e+00	0.000000000000000000e+00	0.000000000000000000e+00	0.000000000000000000e+00	0.000000000000000000e+00
1.668125656383549760e-01	7.985380132657663577e-11	2.105818190162031645e+00	2.104915448185573190e+00	2.104788377962274915e+00	2.104777979411875499e+00	3.566340562699294447e-01	6.433659437300699446e-01	0.000000000000000000e+00	0.000000000000000000e+00	0.000000000000000000e+00	0.000000000000000000e+00	0.000000000000000000e+00	0.000000000000000000e+00	0.000000000000000000e+00	0.000000000000000000e+00	0.000000000000000000e+00	0.000000000000000000e+00
1.742514198345960219e-01	8.161541758493789673e-11	2.060461640768943781e+00	2.059507240078952250e+00	2.059379897979272123e+00	2.059369415885394350e+00	3.539453076730089687e-01	6.460546923269905317e-01	0.000000000000000000e+00	0.000000000000000000e+00	0.000000000000000000e+00	0.000000000000000000e+00	0.000000000000000000e+00	0.000000000000000000e+00	0.000000000000000000e+00	0.000000000000000000e+00	0.000000000000000000e+00	0.000000000000000000e+00
1.820220029479071577e-01	8.341605681091098369e-11	2.016086354987253859e+00	2.015078615943832752e+00	2.014951042340259679e+00	2.014940525925072112e+00	3.512277226603423563e-01	6.487722773396571441e-01	0.000000000000000000e+00	0.000000000000000000e+00	0.000000000000000000e+00	0.000000000000000000e+00	0.000000000000000000e+00	0.000000000000000000e+00	0.000000000000000000e+00	0.000000000000000000e+00	0.000000000000000000e+00	0.000000000000000000e+00
1.901391081267385097e-01	8.525640264805445910e-11	1.972671242371054401e+00	1.971607800704089364e+00	1.971479995786556527e+00	1.971469495949043305e+00	3.484809655310491805e-01	6.515190344689503199e-01	0.000000000000000000e+00	0.000000000000000000e+00	0.000000000000000000e+00	0.000000000000000000e+00	0.000000000000000000e+00	0.000000000000000000e+00	0.000000000000000000e+00	0.000000000000000000e+00	0.000000000000000000e+00	0.000000000000000000e+00
1.986181882065002069e-01	8.713728759044763469e-11	1.930195652340090717e+00	1.929074514294131015e+00	1.928946457846431928e+00	1.928936019723304529e+00	3.457045003709381947e-01	6.542954996290613057e-01	0.000000000000000000e+00	0.000000000000000000e+00	0.000000000000000000e+00	0.000000000000000000e+00	0.000000000000000000e+00	0.000000000000000000e+00	0.000000000000000000e+00	0.000000000000000000e+00	0.000000000000000000e+00	0.000000000000000000e+00
2.074753851277014172e-01	8.905984497785806325e-11	1.888639354857558850e+00	1.887458456510853200e+00	1.887330104301075284e+00	1.887319768967837819e+00	3.429104558113482137e-01	6.570895441886512867e-01	0.000000000000000000e+00	0.000000000000000000e+00	0.000000000000000000e+00	0.000000000000000000e+00	0.000000000000000000e+00	0.000000000000000000e+00	0.000000000000000000e+00	0.000000000000000000e+00	0.000000000000000000e+00	0.000000000000000000e+00
2.167275606659632703e-01	9.102481208739000169e-11	1.847982604836193588e+00	1.846739554785410853e+00	1.846610833489055858e+00	1.846600638671032746e+00	3.400952602143796355e-01	6.599047397856198094e-01	0.000000000000000000e+00	0.000000000000000000e+00	0.000000000000000000e+00	0.000000000000000000e+00	0.000000000000000000e+00	0.000000000000000000e+00	0.000000000000000000e+00	0.000000000000000000e+00	0.000000000000000000e+00	0.000000000000000000e+00
2.263923285324098422e-01	9.303305778249947080e-11	1.808206067383954840e+00	1.806899001001351035e+00	1.806769838590299937e+00	1.806759814413430254e+00	3.372549600066024333e-01	6.627450399933970671e-01	0.000000000000000000e+00	0.000000000000000000e+00	0.000000000000000000e+00	0.000000000000000000e+00	0.000000000000000000e+00	0.000000000000000000e+00	0.000000000000000000e+00	0.000000000000000000e+00	0.000000000000000000e+00	0.000000000000000000e+00
2.364880879055446805e-01	9.508580511281646881e-11	1.769290784680614959e+00	1.767917140066312287e+00	1.767787431999131353e+00	1.767777605653126471e+00	3.343889480078137688e-01	6.656110519921857316e-01	0.000000000000000000e+00	0.000000000000000000e+00	0.000000000000000000e+00	0.000000000000000000e+00	0.000000000000000000e+00	0.000000000000000000e+00	0.000000000000000000e+00	0.000000000000000000e+00	0.000000000000000000e+00	0.000000000000000000e+00
2.470340584584527488e-01	9.718384463980825787e-11	1.731218259338851428e+00	1.729776062563206596e+00	1.729645717329777010e+00	1.729636108493819213e+00	3.315093112023677069e-01	6.684906887976316270e-01	0.000000000000000000e+00	0.000000000000000000e+00	0.000000000000000000e+00	0.000000000000000000e+00	0.000000000000000000e+00	0.000000000000000000e+00	0.000000000000000000e+00	0.000000000000000000e+00	0.000000000000000000e+00	0.000000000000000000e+00
2.580503169480085068e-01	9.932810244883074407e-11	1.693970379521545500e+00	1.692457225513616548e+00	1.692326135525121344e+00	1.692316760027641198e+00	3.286164280009959415e-01	6.713835719990034478e-01	0.000000000000000000e+00	0.000000000000000000e+00	0.000000000000000000e+00	0.000000000000000000e+00	0.000000000000000000e+00	0.000000000000000000e+00	0.000000000000000000e+00	0.000000000000000000e+00	0.000000000000000000e+00	0.000000000000000000e+00
2.695578354357443529e-01	1.015198880231148792e-10	1.657529391083665926e+00	1.655942886247192991e+00	1.655810946006325057e+00	1.655801814313195175e+00	3.257029710592576621e-01	6.742970289407417273e-01	0.000000000000000000e+00	0.000000000000000000e+00	0.000000000000000000e+00	0.000000000000000000e+00	0.000000000000000000e+00	0.000000000000000000e+00	0.000000000000000000e+00	0.000000000000000000e+00	0.000000000000000000e+00	0.000000000000000000e+00
2.815785212131459159e-01	1.037600343161862534e-10	1.621877978244751883e+00	1.620216127709872778e+00	1.620083249223590371e+00	1.620074366890950301e+00	3.227699028358715361e-01	6.772300971641278533e-01	0.000000000000000000e+00	0.000000000000000000e+00	0.000000000000000000e+00	0.000000000000000000e+00	0.000000000000000000e+00	0.000000000000000000e+00	0.000000000000000000e+00	0.000000000000000000e+00	0.000000000000000000e+00	0.000000000000000000e+00
2.941352585073782056e-01	1.060495489604235594e-10	1.586999178665006838e+00	1.585259029286906651e+00	1.585125101661437608e+00	1.585116471218387835e+00	3.198368333105324757e-01	6.801631666894669692e-01	0.000000000000000000e+00	0.000000000000000000e+00	0.000000000000000000e+00	0.000000000000000000e+00	0.000000000000000000e+00	0.000000000000000000e+00	0.000000000000000000e+00	0.000000000000000000e+00	0.000000000000000000e+00	0.000000000000000000e+00
3.072519520468423582e-01	1.083898245250913337e-10	1.552876351347643347e+00	1.551056119304719871e+00	1.550921076967517243e+00	1.550912696410643887e+00	3.168904339094225642e-01	6.831095660905769362e-01	0.000000000000000000e+00	0.000000000000000000e+00	0.000000000000000000e+00	0.000000000000000000e+00	0.000000000000000000e+00	0.000000000000000000e+00	0.000000000000000000e+00	0.000000000000000000e+00	0.000000000000000000e+00	0.000000000000000000e+00
3.209535725694954156e-01	1.107817249267421561e-10	1.519493278039902640e+00	1.517589886117172160e+00	1.517453635599014916e+00	1.517445500780406187e+00	3.139303013077331395e-01	6.860696986922664165e-01	0.000000000000000000e+00	0.000000000000000000e+00	0.000000000000000000e+00	0.000000000000000000e+00	0.000000000000000000e+00	0.000000000000000000e+00	0.000000000000000000e+00	0.000000000000000000e+00	0.000000000000000000e+00	0.000000000000000000e+00
3.352662043605750819e-01	1.132263721061863311e-10	1.486834063847302101e+00	1.484845436732925128e+00	1.484707925726751476e+00	1.484700029651184972e+00	3.109635040123034377e-01	6.890364959876962292e-01	0.000000000000000000e+00	0.000000000000000000e+00	0.000000000000000000e+00	0.000000000000000000e+00	0.000000000000000000e+00	0.000000000000000000e+00	0.000000000000000000e+00	0.000000000000000000e+00	0.000000000000000000e+00	0.000000000000000000e+00
3.502170949102257347e-01	1.157252336367082453e-10	1.454883129668522290e+00	1.452806656216147019e+00	1.452667828684818918e+00	1.452660162626900009e+00	3.080039276295621353e-01	6.919960723704374761e-01	0.000000000000000000e+00	0.000000000000000000e+00	0.000000000000000000e+00	0.000000000000000000e+00	0.000000000000000000e+00	0.000000000000000000e+00	0.000000000000000000e+00	0.000000000000000000e+00	0.000000000000000000e+00	0.000000000000000000e+00
3.658347067855584056e-01	1.182791889389497487e-10	1.423625299611321005e+00	1.421458277292426242e+00	1.421318088493089160e+00	1.421310642086421661e+00	3.050326864909840840e-01	6.949673135090155274e-01	0.000000000000000000e+00	0.000000000000000000e+00	0.000000000000000000e+00	0.000000000000000000e+00	0.000000000000000000e+00	0.000000000000000000e+00	0.000000000000000000e+00	0.000000000000000000e+00	0.000000000000000000e+00	0.000000000000000000e+00
3.821487718159002345e-01	1.208895231930970662e-10	1.393045678959497602e+00	1.390785905570158798e+00	1.390644334426500039e+00	1.390637096497949088e+00	3.020743961799567945e-01	6.979256038200427614e-01	0.000000000000000000e+00	0.000000000000000000e+00	0.000000000000000000e+00	0.000000000000000000e+00	0.000000000000000000e+00	0.000000000000000000e+00	0.000000000000000000e+00	0.000000000000000000e+00	0.000000000000000000e+00	0.000000000000000000e+00
3.991903476943868823e-01	1.235577677364448395e-10	1.363129666638781323e+00	1.360774051348716096e+00	1.360631068220861772e+00	1.360624026484336779e+00	2.991033242531229153e-01	7.008966757468766406e-01	0.000000000000000000e+00	0.000000000000000000e+00	0.000000000000000000e+00	0.000000000000000000e+00	0.000000000000000000e+00	0.000000000000000000e+00	0.000000000000000000e+00	0.000000000000000000e+00	0.000000000000000000e+00	0.000000000000000000e+00
4.169918771036469352e-01	1.262847937936613122e-10	1.333863057525514151e+00	1.331409456139373004e+00	1.331265063947794980e+00	1.331258206183399517e+00	2.961344968837185121e-01	7.038655031162810438e-01	0.000000000000000000e+00	0.000000000000000000e+00	0.000000000000000000e+00	0.000000000000000000e+00	0.000000000000000000e+00	0.000000000000000000e+00	0.000000000000000000e+00	0.000000000000000000e+00	0.000000000000000000e+00	0.000000000000000000e+00
4.355872494781466431e-01	1.290721047528030130e-10	1.305231884252738839e+00	1.302677290218583250e+00	1.302531484379370941e+00	1.302524797724020855e+00	2.931722670603931769e-01	7.068277329396065456e-01	0.000000000000000000e+00	0.000000000000000000e+00	0.000000000000000000e+00	0.000000000000000000e+00	0.000000000000000000e+00	0.000000000000000000e+00	0.000000000000000000e+00	0.000000000000000000e+00	0.000000000000000000e+00	0.000000000000000000e+00
4.550118655207674445e-01	1.319212764412100818e-10	1.277222482454247965e+00	1.274564307987356315e+00	1.274417102399077795e+00	1.274410574338949109e+00	2.902198184214059840e-01	7.097801815785937940e-01	0.000000000000000000e+00	0.000000000000000000e+00	0.000000000000000000e+00	0.000000000000000000e+00	0.000000000000000000e+00	0.000000000000000000e+00	0.000000000000000000e+00	0.000000000000000000e+00	0.000000000000000000e+00	0.000000000000000000e+00
4.753027045964441366e-01	1.348331404918646931e-10	1.249821569602719284e+00	1.247057360483618371e+00	1.246908780784510284e+00	1.246902399073257950e+00	2.872794007919152737e-01	7.127205992080845043e-01	0.000000000000000000e+00	0.000000000000000000e+00	0.000000000000000000e+00	0.000000000000000000e+00	0.000000000000000000e+00	0.000000000000000000e+00	0.000000000000000000e+00	0.000000000000000000e+00	0.000000000000000000e+00	0.000000000000000000e+00
4.964983951311565114e-01	1.378094910734112038e-10	1.223016038025883878e+00	1.220142510992512364e+00	1.219992577771256803e+00	1.219986329978888895e+00	2.843400772229560114e-01	7.156599227770434890e-01	0.000000000000000000e+00	0.000000000000000000e+00	0.000000000000000000e+00	0.000000000000000000e+00	0.000000000000000000e+00	0.000000000000000000e+00	0.000000000000000000e+00	0.000000000000000000e+00	0.000000000000000000e+00	0.000000000000000000e+00
5.186392881503034680e-01	1.408519249613776479e-10	1.196793088291321805e+00	1.193808352016635599e+00	1.193657114429087729e+00	1.193650989603820989e+00	2.814276179120510091e-01	7.185723820879483803e-01	0.000000000000000000e+00	0.000000000000000000e+00	0.000000000000000000e+00	0.000000000000000000e+00	0.000000000000000000e+00	0.000000000000000000e+00	0.000000000000000000e+00	0.000000000000000000e+00	0.000000000000000000e+00	0.000000000000000000e+00
5.417675340964545061e-01	1.439611955735298763e-10	1.171140300596091199e+00	1.168040494993236589e+00	1.167887982470502850e+00	1.167881968724523212e+00	2.785304839831881929e-01	7.214695160168109744e-01	0.000000000000000000e+00	0.000000000000000000e+00	0.000000000000000000e+00	0.000000000000000000e+00	0.000000000000000000e+00	0.000000000000000000e+00	0.000000000000000000e+00	0.000000000000000000e+00	0.000000000000000000e+00	0.000000000000000000e+00
5.659271630727138458e-01	1.471394846933103304e-10	1.146045363506569270e+00	1.142828473623654695e+00	1.142674746371738381e+00	1.142668833791029570e+00	2.756620315004506550e-01	7.243379684995486789e-01	0.000000000000000000e+00	0.000000000000000000e+00	0.000000000000000000e+00	0.000000000000000000e+00	0.000000000000000000e+00	0.000000000000000000e+00	0.000000000000000000e+00	0.000000000000000000e+00	0.000000000000000000e+00	0.000000000000000000e+00
5.911641686644693028e-01	1.503882431358116674e-10	1.121496325538186234e+00	1.118159163661009980e+00	1.118004272138533928e+00	1.117998450611701111e+00	2.728098557284412418e-01	7.271901442715580366e-01	0.000000000000000000e+00	0.000000000000000000e+00	0.000000000000000000e+00	0.000000000000000000e+00	0.000000000000000000e+00	0.000000000000000000e+00	0.000000000000000000e+00	0.000000000000000000e+00	0.000000000000000000e+00	0.000000000000000000e+00
6.175265954990925010e-01	1.537084932416299332e-10	1.097481543392905046e+00	1.094021320587708512e+00	1.093865327012145228e+00	1.093859587325443750e+00	2.699725612855458090e-01	7.300274387144534138e-01	0.000000000000000000e+00	0.000000000000000000e+00	0.000000000000000000e+00	0.000000000000000000e+00	0.000000000000000000e+00	0.000000000000000000e+00	0.000000000000000000e+00	0.000000000000000000e+00	0.000000000000000000e+00	0.000000000000000000e+00
6.450646307102878563e-01	1.571025197796719779e-10	1.073989478934268993e+00	1.070403665721676889e+00	1.070246637573129211e+00	1.070240971372731664e+00	2.671580785732828867e-01	7.328419214267163362e-01	0.000000000000000000e+00	0.000000000000000000e+00	0.000000000000000000e+00	0.000000000000000000e+00	0.000000000000000000e+00	0.000000000000000000e+00	0.000000000000000000e+00	0.000000000000000000e+00	0.000000000000000000e+00	0.000000000000000000e+00
6.738306994812041095e-01	1.605716196292022275e-10	1.051008962229647015e+00	1.047294097436333837e+00	1.047136097836069091e+00	1.047130496855402049e+00	2.643669467013878283e-01	7.356330532986113946e-01	0.000000000000000000e+00	0.000000000000000000e+00	0.000000000000000000e+00	0.000000000000000000e+00	0.000000000000000000e+00	0.000000000000000000e+00	0.000000000000000000e+00	0.000000000000000000e+00	0.000000000000000000e+00	0.000000000000000000e+00
7.038795648482093492e-01	1.641173125797473396e-10	1.028529041722433535e+00	1.024682971140943977e+00	1.024524079217151273e+00	1.024518536595927287e+00	2.616234175856922972e-01	7.383765824143068146e-01	0.000000000000000000e+00	0.000000000000000000e+00	0.000000000000000000e+00	0.000000000000000000e+00	0.000000000000000000e+00	0.000000000000000000e+00	0.000000000000000000e+00	0.000000000000000000e+00	0.000000000000000000e+00	0.000000000000000000e+00
7.352684319553255410e-01	1.677418399418108518e-10	1.006538930015042688e+00	1.002558047530270002e+00	1.002398331278554489e+00	1.002392840010252861e+00	2.588866948624221065e-01	7.411133051375770053e-01	0.000000000000000000e+00	0.000000000000000000e+00	0.000000000000000000e+00	0.000000000000000000e+00	0.000000000000000000e+00	0.000000000000000000e+00	0.000000000000000000e+00	0.000000000000000000e+00	0.000000000000000000e+00	0.000000000000000000e+00
7.680570569577864770e-01	1.714462985707208717e-10	9.850282114890372975e-01	9.809100852057590636e-01	9.807496264566540889e-01	9.807441807700021386e-01	2.561939430594145639e-01	7.438060569405746669e-01	8.308733559507397379e-13	1.604375702597470201e-23	2.148993938441546584e-23	5.355113342992151653e-28	2.032618407163861020e-62	1.113968194326113084e-62	1.484092895014850478e-54	4.343891932453920288e-75	2.789653313663892242e-52	1.045655701856238702e-75
8.023078607820595121e-01	1.752328699224882793e-10	9.639865694492535386e-01	9.597282148069926633e-01	9.595670917526830657e-01	9.595616861866941294e-01	2.535343251430391409e-01	7.464656748569346023e-01	8.386194758097616701e-13	1.780876739783468567e-23	2.378452765313459896e-23	8.955066335920172176e-28	3.856177133020859602e-62	2.066397800649888834e-62	1.484092895014850478e-54	4.343891932453920288e-75	4.706305956114643194e-52	1.045655701856238702e-75
8.380860479588855272e-01	1.791036357674228285e-10	9.434039244827991944e-01	9.390019463919565545e-01	9.388402360706389338e-01	9.388348655809577448e-01	2.509156465958199411e-01	7.490843534041364826e-01	8.473120864551367369e-13	1.985579682783034657e-23	2.642804236776754182e-23	1.533364514535884583e-27	7.577679161141350609e-62	3.962093178085779427e-62	1.484092895014850478e-54	4.343891932453920288e-75	8.148066310382880883e-52	1.045655701856238702e-75
8.754597307555761487e-01	1.830595585142390866e-10	9.232705486202176237e-01	9.187227581725484482e-01	9.185605480795940858e-01	9.185552086718521414e-01	2.483224890864804135e-01	7.516775109134566923e-01	8.569272637313247826e-13	2.220855394309975926e-23	2.944744744155908155e-23	2.610141028908562250e-27	1.469244415598467570e-61	7.508056969329535846e-62	1.484092895014850478e-54	4.343891932453920288e-75	1.403298904535652631e-51	1.045655701856238702e-75
9.145000588438683131e-01	1.871035322372728317e-10	9.035767041121707255e-01	8.988792926635693625e-01	8.987166595102978883e-01	8.987113470512013702e-01	2.457760947158714182e-01	7.542239052840443714e-01	8.676210413340898644e-13	2.496596188441368550e-23	3.295958124743548976e-23	4.574103584761529940e-27	2.981944626701685002e-61	1.484782365547962417e-61	1.484092895014850478e-54	4.343891932453920288e-75	2.495244414709213894e-51	1.045655701856238702e-75
9.552813547502064795e-01	1.912370548028301432e-10	8.843130402177036276e-01	8.794637698951049964e-01	8.793008007082189215e-01	8.792955121767735971e-01	2.432660747403334323e-01	7.567339252595587373e-01	8.793668878616459879e-13	2.817797093877846359e-23	3.702019471738353541e-23	8.083651849699282469e-27	6.140181170235992594e-61	2.974950797547087998e-61	1.484092895014850478e-54	4.343891932453920288e-75	4.482364766845753400e-51	1.045655701856238702e-75
9.978812553463067836e-01	1.954619991196447350e-10	8.654703675713324440e-01	8.604657716011622215e-01	8.603025471059414508e-01	8.602972794713883431e-01	2.407962730203179746e-01	7.592037269795484100e-01	8.922859809240513881e-13	3.193954917408364517e-23	4.173799915873099103e-23	1.468986441874237148e-26	1.304532232463177945e-60	6.146795033575672243e-61	1.484092895014850478e-54	4.343891932453920288e-75	8.294323336903560234e-51	1.045655701856238702e-75
1.042380859649355562e+00	1.997810590821118715e-10	8.470396024053723494e-01	8.418767539831705227e-01	8.417133566629735331e-01	8.417081075376917632e-01	2.383687418656091628e-01	7.616312581342288279e-01	9.064216015457723669e-13	3.637051486046072669e-23	4.724853709576940830e-23	2.681092596457363632e-26	2.795860108675160875e-60	1.280632542753993541e-60	1.484092895014850478e-54	4.343891932453920288e-75	1.544226920962330685e-50	1.045655701856238702e-75
1.088864883213231716e+00	2.041952853964679151e-10	8.290120489786449998e-01	8.236884483726232276e-01	8.235249635315657901e-01	8.235197310473140186e-01	2.359829136352494527e-01	7.640170863645576738e-01	9.218536514736657221e-13	4.160241300910087033e-23	5.369802494648136840e-23	4.881953466615932343e-26	5.986469427290766673e-60	2.665728022021254732e-60	1.484092895014850478e-54	4.343891932453920288e-75	2.872376790696000087e-50	1.045655701856238702e-75
1.137421819404659917e+00	2.087077558350264195e-10	8.113789729133745743e-01	8.058906386679098865e-01	8.057271436819202215e-01	8.057219259100016906e-01	2.336378045144338889e-01	7.663621954853396812e-01	9.386626261458602857e-13	4.779030864090030040e-23	6.125668177600522975e-23	8.971765190248469013e-26	1.296762228267904472e-59	5.613176736743841460e-60	1.484092895014850478e-54	4.343891932453920288e-75	5.400944981492843202e-50	1.045655701856238702e-75
1.188144107871332844e+00	2.133203371115273666e-10	7.941319694826683984e-01	7.884769682707438720e-01	7.883135477647423839e-01	7.883083436998993276e-01	2.313381736505994990e-01	7.686618263491374892e-01	9.569394517136391823e-13	5.517378758919401905e-23	7.018732284768273517e-23	1.706358107818799709e-25	2.941948200402678145e-59	1.234890404675704091e-59	1.484092895014850478e-54	4.343891932453920288e-75	1.053735741047001792e-49	1.045655701856238702e-75
1.241128310522703782e+00	2.180349750699786316e-10	7.772628192895768562e-01	7.714370794603063741e-01	7.712738099902357591e-01	7.712686183821404473e-01	2.290784573153090420e-01	7.709215426843883945e-01	9.767874064008960788e-13	6.397534776998666315e-23	8.072865007025770194e-23	3.299481968086399153e-25	6.778301796489359930e-59	2.759923553827113389e-59	1.484092895014850478e-54	4.343891932453920288e-75	2.092331380863668974e-49	1.045655701856238702e-75
1.296475295358493041e+00	2.228547955825431034e-10	7.607633483273666952e-01	7.547645502892915692e-01	7.546015116801564337e-01	7.545963320067995417e-01	2.268650447987573260e-01	7.731349552008969228e-01	9.983407815868975891e-13	7.451304506380410782e-23	9.321343302641606828e-23	6.559094216283460309e-25	1.630511724754445965e-58	6.406515496531027667e-59	1.484092895014850478e-54	4.343891932453920288e-75	4.284010542595581781e-49	1.045655701856238702e-75
1.354290428494859366e+00	2.277808459067869535e-10	7.446257935741364964e-01	7.384507092470208311e-01	7.382879788351456307e-01	7.382828106375468602e-01	2.247090932806791175e-01	7.752909067189283077e-01	1.021768663236450686e-12	8.741047637434097951e-23	1.083081145819315344e-22	1.339228936297724207e-24	4.110186617335653079e-58	1.555730096862465170e-58	1.484092895014850478e-54	4.343891932453920288e-75	9.050027761903976241e-49	1.045655701856238702e-75
1.414683774753791701e+00	2.328167803150174733e-10	7.288422736918871436e-01	7.224875500558342045e-01	7.223252017499499633e-01	7.223200447838465932e-01	2.225943907971036917e-01	7.774056092024529407e-01	1.047117813795787552e-12	1.029768861486437434e-22	1.263173547386399018e-22	2.686971606059999294e-24	1.006452706521841460e-57	3.678934868303294330e-58	1.484092895014850478e-54	4.343891932453920288e-75	1.877854257622326880e-48	1.045655701856238702e-75
1.477770307197614041e+00	2.379643455849379710e-10	7.134052899651701640e-01	7.068688540317220603e-01	7.067069638157348344e-01	7.067018183062762082e-01	2.205323027973269678e-01	7.794676972021747918e-01	1.074604092529715358e-12	1.219280660292709797e-22	1.479563361228889279e-22	5.712254531797312819e-24	2.661765618382040311e-57	9.364516302518061210e-58	1.484092895014850478e-54	4.343891932453920288e-75	4.149779276201770994e-48	1.045655701856238702e-75
1.543670126007483878e+00	2.432262200794688558e-10	6.983074091974429409e-01	6.915847880464155439e-01	6.914234246823292018e-01	6.914182906234129788e-01	2.185090556902375136e-01	7.814909443092047381e-01	1.104295931021296197e-12	1.450119148744666655e-22	1.739908635637988524e-22	1.218689741104195926e-23	7.000118890976973177e-57	2.378315277002362360e-57	1.484092895014850478e-54	4.343891932453920288e-75	9.199443197712891694e-48	1.045655701856238702e-75
1.612508687122584661e+00	2.486053392890186759e-10	6.835413459272839942e-01	6.766307293197714179e-01	6.764699645655292137e-01	6.764648425778906349e-01	2.165327164244300051e-01	7.834672835749479924e-01	1.136459451666424685e-12	1.741568971840326710e-22	2.064267047181638197e-22	2.594988247789809685e-23	1.859552247197110021e-56	6.092821913461998938e-57	1.484092895014850478e-54	4.343891932453920288e-75	2.038804199792889527e-47	1.045655701856238702e-75
1.684417041075261467e+00	2.541034337215783843e-10	6.691001036002877100e-01	6.619976501668096702e-01	6.618375508866261026e-01	6.618324414391739685e-01	2.146029704573247654e-01	7.853970295419836489e-01	1.171270528910306531e-12	2.108927388745111908e-22	2.467386708378046355e-22	5.385149772011896859e-23	4.872333892373568587e-56	1.533743452717893489e-56	1.484092895014850478e-54	4.343891932453920288e-75	4.411809121319536676e-47	1.045655701856238702e-75
1.759532082476802373e+00	2.597245155988219057e-10	6.549765963185359974e-01	6.476795812696803933e-01	6.475202127092886117e-01	6.475151165566342959e-01	2.127189235191373207e-01	7.872810764800959316e-01	1.208860116834567799e-12	2.530401365170456746e-22	2.922666960277318103e-22	1.206139973908706940e-22	1.367057289920859403e-55	4.110529059436446048e-56	1.484092895014850478e-54	4.343891932453920288e-75	1.032972433164505647e-46	1.045655701856238702e-75
1.837996810628814925e+00	2.654696733347074944e-10	6.411642096898171328e-01	6.336700555764220866e-01	6.335114826327108428e-01	6.335064006975478224e-01	2.108858037217894721e-01	7.891141962773623453e-01	1.249613059634518237e-12	3.071607859335011023e-22	3.498584144643280438e-22	2.783761259888748695e-22	4.036992199089884541e-55	1.160810351849777018e-55	1.484092895014850478e-54	4.343891932453920288e-75	2.505987093236541164e-46	1.045655701856238702e-75
1.919960601756310448e+00	2.713433646766915599e-10	6.276561193796975635e-01	6.199607811155717352e-01	6.198030628438252476e-01	6.197979959475733436e-01	2.091021701560067947e-01	7.908978298430567877e-01	1.293771872485219397e-12	3.774868593360025943e-22	4.234817422583157629e-22	6.116523467814081544e-22	1.148831077234115690e-54	3.157709574601422067e-55	1.484092895014850478e-54	4.343891932453920288e-75	5.780612453235832462e-46	1.045655701856238702e-75
2.005579493380791778e+00	2.773471862330008503e-10	6.144459519220465404e-01	6.065476104470177710e-01	6.063908075885671156e-01	6.063857569260451275e-01	2.073675015782074915e-01	7.926324984207603341e-01	1.341609170335821254e-12	4.634398135456634806e-22	5.119029587056558663e-22	1.307715002047875532e-21	3.139426030055236033e-54	8.255686041582437718e-55	1.484092895014850478e-54	4.343891932453920288e-75	1.302446401944393537e-45	1.045655701856238702e-75
2.095016481374700756e+00	2.834850313163820593e-10	6.015272378954814592e-01	5.934218241056824494e-01	5.932659916037111847e-01	5.932609581846056690e-01	2.056803427089291536e-01	7.943196572899349217e-01	1.393503384631699735e-12	5.698674279257307813e-22	6.194775292234575449e-22	3.013817448917798219e-21	9.593613103462151040e-54	2.397727000146806592e-54	1.484092895014850478e-54	4.343891932453920288e-75	3.190006102267511217e-45	1.045655701856238702e-75
2.188441830262715992e+00	2.897592610326043024e-10	5.888938095630449343e-01	5.805792575168143843e-01	5.804244505422450073e-01	5.804194356517589082e-01	2.040389248248936083e-01	7.959610751738579459e-01	1.449779010853497540e-12	7.211102455708310388e-22	7.697872831071986208e-22	7.655406985701771609e-21	3.391017796470228743e-53	8.012654949938817290e-54	1.484092895014850478e-54	4.343891932453920288e-75	8.627888666661292099e-45	1.045655701856238702e-75
2.286033397360681008e+00	2.961733446113826725e-10	5.765395226563311271e-01	5.680124392833646452e-01	5.678587089712273661e-01	5.678537138093813219e-01	2.024412794148213735e-01	7.975587205838082783e-01	1.510773145157197024e-12	8.942011098053399450e-22	9.385715184905786740e-22	1.659815825511127166e-20	9.061105322098884661e-53	2.053195617253819994e-53	1.484092895014850478e-54	4.343891932453920288e-75	1.979087382737313308e-44	1.045655701856238702e-75
2.387976971369191848e+00	3.027302744594637665e-10	5.644584176314857427e-01	5.557156990912323069e-01	5.555630947484129223e-01	5.555581205968017633e-01	2.008923563311274252e-01	7.991076436673694161e-01	1.577092622596552008e-12	1.131027530016767582e-21	1.165196509736687245e-21	3.126030358796688714e-20	2.172361213554459512e-52	4.757894235208121964e-53	1.484092895014850478e-54	4.343891932453920288e-75	3.944301914448289059e-44	1.045655701856238702e-75
2.494466626066476955e+00	3.094332761308460551e-10	5.526446432803996389e-01	5.436841064719695193e-01	5.435326755074393335e-01	5.435277237359867897e-01	1.993840318466832962e-01	8.006159681516695770e-01	1.649055106237285173e-12	1.555532812561333659e-21	1.563236409472475547e-21	5.671445603319095550e-20	6.222872971081162254e-52	1.285762979991183598e-52	1.484092895014850478e-54	4.343891932453920288e-75	7.627609518521299325e-44	1.045655701856238702e-75
2.605705089773861172e+00	3.162857804813047274e-10	5.410924548377403775e-01	5.319102123912788915e-01	5.317599988356397356e-01	5.317550707234767193e-01	1.979190860475811831e-01	8.020809139506154262e-01	1.727186239275102820e-12	2.080494786611957882e-21	2.041757205885104279e-21	1.070950315503266855e-19	1.828053133181315371e-51	3.479838654846943500e-52	1.484092895014850478e-54	4.343891932453920288e-75	1.558244899044670203e-43	1.045655701856238702e-75
2.721904131297227192e+00	3.232909936022239082e-10	5.297962553991777401e-01	5.203908497015403700e-01	5.202418965085222613e-01	5.202369934938545493e-01	1.964963355371355802e-01	8.035036644608909429e-01	1.812274605786391060e-12	2.381437492672309322e-21	2.308014177043693725e-21	1.840882402570564173e-19	3.374431564677980241e-51	6.207726126356023975e-52	1.484092895014850478e-54	4.343891932453920288e-75	2.860602554813207519e-43	1.045655701856238702e-75
2.843284963079186323e+00	3.304525535253226586e-10	5.187505269974920230e-01	5.091177437613727541e-01	5.089700902070819488e-01	5.089652135733723215e-01	1.951275478080385373e-01	8.048724521898016349e-01	1.905362021439676742e-12	3.099590390407063164e-21	2.937059852496915025e-21	2.811530854745678934e-19	7.273505848799758257e-51	1.258037094099013692e-51	1.484092895014850478e-54	4.343891932453920288e-75	4.726064351882766136e-43	1.045655701856238702e-75
2.970078662329426855e+00	3.377739211153624296e-10	5.079499032687894156e-01	4.980876857728727680e-01	4.979413696692532865e-01	4.979365208092073614e-01	1.938005399202164247e-01	8.061994600774207154e-01	2.006913428501962359e-12	4.059477295130705425e-21	3.758101402541035526e-21	4.021987233902075482e-19	1.469516654070546048e-50	2.390653269547243073e-51	1.484092895014850478e-54	4.343891932453920288e-75	7.327807359336038840e-43	1.045655701856238702e-75
3.102526610935015139e+00	3.452586380920861991e-10	4.973891286887407448e-01	4.872951307679887489e-01	4.871501874809942012e-01	4.871453677552185502e-01	1.925101979188017509e-01	8.074898020786140940e-01	2.117584667645920697e-12	5.294260626944429348e-21	4.790619414629091362e-21	5.582155293930798038e-19	2.807714769688267085e-50	4.313768374129783690e-51	1.484092895014850478e-54	4.343891932453920288e-75	1.102461567276412530e-42	1.045655701856238702e-75
3.240880954988076379e+00	3.529107650952601565e-10	4.870630143524978251e-01	4.767334540112028729e-01	4.765899162661610955e-01	4.765851269643150978e-01	1.912596102569521783e-01	8.087403897402218877e-01	2.238487797560347539e-12	7.137834192474994212e-21	6.294903283542338795e-21	7.624746589146869010e-19	5.592888572389178681e-50	8.083700626983460086e-51	1.484092895014850478e-54	4.343891932453920288e-75	1.636162345183920377e-42	1.045655701856238702e-75
3.385405084805713560e+00	3.607333990187192608e-10	4.769665774933423141e-01	4.664001681743661920e-01	4.662580672842533414e-01	4.662533097743703503e-01	1.900468221491332377e-01	8.099531778477763178e-01	2.370652256965514149e-12	1.002841296768581185e-20	8.590001490298491255e-21	1.029062982059415734e-18	1.184804507079128988e-49	1.593322431645522388e-50	1.484092895014850478e-54	4.343891932453920288e-75	2.402591194020020802e-42	1.045655701856238702e-75
3.536374136355941999e+00	3.687316096078171940e-10	4.670947652711843201e-01	4.562877724277987768e-01	4.561471366083557633e-01	4.561424121309569646e-01	1.888773847436884257e-01	8.111226152529308342e-01	2.515857618061547213e-12	1.262819993961458164e-20	1.059041483442103196e-20	1.371697465794298061e-18	2.036149813809193922e-49	2.590500722501472072e-50	1.484092895014850478e-54	4.343891932453920288e-75	3.506669805052687145e-42	1.045655701856238702e-75
3.694075515044289215e+00	3.769076103060550662e-10	4.574428897825401075e-01	4.463939401849810196e-01	4.462547966109794428e-01	4.462501064740719281e-01	1.877521404226835111e-01	8.122478595736158935e-01	2.675752218287416259e-12	1.726357659606315522e-20	1.406785595002271417e-20	1.807691775869181341e-18	4.092354573270738736e-49	4.817528756030830514e-50	1.484092895014850478e-54	4.343891932453920288e-75	5.095479745806506990e-42	1.045655701856238702e-75
3.858809442858178507e+00	3.852676257768696494e-10	4.480060076233743915e-01	4.367120641141974957e-01	4.365744366326302917e-01	4.365697820207450341e-01	1.866583833319093166e-01	8.133416166640398126e-01	2.850929731885386082e-12	2.461937984487624486e-20	1.942817060502164981e-20	2.371562297405606265e-18	8.724309008912151699e-49	9.437186368370563994e-50	1.484092895014850478e-54	4.343891932453920288e-75	7.371676306258704691e-42	1.045655701856238702e-75
4.030889529910684388e+00	3.938135451809227331e-10	4.387796699123437394e-01	4.272382576197698567e-01	4.271021692573529482e-01	4.270975513781103960e-01	1.856006074046154253e-01	8.143993925909484011e-01	3.043651501805704499e-12	3.205869689917027962e-20	2.469689004597375110e-20	3.110516632032885545e-18	1.546085665786689731e-48	1.571269421707349011e-49	1.484092895014850478e-54	4.343891932453920288e-75	1.068075225098345464e-41	1.045655701856238702e-75
4.210643371471800123e+00	4.025515043114883636e-10	4.297591517465176869e-01	4.179691482320510021e-01	4.178346190710958696e-01	4.178300390776423234e-01	1.845769624795950414e-01	8.154230375155444577e-01	3.255792089486720817e-12	4.433853455533954237e-20	3.317098479420787065e-20	4.057377526805229979e-18	2.956427816525278406e-48	2.833746394670187951e-49	1.484092895014850478e-54	4.343891932453920288e-75	1.540286158339125688e-41	1.045655701856238702e-75
4.398413171623743345e+00	4.114850796946673657e-10	4.209400536090983080e-01	4.088975088175695882e-01	4.087645577506760497e-01	4.087600167308449994e-01	1.835855298385269674e-01	8.164144701561449891e-01	3.489501928335619073e-12	6.543937763202671170e-20	4.727601392593956785e-20	5.313907644517402779e-18	6.554316561890301662e-48	5.790082660240445305e-49	1.484092895014850478e-54	4.343891932453920288e-75	2.237451097145044297e-41	1.045655701856238702e-75
4.594556394727626447e+00	4.206183392728982011e-10	4.123180307677287715e-01	4.000224916386186380e-01	3.998911353908377042e-01	3.998866344347037360e-01	1.826384220528092517e-01	8.173615779413417881e-01	3.750025268080853921e-12	8.221628521416732028e-20	5.805327824325709333e-20	7.014855106547173016e-18	1.103433145390065672e-47	9.084174138105251312e-49	1.484092895014850478e-54	4.343891932453920288e-75	3.314624104739304726e-41	1.045655701856238702e-75
4.799446445941647710e+00	4.299573333021957149e-10	4.038886679114512823e-01	3.913371010957963914e-01	3.912073544238930944e-01	3.912028945245579203e-01	1.817180258490225520e-01	8.182819741445539474e-01	4.037262103934917668e-12	1.302829356237569943e-19	8.818858585171267865e-20	9.312744679779699693e-18	2.826057495823251772e-47	2.120509890047102988e-48	1.484092895014850478e-54	4.343891932453920288e-75	4.937606922394924795e-41	1.045655701856238702e-75
5.013473382086427677e+00	4.395044987349709442e-10	3.956479404548610135e-01	3.828389177447543701e-01	3.827107941846479289e-01	3.827063763332612667e-01	1.808297345166624548e-01	8.191702654762766933e-01	4.356008942091224315e-12	1.835644761647773638e-19	1.204637848666930967e-19	1.249994619681348801e-17	5.733024592511241682e-47	3.976998084896394599e-48	1.484092895014850478e-54	4.343891932453920288e-75	7.457603840985680894e-41	1.045655701856238702e-75
5.237044654210673222e+00	4.492664088048224739e-10	3.875915740882304727e-01	3.745240868472922702e-01	3.743975975308891924e-01	3.743932226431781474e-01	1.799718752096935714e-01	8.200281247825373931e-01	4.710110745309184802e-12	1.920674965966100866e-19	1.258133300672033831e-19	1.637077129826501981e-17	5.555885071025155323e-47	4.003713814094238897e-48	1.484092895014850478e-54	4.343891932453920288e-75	1.095340894951075982e-40	1.045655701856238702e-75
5.470585883270933536e+00	4.592482185897741249e-10	3.797155045174740451e-01	3.663861360311128634e-01	3.662612911610534372e-01	3.662569601021878340e-01	1.791426841345763188e-01	8.208573158568670536e-01	5.103810700756436313e-12	3.342603312199668804e-19	2.067563949449760481e-19	2.120588419978244534e-17	1.889721486689077362e-46	1.150549530128717680e-47	1.484092895014850478e-54	4.343891932453920288e-75	1.608064711815732059e-40	1.045655701856238702e-75
5.714541670402055296e+00	4.694525771444765545e-10	3.720159530427775696e-01	3.584252250051427890e-01	3.583020328558881862e-01	3.582977464731000872e-01	1.783403676407833427e-01	8.216596323497840082e-01	5.541824830703698975e-12	5.658472338206918765e-19	3.340419499604008651e-19	2.875705986692295895e-17	5.363028767075254739e-46	2.917702301591617404e-47	1.484092895014850478e-54	4.343891932453920288e-75	2.478203939304660763e-40	1.045655701856238702e-75
5.969376443320927095e+00	4.798870337881121707e-10	3.644888466030029583e-01	3.506337577268901495e-01	3.505122254062958409e-01	3.505079844686170287e-01	1.775659742132648378e-01	8.224340257763240736e-01	6.030992450366509001e-12	8.133782549617889811e-19	4.644034079138315182e-19	4.041293415544132555e-17	1.120626347645552832e-45	5.715750161380909572e-47	1.484092895014850478e-54	4.343891932453920288e-75	3.953791338926034415e-40	1.045655701856238702e-75
6.235575340474799333e+00	4.905568274891163624e-10	3.571303796555872490e-01	3.430104020352243155e-01	3.428905344754034079e-01	3.428863396971564281e-01	1.768234847706785240e-01	8.231765152178087686e-01	6.581744742666802036e-12	1.288048962400235866e-18	7.037063689948037042e-19	5.758435287264404579e-17	3.018359638468175569e-45	1.394585912757009775e-46	1.484092895014850478e-54	4.343891932453920288e-75	6.493330981865290322e-40	1.045655701856238702e-75
6.513645134617469523e+00	5.014648632378384293e-10	3.499369941011892804e-01	3.355513166480905141e-01	3.354331181449713983e-01	3.354289702184674593e-01	1.761053041574581202e-01	8.238946958297956868e-01	7.198482967656936696e-12	1.810622652610413012e-18	9.576484064177811641e-19	8.107179965595251597e-17	6.154232519580913988e-45	2.629114203886008680e-46	1.484092895014850478e-54	4.343891932453920288e-75	1.051218652775498114e-39	1.045655701856238702e-75
6.804115197571366735e+00	5.126189259380151659e-10	3.429048575906213370e-01	3.282517924651924268e-01	3.281352658573796210e-01	3.281311654114190679e-01	1.754095578582319237e-01	8.245904421276403218e-01	7.889254754299436880e-12	2.938516764088683399e-18	1.483463712637304417e-18	1.142203046747460958e-16	1.672055231111161094e-44	6.450509660764679099e-46	1.484092895014850478e-54	4.343891932453920288e-75	1.706893914381928692e-39	1.045655701856238702e-75
7.107538508012456013e+00	5.240247041586790310e-10	3.360303683736051705e-01	3.211103979111755713e-01	3.209955439944494060e-01	3.209914915933601565e-01	1.747355645734247065e-01	8.252644354108970015e-01	8.664381406182241152e-12	4.874428141352016887e-18	2.347476899048444294e-18	1.650889101619521928e-16	4.771182117009177629e-44	1.633955319029939814e-45	1.484092895014850478e-54	4.343891932453920288e-75	2.850117897761143349e-39	1.045655701856238702e-75
7.424492704196321569e+00	5.356869048049176248e-10	3.293100697257867471e-01	3.141209796239948782e-01	3.140077993165753534e-01	3.140037955107512491e-01	1.740871748515311901e-01	8.259128251310354774e-01	9.541714542816977972e-12	6.602903947745783633e-18	3.087124273772486343e-18	2.405166736518890426e-16	9.347809888858387960e-44	3.014953181078702151e-45	1.484092895014850478e-54	4.343891932453920288e-75	4.808593895323212570e-39	1.045655701856238702e-75
7.755581183629628228e+00	5.476111017910411097e-10	3.227405166617196008e-01	3.072831595347350619e-01	3.071716514086141880e-01	3.071676966731287095e-01	1.734613285481675371e-01	8.265386714324129969e-01	1.053462286889678542e-11	9.654065629332146897e-18	4.354108703526059135e-18	3.446826677768184159e-16	2.058075030350081139e-43	6.123404460550502588e-45	1.484092895014850478e-54	4.343891932453920288e-75	8.041046126350536557e-39	1.045655701856238702e-75
8.101434251780425200e+00	5.598046044581938141e-10	3.163182251786967325e-01	3.005919779005302717e-01	3.004821398684325851e-01	3.004782346375498570e-01	1.728565849756777961e-01	8.271434150026512055e-01	1.166005758510614872e-11	1.652715758046319075e-17	7.065780654043752536e-18	4.992124928434195760e-16	6.453660934294351286e-43	1.682856086816303316e-44	1.484092895014850478e-54	4.343891932453920288e-75	1.374392319376378612e-38	1.045655701856238702e-75
8.462710322014116215e+00	5.722735466844909715e-10	3.100398641276119749e-01	2.940439970122890601e-01	2.939358262029188040e-01	2.939319708770174455e-01	1.722714518868748712e-01	8.277285480888991742e-01	1.293706663776618535e-11	2.652091852676842308e-17	1.082873409780662849e-17	7.388349307687141046e-16	1.753236893158937629e-42	4.116973539259151107e-44	1.484092895014850478e-54	4.343891932453920288e-75	2.400912306874587566e-38	1.045655701856238702e-75
8.840097169039580649e+00	5.850239320771537542e-10	3.039021837109375790e-01	2.876385805532767903e-01	2.875320719478383635e-01	2.875282668476382142e-01	1.717044357063024773e-01	8.282955642665696949e-01	1.438721870391657602e-11	4.280636663863756390e-17	1.669008330112631213e-17	1.106106332336019889e-15	4.797933573719318312e-42	1.019461125883206510e-43	1.484092895014850478e-54	4.343891932453920288e-75	4.243803804048744161e-38	1.045655701856238702e-75
9.234313238251385059e+00	5.980606995861950573e-10	2.979020618115007513e-01	2.813686753303094035e-01	2.812638250878978785e-01	2.812600705584712424e-01	1.711567467206528970e-01	8.288432532489009574e-01	1.604515207077865432e-11	6.964267623806632911e-17	2.589719197471147868e-17	1.678649303582667317e-15	1.353956186293391402e-41	2.581361516259276011e-43	1.484092895014850478e-54	4.343891932453920288e-75	7.676206901238202083e-38	1.045655701856238702e-75
9.646109013461114046e+00	6.113922202068820686e-10	2.920362412112036399e-01	2.752353606266839114e-01	2.751321617272892150e-01	2.751284579957929410e-01	1.706241573654070642e-01	8.293758426003708939e-01	1.793122373243446118e-11	1.118400885514353707e-16	3.974020070195705492e-17	2.544295553855080373e-15	3.651456761094361952e-41	6.296982671785759727e-43	1.484092895014850478e-54	4.343891932453920288e-75	1.381898203840711616e-37	1.045655701856238702e-75
1.007626844562133073e+01	6.250252209007772166e-10	2.863016325253358585e-01	2.692332952691093850e-01	2.691317411214911304e-01	2.691280884162979836e-01	1.701076262729144806e-01	8.298923736885432945e-01	2.008856355675768898e-11	1.861380266624287714e-16	6.295876851161113160e-17	3.890290423957263417e-15	1.069805557048994601e-40	1.651814660058632146e-42	1.484092895014850478e-54	4.343891932453920288e-75	2.520085396663873601e-37	1.045655701856238702e-75
1.052561044526219547e+01	6.389665875230479039e-10	2.806952032451222045e-01	2.633601077238218457e-01	2.632601907249313977e-01	2.632565892286136133e-01	1.696060551850196718e-01	8.303939447714858701e-01	2.256012865300213808e-11	3.121998762133847226e-16	1.004963574785092558e-16	6.017439529462928805e-15	3.154729213517663074e-40	4.373561752585756331e-42	1.484092895014850478e-54	4.343891932453920288e-75	4.657720363202760481e-37	1.045655701856238702e-75
1.099499044148194038e+01	6.532233783429026749e-10	2.752139743340801248e-01	2.576146300524886912e-01	2.575163408813291865e-01	2.575127907021451112e-01	1.691182804849717947e-01	8.308817194658505434e-01	2.539466057709113065e-11	5.169317424700986043e-16	1.586486372005171153e-16	9.375595013843194301e-15	8.993603033058926121e-40	1.125751709101750646e-41	1.484092895014850478e-54	4.343891932453920288e-75	8.669061832990423415e-37	1.045655701856238702e-75
1.148530201045907972e+01	6.678028334417436415e-10	2.698550221420670803e-01	2.519907460240306540e-01	2.518940764448182046e-01	2.518905777168045645e-01	1.686476675351724352e-01	8.313523324090246192e-01	2.869525293583867419e-11	8.945270313106374746e-16	2.599290237085793727e-16	1.504135008303099424e-14	3.025248093324799746e-39	3.321410204267755836e-41	1.484092895014850478e-54	4.343891932453920288e-75	1.704485585058859608e-36	1.045655701856238702e-75
1.199747857658674732e+01	6.827113160501438155e-10	2.646155243693888437e-01	2.464897394287212939e-01	2.463946786261693722e-01	2.463912313825101785e-01	1.681889012491637470e-01	8.318110986873835655e-01	3.250055724733380406e-11	1.549166151306838601e-15	4.266192725204375628e-16	2.421082019257699164e-14	9.825706224852372787e-39	9.570865839469086745e-41	1.484092895014850478e-54	4.343891932453920288e-75	3.348965794915258321e-36	1.045655701856238702e-75
1.253249518946734042e+01	6.979571793451459116e-10	2.594926216262892771e-01	2.411063211463413680e-01	2.410128590326897913e-01	2.410094633195530300e-01	1.677405768051030699e-01	8.322594231226102535e-01	3.688596266160397599e-11	2.676171837364207774e-15	6.994972006711375536e-16	3.898354107269115461e-14	3.069842328481461376e-38	2.681959017055465015e-40	1.484092895014850478e-54	4.343891932453920288e-75	6.540147850660390122e-36	1.045655701856238702e-75
1.309137038015084009e+01	7.135484622948499105e-10	2.544835337904552408e-01	2.358388890816853489e-01	2.357470142679655711e-01	2.357436700695202114e-01	1.673037253513226519e-01	8.326962745660896337e-01	4.198326081386566857e-11	4.688508399069953135e-15	1.160596759197590563e-15	6.371112400198794234e-14	1.028223400932839369e-37	7.927584366129990841e-40	1.484092895014850478e-54	4.343891932453920288e-75	1.310173181296165099e-35	1.045655701856238702e-75
1.367516810015029272e+01	7.294930894378156337e-10	2.495855457991110748e-01	2.306855509526933024e-01	2.305952511550703465e-01	2.305919584102999187e-01	1.668784798351699850e-01	8.331215200701406198e-01	4.794270005652475958e-11	8.386265852908097518e-15	1.960935047616242573e-15	1.060219734672299484e-13	3.607318187305795574e-37	2.449979766480973783e-39	1.484092895014850478e-54	4.343891932453920288e-75	2.699502097768246357e-35	1.045655701856238702e-75
1.428499974692591401e+01	7.457991753722240325e-10	2.447959930472077550e-01	2.256423152108391617e-01	2.255535785744327559e-01	2.255503372281362773e-01	1.664623831589179259e-01	8.335376167321866259e-01	5.488998422832220649e-11	1.509243381676274429e-14	3.332762294938987649e-15	1.778473414033850587e-13	1.272979319130983952e-36	7.624350548734644805e-39	1.484092895014850478e-54	4.343891932453920288e-75	5.613435853386543843e-35	1.045655701856238702e-75
1.492202627969382966e+01	7.624750348187100789e-10	2.401122608631172384e-01	2.207088793029066687e-01	2.206216923172542310e-01	2.206185022403189533e-01	1.660536364436068224e-01	8.339463634308175166e-01	6.296857021098980394e-11	2.702107031042366824e-14	5.644401166331346903e-15	2.979388939988230452e-13	4.338586548622837737e-36	2.307992696506443888e-38	1.484092895014850478e-54	4.343891932453920288e-75	1.158233285638144594e-34	1.045655701856238702e-75
1.558746042958734002e+01	7.795291612616573085e-10	2.355317837771758460e-01	2.158809118617996403e-01	2.157952615451232403e-01	2.157921226147621885e-01	1.656542886544128679e-01	8.343457112000065568e-01	7.250251115800402465e-11	4.982118303762149382e-14	9.797030169267277330e-15	5.119920865774766395e-13	1.674548463467491652e-35	7.733731189824796442e-38	1.484092895014850478e-54	4.343891932453920288e-75	2.503655569541291123e-34	1.045655701856238702e-75
1.628256900837845578e+01	7.969702407870578274e-10	2.310520450345676935e-01	2.111571362516054817e-01	2.110730086198104039e-01	2.110699206637385028e-01	1.652628613770961152e-01	8.347371384531329097e-01	8.375751362080510730e-11	9.334571459731678384e-14	1.724539659172782584e-14	8.938365282742230707e-13	6.669436768756078956e-35	2.673579899889269702e-37	1.484092895014850478e-54	4.343891932453920288e-75	5.543314334410344290e-34	1.045655701856238702e-75
1.700867532015447026e+01	8.148072012705839955e-10	2.266705660097700636e-01	2.065358019430344194e-01	2.064531823770358598e-01	2.064501451876993576e-01	1.648778054390284964e-01	8.351221943616353727e-01	9.703697456820280253e-11	1.759932471399531058e-13	3.053145429281538025e-14	1.573432166403257635e-12	2.669713766429437755e-34	9.303833730747039872e-37	1.484092895014850478e-54	4.343891932453920288e-75	1.240464785738043332e-33	1.045655701856238702e-75
1.776716168054134215e+01	8.330492291557072079e-10	2.223849045449934891e-01	2.020134292010306865e-01	2.019323035211565698e-01	2.019293168978573694e-01	1.644974030259279685e-01	8.355025967382524454e-01	1.126509417275436192e-10	3.283499687398503682e-13	5.360644844679099458e-14	2.755725161339819461e-12	1.011250242684041102e-33	3.095403503979822204e-36	1.484092895014850478e-54	4.343891932453920288e-75	2.736896433633855029e-33	1.045655701856238702e-75
1.855947204826941288e+01	8.517054827752111952e-10	2.181927199189324373e-01	1.975896565727952026e-01	1.975100089997127717e-01	1.975070726651279862e-01	1.641217018039345110e-01	8.358782979140195746e-01	1.311147906864215230e-10	6.114776732808672678e-13	9.396142302672727695e-14	4.837764738922357748e-12	3.790165899603171668e-33	1.021041390137005979e-35	1.484092895014850478e-54	4.343891932453920288e-75	6.050409135123517457e-33	1.045655701856238702e-75
1.938711477409139761e+01	8.707857461991058489e-10	2.140916243729338864e-01	1.932605979964097109e-01	1.931824135385418750e-01	1.931795272362692995e-01	1.637505740822232381e-01	8.362494255749791661e-01	1.530932849975198938e-10	1.146336088428082010e-12	1.653824386606800967e-13	8.581730811688503196e-12	1.499998407469623758e-32	3.509697686950692293e-35	1.484092895014850478e-54	4.343891932453920288e-75	1.367546857687312706e-32	1.045655701856238702e-75
2.025166547228590019e+01	8.902997462711056150e-10	2.100793398050080640e-01	1.890250529410298086e-01	1.889483158702342513e-01	1.889454793048606085e-01	1.633845657880573787e-01	8.366154337846904987e-01	1.795806720527561468e-10	2.187042885421877933e-12	2.945138530122945484e-13	1.557428822623385667e-11	6.552846244070102301e-32	1.307053460784997445e-34	1.484092895014850478e-54	4.343891932453920288e-75	3.245490759312317374e-32	1.045655701856238702e-75
2.115477002021293984e+01	9.102574212221320607e-10	2.061536333773770768e-01	1.848818705303804655e-01	1.848065642629277971e-01	1.848037770932813295e-01	1.630193979983853014e-01	8.369806014595626564e-01	2.107836533134265698e-10	3.950879247836252426e-12	5.003914298091015264e-13	2.719547666893069883e-11	2.288086437438410670e-31	4.048160495118543530e-34	1.484092895014850478e-54	4.343891932453920288e-75	7.151107418188527754e-32	1.045655701856238702e-75
2.209814769163214621e+01	9.306690818118554719e-10	2.023122894361531754e-01	1.808269310868786395e-01	1.807530400390838510e-01	1.807503019531024602e-01	1.626577541913680480e-01	8.373422450973999620e-01	2.485721961614483901e-10	7.105687502549832260e-12	8.408072064370593746e-13	4.797480432943362062e-11	8.814208141923520216e-31	1.341594624479868389e-33	1.484092895014850478e-54	4.343891932453920288e-75	1.642519997423166636e-31	1.045655701856238702e-75
2.308359442974798625e+01	9.515432456760446691e-10	1.985531827512440339e-01	1.768608666186470835e-01	1.767883734958119457e-01	1.767856841027614923e-01	1.622975126611419239e-01	8.377024863813817834e-01	2.940210050251060833e-10	1.220829773678518418e-11	1.348838150167116614e-12	8.260350106535758487e-11	3.149768500037407876e-30	4.126361937056296840e-33	1.484092895014850478e-54	4.343891932453920288e-75	3.691559455350291259e-31	1.045655701856238702e-75
2.411298626621389829e+01	9.728922408911301405e-10	1.948741450091114047e-01	1.729802623870750067e-01	1.729091506302607717e-01	1.729065095593480261e-01	1.619380950807117192e-01	8.380619036070688921e-01	3.489052256358371577e-10	1.982394750581185816e-11	2.042678948891295389e-12	1.376150700814984315e-10	1.034212518234763314e-29	1.162856821077902826e-32	1.484092895014850478e-54	4.343891932453920288e-75	8.071771283109649481e-31	1.045655701856238702e-75
2.518828289260356357e+01	9.947271074578457646e-10	1.912731022170057749e-01	1.691834040810054340e-01	1.691136567462213636e-01	1.691110635997211120e-01	1.615789698301957067e-01	8.384210283603559244e-01	4.155055209976427818e-10	3.022826046155688702e-11	2.900013879460587301e-12	2.201759231306245250e-10	3.096238683095474158e-29	2.972008205258624840e-32	1.484092895014850478e-54	4.343891932453920288e-75	1.709579650323716098e-30	1.045655701856238702e-75
2.631153139114873341e+01	1.017059044934602467e-09	1.877480247118872292e-01	1.654692638224754819e-01	1.654008632291182057e-01	1.653983175683541584e-01	1.612193006827803421e-01	8.387806968401997354e-01	4.965025570942653869e-10	4.328565352822327471e-11	3.862120758575878744e-12	3.360556582208432535e-10	8.327176181990316852e-29	6.806923764531699298e-32	1.484092895014850478e-54	4.343891932453920288e-75	3.473646133176189567e-30	1.045655701856238702e-75
2.748487013184591987e+01	1.039899636278853719e-09	1.842969034932162298e-01	1.618349992797738501e-01	1.617679284023693653e-01	1.617654298074541752e-01	1.608582089791690262e-01	8.391417876852770297e-01	5.951080738112946537e-10	5.872345518136748158e-11	4.869658350499366602e-12	4.890523939039722467e-10	2.015392375595474537e-28	1.404115038806588758e-31	1.484092895014850478e-54	4.343891932453920288e-75	6.741658728800805380e-30	1.045655701856238702e-75
2.871053284335091860e+01	1.063260603407584070e-09	1.809177872191134184e-01	1.582800388884189891e-01	1.582142797404549328e-01	1.582118277413877838e-01	1.604951379809702594e-01	8.395048576129378048e-01	7.156787825202093236e-10	7.649309976033219018e-11	5.888656072256422681e-12	6.823100053730676750e-10	4.504148029111782815e-28	2.669206303556866645e-31	1.484092895014850478e-54	4.343891932453920288e-75	1.260486317199749957e-29	1.045655701856238702e-75
2.999085286541147610e+01	1.087152329892749781e-09	1.776087832924492793e-01	1.548019843311132238e-01	1.547375192563043567e-01	1.547351133871955331e-01	1.601296764073729118e-01	8.398703178778831324e-01	8.641763347741991501e-10	9.695341311391620989e-11	6.916799847906015388e-12	9.191079047978970470e-10	9.567557820790929805e-28	4.791407974929769195e-31	1.484092895014850478e-54	4.343891932453920288e-75	2.299482234907817104e-29	1.045655701856238702e-75
3.132826759093271107e+01	1.111585788372939816e-09	1.743680270199588767e-01	1.513992758702438213e-01	1.513360871505887162e-01	1.513337269350041869e-01	1.597606788434360048e-01	8.402393138726036437e-01	1.046674570485102711e-09	1.207571618863809865e-10	7.977515448655913817e-12	1.201514598145142125e-09	1.932970953075551520e-27	8.187842885071112387e-31	1.484092895014850478e-54	4.343891932453920288e-75	4.077312396176371764e-29	1.045655701856238702e-75
3.272532310613298279e+01	1.136576105070144024e-09	1.711936372093788850e-01	1.480709151766221865e-01	1.480089844655693154e-01	1.480066693906741115e-01	1.593877860954792391e-01	8.406122047454426260e-01	1.272731742881181438e-09	1.490529479875693242e-10	9.104566374865579693e-12	1.535198269937383440e-09	3.811220703406790528e-27	1.359268618405589363e-30	1.484092895014850478e-54	4.343891932453920288e-75	7.125461065640253250e-29	1.045655701856238702e-75
3.418467903762299898e+01	1.162136124778255921e-09	1.680838134266855188e-01	1.448143487090332582e-01	1.447536581688504409e-01	1.447513877337499311e-01	1.590103033305096392e-01	8.409896852740187390e-01	1.554016661261228942e-09	1.832961236490004746e-10	1.033634596624714935e-11	1.927047960312982696e-09	7.412979030953988921e-27	2.215038717195578783e-30	1.484092895014850478e-54	4.343891932453920288e-75	1.234177121073175003e-28	1.045655701856238702e-75
3.570911361563601361e+01	1.188278968772638008e-09	1.650367941244996750e-01	1.416288433004513903e-01	1.415693744707092472e-01	1.415671481395762710e-01	1.586271393526362539e-01	8.413728465952151625e-01	1.903141730369288332e-09	2.250438732596933652e-10	1.170748984880147764e-11	2.384315505365768128e-09	1.414015215958224303e-26	3.545915071711965478e-30	1.484092895014850478e-54	4.343891932453920288e-75	2.108742171922304504e-28	1.045655701856238702e-75
3.730152896304821297e+01	1.215013130798416865e-09	1.620509025159505567e-01	1.385128780902133983e-01	1.384546126643170227e-01	1.384524299012278581e-01	1.582379820605348264e-01	8.417620007089693379e-01	2.340793424496993533e-09	2.767120487426643250e-10	1.325900582618440478e-11	2.920161721129156736e-09	2.695975173927392181e-26	5.644618721177522590e-30	1.484092895014850478e-54	4.343891932453920288e-75	3.599698427829206962e-28	1.045655701856238702e-75
3.896495662025800755e+01	1.242355629625564920e-09	1.591244099908620813e-01	1.354642607371960850e-01	1.354071806843378245e-01	1.354050409553176626e-01	1.578419833015279605e-01	8.421579956569827941e-01	2.890631558351895048e-09	3.410138518369342356e-10	1.502997038896743118e-11	3.548436500025949402e-09	5.134668982157309531e-26	8.949126107511674994e-30	1.484092895014850478e-54	4.343891932453920288e-75	6.137578210754313959e-28	1.045655701856238702e-75
4.070256331644271341e+01	1.270321580134967359e-09	1.562556579839544102e-01	1.324826246669220109e-01	1.324267111018876120e-01	1.324246138278176166e-01	1.574384211494435637e-01	8.425615532195355195e-01	3.584306890792783551e-09	4.215036801033510444e-10	1.706442247858896050e-11	4.287088491913110790e-09	9.798367756672822235e-26	1.417145325963966354e-29	1.484092895014850478e-54	4.343891932453920288e-75	1.047680640886152705e-27	1.045655701856238702e-75
4.251765699817833166e+01	1.298925253789256190e-09	1.534430326056114569e-01	1.295652313540193723e-01	1.295104663829203806e-01	1.295084110200044880e-01	1.570265598067847601e-01	8.429734090091011156e-01	4.463119879775549993e-09	5.227448589195304123e-10	1.941230586152160381e-11	5.158263506923743481e-09	1.877314505447607457e-25	2.246119200208240769e-29	1.484092895014850478e-54	4.343891932453920288e-75	1.793589119389254595e-27	1.045655701856238702e-75
4.441369312690095228e+01	1.328174094254658898e-09	1.506849982806194033e-01	1.267120848431622926e-01	1.266584496881012212e-01	1.266564356477321573e-01	1.566056539225839650e-01	8.433943081410343323e-01	5.581255864077609144e-09	6.506411000377426778e-10	2.213161820363049806e-11	6.189300729425432348e-09	3.616840635248495635e-25	3.568775594567330928e-29	1.484092895014850478e-54	4.343891932453920288e-75	3.083833686261974862e-27	1.045655701856238702e-75
4.639428125719731355e+01	1.358089146064661507e-09	1.479799682753349388e-01	1.239211683282108734e-01	1.238686445177681617e-01	1.238666712156185346e-01	1.561749550160128897e-01	8.438249987936339291e-01	7.010336452364361069e-09	8.129100566646046938e-10	2.529105163912342666e-11	7.414181969264479292e-09	7.018162503922538759e-25	5.692361292079467100e-29	1.484092895014850478e-54	4.343891932453920288e-75	5.332674622433528216e-27	1.045655701856238702e-75
4.846319190844825187e+01	1.388686105093683176e-09	1.453264336594715100e-01	1.211908544549664957e-01	1.211394237913206023e-01	1.211374906479585484e-01	1.557337009011913187e-01	8.442662427638284450e-01	8.845234522809379097e-09	1.019656335635431547e-09	2.897244686255478255e-11	8.875068993387201096e-09	1.373232401090550377e-24	9.125184772050383560e-29	1.484092895014850478e-54	4.343891932453920288e-75	9.284871865869572818e-27	1.045655701856238702e-75
5.062436374290687979e+01	1.419976800093797841e-09	1.427229387903086455e-01	1.185206305879423078e-01	1.184702743459054713e-01	1.184683807520338084e-01	1.552811143154239071e-01	8.447188168124099006e-01	1.121208745524359253e-08	1.284144835137311572e-09	3.327365902155786888e-11	1.062434670785856262e-08	2.711644859550678126e-24	1.471409766551996005e-28	1.484092895014850478e-54	4.343891932453920288e-75	1.629090414371817519e-26	1.045655701856238702e-75
5.288191106387649398e+01	1.451974929121530200e-09	1.401680479223451625e-01	1.159086823265709776e-01	1.158593822850157995e-01	1.158575276468251647e-01	1.548164247805828286e-01	8.451834907578449352e-01	1.428139646799102491e-08	1.624088507099109752e-09	3.831399148922572216e-11	1.272830565638249140e-08	5.413478709025577998e-24	2.389576627018906911e-28	1.484092895014850478e-54	4.343891932453920288e-75	2.884719528050344691e-26	1.045655701856238702e-75
5.524013164826341438e+01	1.484701724461371194e-09	1.376603446488800786e-01	1.133538386513106566e-01	1.133055764931270165e-01	1.133037602051957665e-01	1.543388023838272172e-01	8.456610936692406932e-01	1.827775354842654363e-08	2.062511496578910241e-09	4.423386033886422247e-11	1.526820997370382467e-08	1.091450783457744744e-23	3.907783847469438696e-28	1.484092895014850478e-54	4.343891932453920288e-75	5.152754738640530137e-26	1.045655701856238702e-75
5.770351492841427188e+01	1.518173114696922121e-09	1.351984708058508733e-01	1.108551814048589212e-01	1.108079386230015478e-01	1.108061600648210659e-01	1.538474661251539588e-01	8.461524054065517886e-01	2.351235670994163423e-08	2.630897590897696416e-09	5.120930880562765720e-11	1.834972775460324748e-08	2.228234930059041459e-23	6.445436351554490431e-28	1.484092895014850478e-54	4.343891932453920288e-75	9.303173916777058215e-26	1.045655701856238702e-75
6.027675053881600320e+01	1.552396379039757811e-09	1.327810926814611825e-01	1.084110494076478415e-01	1.083648081364907145e-01	1.083630667109317103e-01	1.533415811169180631e-01	8.466582593660345601e-01	3.040413601594153311e-08	3.370906624094765440e-09	5.945056404312676867e-11	2.210483867728340844e-08	4.606844856736683135e-23	1.072620859720208465e-27	1.484092895014850478e-54	4.343891932453920288e-75	1.698359582551349864e-25	1.045655701856238702e-75
6.296473724392754434e+01	1.587397780582480067e-09	1.304068988534029250e-01	1.060208289471751969e-01	1.059755707856204626e-01	1.059738658644225062e-01	1.528203075959725377e-01	8.471794933176030051e-01	3.952705276360051020e-08	4.338769626859499313e-09	6.921499456428070651e-11	2.670250399300002543e-08	9.652135444639717870e-23	1.802062085544809342e-27	1.484092895014850478e-54	4.343891932453920288e-75	3.137088063220694675e-25	1.045655701856238702e-75
6.577259226414017235e+01	1.623194645046877947e-09	1.280746269124007630e-01	1.036828391052731640e-01	1.036385461830249544e-01	1.036368771553772966e-01	1.522827895077305538e-01	8.477169606401288027e-01	5.167116228699009378e-08	5.610483266764999334e-09	8.081705278012989712e-11	3.235939146962248304e-08	2.050524343188504285e-22	3.058132794378703971e-27	1.484092895014850478e-54	4.343891932453920288e-75	5.866683050070045508e-25	1.045655701856238702e-75
6.870566101762052824e+01	1.659797090055053894e-09	1.257830337035457657e-01	1.013963753904160436e-01	1.013530297510438077e-01	1.013513959975961276e-01	1.517281616852875215e-01	8.482715228684847286e-01	6.793526645217908052e-08	7.289568170979440163e-09	9.464290924522901593e-11	3.935617817988642749e-08	4.421454729080671184e-22	5.246048480942015796e-27	1.484092895014850478e-54	4.343891932453920288e-75	1.111850822316352597e-24	1.045655701856238702e-75
7.176952729658206920e+01	1.697226923698353337e-09	1.235309231607989305e-01	9.916031422453422395e-02	9.911789796586605028e-02	9.911629886340211915e-02	1.511555319366920946e-01	8.488440672743476911e-01	8.984259078920680291e-08	9.516473866988048438e-09	1.111627063028216250e-10	4.805563010406062287e-08	9.676726412679964163e-22	9.099329599810427516e-27	1.484092895014850478e-54	4.343891932453920288e-75	2.136041188776974443e-24	1.045655701856238702e-75
7.497002389735888528e+01	1.735505388448816606e-09	1.213171401256317866e-01	9.697329526336714856e-02	9.693179083488072389e-02	9.693022577026343123e-02	1.505640038770741651e-01	8.494354834525531528e-01	1.195409993933229200e-07	1.248447952859775150e-08	1.309567488797438460e-10	5.893592913665548450e-08	2.151918390778626806e-21	1.597086331452822307e-26	1.484092895014850478e-54	4.343891932453920288e-75	4.164314467126997357e-24	1.045655701856238702e-75
7.831324372451636862e+01	1.774647993677347020e-09	1.191405471329211735e-01	9.483453719338488797e-02	9.479392699958932855e-02	9.479239535271526129e-02	1.499526575089336622e-01	8.500466820195189399e-01	1.600614261831427142e-07	1.645854822310570578e-08	1.547331564014920704e-10	7.262762554557011943e-08	4.864756073233516828e-21	2.837977277614252592e-26	1.484092895014850478e-54	4.343891932453920288e-75	8.244460243568808532e-24	1.045655701856238702e-75
8.180555139014114729e+01	1.814668560824869570e-09	1.170000281728444252e-01	9.274306377802200851e-02	9.270333037927047659e-02	9.270183153224992312e-02	1.493205566405682583e-01	8.506785860678123257e-01	2.157197753018460205e-07	2.180356629497680043e-08	1.833554781905053184e-10	8.997323863777099345e-08	1.118541520310906487e-20	5.108429849309669051e-26	1.484092895014850478e-54	4.343891932453920288e-75	1.658958759363174785e-23	1.045655701856238702e-75
8.545359533038998734e+01	1.855593887097657901e-09	1.148945470232017596e-01	9.069761692736093284e-02	9.065874321972312855e-02	9.065727656451047500e-02	1.486667449307211564e-01	8.513321335312170612e-01	2.926889045352668576e-07	2.902192363994028572e-08	2.178689656293960508e-10	1.121106314092340046e-07	2.616269795093808200e-20	9.318495201521747623e-26	1.484092895014850478e-54	4.343891932453920288e-75	3.395370723196617551e-23	1.045655701856238702e-75
8.926432046236526219e+01	1.897443428487776727e-09	1.128230771508502289e-01	8.869736587801389793e-02	8.865933471847174674e-02	8.865789963998188528e-02	1.479902506240843574e-01	8.520082699647560931e-01	3.998980242618139198e-07	3.880685295854777008e-08	2.595289276475820097e-10	1.406044040699402146e-07	6.228429852497882235e-20	1.723703064766252283e-25	1.484092895014850478e-54	4.343891932453920288e-75	7.076912458049225844e-23	1.045655701856238702e-75
9.324498140541228963e+01	1.940231273055975864e-09	1.107845965402091126e-01	8.674134311288764221e-02	8.670413770992230207e-02	8.670273360546548735e-02	1.472900798139943901e-01	8.527079516685351912e-01	5.503466276950714198e-07	5.211012445302969678e-08	3.098115015207176868e-10	1.776415145349859639e-07	1.509530377818788361e-19	3.235119213931894489e-25	1.484092895014850478e-54	4.343891932453920288e-75	1.504146903362816932e-22	1.045655701856238702e-75
9.740315629200817682e+01	1.983978688073252091e-09	1.087781513196326849e-01	8.482865325746105634e-02	8.479225687293114044e-02	8.479088313716812153e-02	1.465652077658783636e-01	8.534321385033718510e-01	7.630858181550598196e-07	7.274338857169237703e-08	3.834915623634618126e-10	2.270450310389819509e-07	3.869027055390468188e-19	6.401328937330624383e-25	2.520676505977706896e-34	2.135165474000495353e-26	3.295882270477662442e-22	5.541488337266519542e-39
1.017467611945355372e+02	2.028710642605555314e-09	1.068028442074593076e-01	8.295825662219302732e-02	8.292265278582199028e-02	8.292130882100501310e-02	1.458145901428130331e-01	8.541817919193497310e-01	1.066291835857871356e-06	1.007093330817427250e-07	4.698209970454943260e-10	2.954545886360985909e-07	1.005894778410738680e-18	1.282535087752235432e-24	3.541943117092968615e-34	7.500033899782527386e-26	6.515897886671477922e-22	1.093366254627442467e-38
1.062840651954031728e+02	2.074447950902756564e-09	1.048577923326132061e-01	8.112930235146960378e-02	8.109447480699188970e-02	8.109316002132060941e-02	1.450371529053521569e-01	8.549578705991902616e-01	1.502005853539025224e-06	1.374199685484642479e-07	5.662147738711434377e-10	3.896317128438612774e-07	2.619555611246444894e-18	2.572832598574817494e-24	5.060471358340267128e-34	2.658209511569382549e-25	1.273421496016877078e-21	2.161294186374950654e-38
1.110237061292069711e+02	2.121211054935349842e-09	1.029421455216938674e-01	7.934084117537791581e-02	7.930677384867909629e-02	7.930548765403142020e-02	1.442317743474401115e-01	8.557613140466072688e-01	2.133459742207254415e-06	1.864148832405454368e-07	6.771070740363412554e-10	5.208530370486266401e-07	6.875132982207514787e-18	5.208163135646005660e-24	7.354140959469230342e-34	9.566147150702942661e-25	2.479940529652770979e-21	4.313927051683157414e-38
1.159747070268970504e+02	2.169014745114858249e-09	1.010550477454475043e-01	7.759219025870543740e-02	7.755886728020666698e-02	7.755760909493035482e-02	1.433972751631056308e-01	8.565930223321334136e-01	3.056764498456285499e-06	2.516395133116671782e-07	8.043831032554599010e-10	7.079114314497091613e-07	1.818583807894282753e-17	1.066184074247888522e-23	1.090533568264301581e-33	3.496841240783027090e-24	4.838257274361005365e-21	8.713692144096530459e-38
1.211464932932578620e+02	2.217888924411953320e-09	9.919577984216616795e-02	7.588236055716778006e-02	7.584976630544147669e-02	7.584853555474252440e-02	1.425323882352324822e-01	8.574538284107929842e-01	4.419055833320377452e-06	3.374257007959183110e-07	9.480464201277804054e-10	9.825306792503142490e-07	4.832861879110840766e-17	2.205982737285237248e-23	1.657514998789003717e-33	1.294477384739888156e-23	9.515824735365855819e-21	1.780158119814355374e-37
1.265489106504022487e+02	2.267856010031901331e-09	9.736361298886364590e-02	7.421044177296551303e-02	7.417856087685242850e-02	7.417735699338214028e-02	1.416357124377999599e-01	8.583444446520019921e-01	6.447989645647211475e-06	4.483658049051826689e-07	1.106829041585312382e-09	1.399628663849687774e-06	1.283891125616640379e-16	4.602426741538988795e-23	2.595605775870879489e-33	4.829410068574646951e-23	1.903446424727950368e-20	3.669849501093051067e-37
1.321922438814390262e+02	2.318938817662638611e-09	9.555785826407552086e-02	7.257577806066452253e-02	7.254459534622452466e-02	7.254341776888006965e-02	1.407056319415103118e-01	8.592653671345902300e-01	9.499956076649741194e-06	5.896524089536052456e-07	1.280338005387004774e-09	2.057053788476970860e-06	3.393137347328287400e-16	9.656322563037663656e-23	4.210412118713528573e-33	1.808092641914459301e-22	3.917176032467012821e-20	7.613888286146520625e-37
1.380872364099986100e+02	2.371160682067455676e-09	9.377787080380596552e-02	7.097737509814432133e-02	7.094687568050785098e-02	7.094572385713064644e-02	1.397401509483129078e-01	8.602167289584663479e-01	1.413631126322523153e-05	7.690506032480510952e-07	1.474423615606175361e-09	3.133974314644293682e-06	8.893126514042548127e-16	2.034997303033388896e-22	7.108918170984245180e-33	6.769824908455595289e-22	8.392579170501719229e-20	1.587955236871581100e-36
1.442451107528872001e+02	2.424545397556690915e-09	9.202304849498224582e-02	6.941462195022723991e-02	6.938479113857924652e-02	6.938366452336224011e-02	1.387366100396899282e-01	8.611979746821899484e-01	2.125444396147064440e-05	1.002162330616120176e-06	1.710607398914778067e-09	4.973693254532703052e-06	2.322473784388096924e-15	4.334077497734513015e-22	1.255642292057133769e-32	2.548269369112790484e-21	1.892989309596883659e-19	3.349709326355975149e-36
1.506775898848108568e+02	2.479117178971162543e-09	9.029283317168627920e-02	6.788672250316782342e-02	6.785754585537581707e-02	6.785644391056849800e-02	1.376910838690037220e-01	8.622072700723161232e-01	3.230054864055747007e-05	1.320767724662571766e-06	2.038686042388903665e-09	8.269135943816081300e-06	6.127628408965062641e-15	9.483737450190303087e-22	2.333580525465557309e-32	9.777283007948499740e-21	4.533665486995809291e-19	7.266008629595311304e-36
1.573969195558389060e+02	2.534900961193374442e-09	8.858671140989446413e-02	6.639262895049884150e-02	6.636409238140064670e-02	6.636301458139984288e-02	1.365971481202367666e-01	8.632402307298621125e-01	4.963107303848945430e-05	1.782335084578093917e-06	2.555800644362934943e-09	1.450108317580614795e-05	1.666920836066347348e-14	2.189769121873784684e-21	4.594769612562076197e-32	3.901721771376900808e-20	1.160811771500376875e-18	1.664572811516947378e-35
1.644158916040941847e+02	2.591922234875071748e-09	8.690421560544539514e-02	6.493221747060909377e-02	6.490430692086282538e-02	6.490325274064824568e-02	1.354431701288009438e-01	8.642871415202260099e-01	7.712828928157614862e-05	2.481359988106436243e-06	3.453683473947601972e-09	2.699433317821750780e-05	4.768554386681814442e-14	5.514045384257758018e-21	9.646475928098898575e-32	1.651421815137865859e-19	3.194900367907737030e-18	4.162491023365132856e-35
1.717478683080518351e+02	2.650206948319160260e-09	8.524492535127337067e-02	6.350416132523296897e-02	6.347686320949295913e-02	6.347583214056908008e-02	1.342061198276151002e-01	8.653266313252220288e-01	1.212434533181523888e-04	3.569245896981485138e-06	5.151018233793999162e-09	5.350968760382924052e-05	1.452943787164026167e-13	1.568533220712897623e-20	2.165787689384177004e-31	7.504333287370380976e-19	9.474634838559535904e-18	1.176925713494782830e-34
1.794068078248059805e+02	2.709781991475633652e-09	8.360846718097521280e-02	6.210798400625479332e-02	6.208128490708803016e-02	6.208027644677260176e-02	1.328368668278212539e-01	8.663106336275230301e-01	1.927644099989837920e-04	5.290348418278401168e-06	8.648368643343237521e-09	1.127684331585276976e-04	4.733812850963896271e-13	5.207139693480429745e-20	5.188703222020867132e-31	3.671954308817307877e-18	3.021796395096116093e-17	3.886963964578521051e-34
1.874072907627346467e+02	2.770674811846447484e-09	8.199451442489411046e-02	6.074308084910041289e-02	6.071696756496534203e-02	6.071598121809980431e-02	1.312241926844895656e-01	8.671275730225636025e-01	3.097008095915236960e-04	8.040115835960668617e-06	1.647664461432244547e-08	2.511657216187478006e-04	1.642450156514458713e-12	2.056630791571878387e-19	1.316575496144647309e-30	1.923682422071156528e-17	1.030258157137069491e-16	1.528497598783507339e-33
1.957645479391447907e+02	2.832913313228757197e-09	8.040278672335435250e-02	5.940842012324308585e-02	5.938287984716494189e-02	5.938191513279306860e-02	1.291058721970247125e-01	8.675113364458508780e-01	5.014290411239610747e-04	1.244382384927236068e-05	3.522891295679840080e-08	5.856240190603761910e-04	5.999456480671674487e-12	9.599858905368925312e-19	3.490681929489530119e-30	1.063509863541898640e-16	3.716327530029371198e-16	7.107093274621615833e-33
2.044944893757478042e+02	2.896526516394638518e-09	7.883304979812202906e-02	5.810380253082844670e-02	5.807882251971095700e-02	5.807787895897669611e-02	1.258568071895130036e-01	8.668239503114337774e-01	8.120128468040128467e-04	1.940127960667687503e-05	8.198588767949364602e-08	1.409191713147895948e-03	2.257257800551812953e-11	5.106050680824251714e-18	9.437603685325326436e-30	6.031955265613709298e-16	1.394416733595996881e-15	3.764841805446755897e-32
2.136137345871599678e+02	2.961544206314046411e-09	7.728511462570281099e-02	5.682819189174264513e-02	5.680375980940190195e-02	5.680283693826740365e-02	1.200590362677542156e-01	8.636120682517428593e-01	1.290813818582545094e-03	2.982970048409699511e-05	1.977436463594638290e-07	3.414296231407678434e-03	8.384403402773320148e-11	2.904123477968551414e-17	2.476564803262282386e-29	3.315109952068946238e-15	5.271393626957215961e-15	2.128669572446496594e-31
2.231396442200913839e+02	3.027996863267334840e-09	7.575883608351381693e-02	5.558098099294819794e-02	5.555708474148510212e-02	5.555618210458710543e-02	1.090605573414247936e-01	8.551378003016694151e-01	1.934874427786132528e-03	4.336862576152978086e-05	4.595196397057961743e-07	7.950101770652183777e-03	2.834187565771880405e-10	1.605468329266245505e-16	5.702423193988144561e-29	1.575480125189981146e-14	1.887289884906877462e-14	1.163946197569062652e-30
2.330903531034551293e+02	3.095911857434660968e-09	7.425408778511030650e-02	5.436188756890053542e-02	5.433851515474315969e-02	5.433763230041530057e-02	9.010691383423749534e-02	8.384790208146536417e-01	2.570892674223928392e-03	5.598311471732580374e-05	9.389510842598520679e-07	1.652537710356291947e-02	7.702668856918102803e-10	7.639706340909307458e-16	9.765151223435921873e-29	5.413118213587308735e-14	5.820340585870622671e-14	5.430961582911343749e-30
2.434848047723182560e+02	3.165315154372172821e-09	7.277076891316928975e-02	5.316970342213536010e-02	5.314684334656190334e-02	5.314597984147834825e-02	6.462559140408213887e-02	8.148469864476552971e-01	2.885994510787289000e-03	6.110665837715858475e-05	1.592075668392762621e-06	2.864183158366503251e-02	1.512821108590486651e-09	2.887462838440743123e-15	1.058347098687926166e-28	1.146843961633538713e-13	1.428374490519289325e-13	1.997181900267234136e-29
2.543427875314121991e+02	3.236248304420133636e-09	7.130889815624513739e-02	5.200442357417515982e-02	5.198206433191249892e-02	5.198121974237537163e-02	3.956639113071622887e-02	7.910648896859047152e-01	2.746824324566858773e-03	5.657133132696121243e-05	2.282855127000330502e-06	4.092462328306286506e-02	2.120199088626940214e-09	8.875056694088438188e-15	6.942008931772470647e-29	1.462084362369760312e-13	2.763222893236589903e-13	5.973614061799794263e-29
2.656849721268672511e+02	3.308745195401376130e-09	6.986847313466644505e-02	5.086503794556228308e-02	5.084316844933290530e-02	5.084234235720092032e-02	2.098014773472509434e-02	7.732336312187481075e-01	2.300219209607523227e-03	4.607985748538631621e-05	2.929899847925832500e-06	5.025968437965672858e-02	2.262082961678190708e-09	2.410266313783559257e-14	2.958237848108701486e-29	1.227771874766189201e-13	4.340985590107057147e-13	1.591410343453119967e-28
2.775329510978812664e+02	3.382825697143926772e-09	6.844944633288192748e-02	4.975103346467021903e-02	4.972964283880028369e-02	4.972883483379691993e-02	9.893590515664761609e-03	7.625363008491083949e-01	1.759661048372325931e-03	3.427627060137490730e-05	3.527198125138239754e-06	5.598434054873105414e-02	1.990660634537629059e-09	6.223581731968262285e-14	9.114236060503313811e-30	7.638918904588958275e-14	5.597595647942643703e-13	4.071919885005440305e-28
2.899092798832406856e+02	3.458534695549681758e-09	6.705191586791399427e-02	4.866202676634049512e-02	4.864110429242861355e-02	4.864031397011021191e-02	4.266668756892094509e-03	7.570882263541360846e-01	1.266540822409645186e-03	2.396471216379933360e-05	4.100936989484212542e-06	5.900695387019702642e-02	1.544658523749695271e-09	1.597110689271274390e-13	2.240067778534367052e-30	3.901348552090708871e-14	5.860834790861417163e-13	1.043794042356365688e-27
3.028375197609492488e+02	3.535910900004897242e-09	6.567595533252042206e-02	4.759708780901893144e-02	4.757662316036927880e-02	4.757585013097188203e-02	1.729476297695096195e-03	7.546256142072724771e-01	8.789799818444378942e-04	1.611738822852268213e-05	4.689695692053103258e-06	6.045613012394335239e-02	1.111340030332445687e-09	4.150210381515966094e-13	4.765850141330654890e-31	1.773637718607422996e-14	5.054247383935699241e-13	2.723454579442079143e-27
3.163422827027097810e+02	3.614971839214772236e-09	6.432156876269426449e-02	4.655613322166650414e-02	4.653611610385727237e-02	4.653535997878522484e-02	6.781950833055092271e-04	7.536027662131257188e-01	6.016252656866808270e-04	1.063686222432711898e-05	5.332767068508874920e-06	6.111696847226331941e-02	7.695643291410850507e-10	1.087979723764951105e-12	9.443078237708033887e-32	7.649809874993002386e-15	3.812600973315619337e-13	7.191743529145341274e-27
3.304492782286538386e+02	3.695776939546496417e-09	6.298892393055249839e-02	4.553828093564336876e-02	4.551870142798761232e-02	4.551796183268384810e-02	2.652249342789536200e-04	7.531995495637379134e-01	4.147427527825475681e-04	7.004040386567871164e-06	6.043772586621862716e-06	6.141664821205094354e-02	5.270942839804322189e-10	2.805129936543396467e-12	1.865626267131369641e-32	3.289089430327824629e-15	2.706276798523531505e-13	1.871767083145051710e-26
3.451853623515086156e+02	3.778341822503655110e-09	6.167802725714720963e-02	4.454305752206081520e-02	4.452390590447039692e-02	4.452318247191330153e-02	1.067801840430434641e-04	7.530438467460616181e-01	2.930517747689138030e-04	4.661272279014273859e-06	6.775168123471032096e-06	6.155723940104249753e-02	3.639549862967506215e-10	6.827203078022131821e-12	3.928682917892403536e-33	1.461639621442972822e-15	1.907409740807138163e-13	4.606254215136936614e-26
3.605785887033914037e+02	3.862724832490390069e-09	6.038902369137290338e-02	4.357011152026905865e-02	4.355137822136422726e-02	4.355067059011506064e-02	4.569727456081685104e-05	7.529831322259621373e-01	2.147076502228026731e-04	3.169875110258299788e-06	7.419257731183147514e-06	6.162749647471559011e-02	2.567367631413403602e-10	1.504400886445689040e-11	9.421673767929199491e-34	6.880604310982998822e-16	1.375565343364333504e-13	1.027807674214312459e-25
3.766582619425526559e+02	3.948945846563752373e-09	5.912192955073627271e-02	4.261865765676140644e-02	4.260033344045938142e-02	4.259964126171143783e-02	2.131792691264830955e-05	7.529585111433613198e-01	1.637725213495730945e-04	2.225235500156676023e-06	7.876396666431000079e-06	6.166557986978672690e-02	1.868239761495570226e-10	2.923496825063490876e-11	2.707460606127945538e-34	3.473077373269362733e-16	1.027179094433600686e-13	2.025386369790872740e-25
3.934549935417456368e+02	4.037065779506187874e-09	5.787685834672675472e-02	4.168851279760502765e-02	4.167058850541079801e-02	4.166991143327169328e-02	1.099835456136853497e-05	7.529479388848726584e-01	1.298235761333580828e-04	1.625144352754633369e-06	8.119589600530958064e-06	6.168804501737377988e-02	1.411684577551283182e-10	4.999114796246940394e-11	9.599715622594801162e-35	1.886762944649479594e-16	7.955751616795144948e-14	3.516874478298306246e-25
4.110007600644267995e+02	4.127100464466597390e-09	5.665379384156153664e-02	4.077896300719598133e-02	4.076142978621092455e-02	4.076076748631208418e-02	6.279368319804279306e-06	7.529430971311900089e-01	1.064294686137226759e-04	1.237474637800014375e-06	8.188150871285937140e-06	6.170237159426501111e-02	1.109577154729514267e-10	7.631998578999957968e-11	4.206080434827846812e-35	1.098950918526163476e-16	6.370941457048503937e-14	5.459619618466846068e-25
4.293289640397296125e+02	4.219117880058186647e-09	5.545281094582393822e-02	3.988960091876257025e-02	3.987245009048618477e-02	3.987180223503571097e-02	3.930390043925375106e-06	7.529407427754113424e-01	8.974736102707755688e-05	9.795652644928191230e-07	8.143228593639371894e-06	6.171211558884684423e-02	9.047487648324289063e-11	1.062200847559679157e-10	2.235552185465823700e-35	6.802597387403325654e-17	5.249713449051371286e-14	7.737482031933844388e-25
4.484744975521068682e+02	4.313140760303456513e-09	5.427386889830449618e-02	3.902004891883781995e-02	3.900327196654378159e-02	3.900263823385215212e-02	2.653450279758490727e-06	7.529395335530287836e-01	7.744798421568649513e-05	8.011684772272942514e-07	8.037934114596611494e-06	6.171909955663591740e-02	7.609959243606393556e-11	1.375184476180245266e-10	1.395399645968187009e-35	4.422394608089139956e-17	4.429474722976414191e-14	1.021493115030306221e-24
4.684738086666857839e+02	4.409224523923097692e-09	5.311695788897924375e-02	3.816967099783660777e-02	3.815325967776948823e-02	3.815263975645075134e-02	1.900757998900868851e-06	7.529388845528481866e-01	6.811022185729618931e-05	6.727508278019716096e-07	7.908068492158980660e-06	6.172431253758614567e-02	6.562307710342178553e-11	1.684564184023981318e-10	9.900016037348114582e-36	2.988386458612625718e-17	3.811882738744333087e-14	1.277790393866807965e-24
4.893649708168104553e+02	4.507417504173378647e-09	5.198202459771227718e-02	3.733824654820837308e-02	3.732219271122278609e-02	3.732158629346125217e-02	1.424612325285280286e-06	7.529385241646496807e-01	6.083737842047764582e-05	5.768330197698814315e-07	7.774632946817878009e-06	6.172833007018889429e-02	5.770381679082235816e-11	1.978647366126813797e-10	7.763734498624529159e-36	2.078977156123024116e-17	3.334433947973416757e-14	1.534826025650336273e-24
5.111877552858539957e+02	4.607746895538312040e-09	5.086896489081463996e-02	3.652516407723825631e-02	3.650945983686591789e-02	3.650886662476415800e-02	1.105223431028885727e-06	7.529383191724986490e-01	5.504570738736751267e-05	5.028588581992748018e-07	7.648589917937126419e-06	6.173150697702092099e-02	5.152335053846049167e-11	2.250991324518211659e-10	6.588232425101547591e-36	1.477197531936086453e-17	2.956659526002095661e-14	1.788176350122655914e-24
5.339837069212916276e+02	4.710281353444349474e-09	4.977768858599834062e-02	3.573008313907530958e-02	3.571472075511522570e-02	3.571414045629896922e-02	8.808729662324566366e-07	7.529382011124483576e-01	5.034782341121803184e-05	4.443134432147115050e-07	7.534939682562430098e-06	6.173407063366968123e-02	4.657432118313002026e-11	2.498826702488869858e-10	5.958994548660917962e-36	1.066969054579276421e-17	2.652354507939750210e-14	2.035871224604691997e-24
5.577962232251740033e+02	4.815061069238444306e-09	4.870804435026857004e-02	3.495260489368968299e-02	3.493757679734175309e-02	3.493700912590959329e-02	7.172502401225454619e-07	7.529381328239823645e-01	4.647415865897533752e-05	3.969570176165654014e-07	7.435327920201378954e-06	6.173617563804890962e-02	4.252656375771331970e-11	2.721816575630846461e-10	5.683070571518905890e-36	7.793127732492679442e-18	2.402840228608532992e-14	2.277648912275153748e-24
5.826706369715670917e+02	4.922126014125873136e-09	4.765985636256246660e-02	3.419225632244463076e-02	3.417755514825165930e-02	3.417699982598208786e-02	5.943920366151454931e-07	7.529380935422586019e-01	4.323683065908684068e-05	3.579820584324329588e-07	7.349738777318063061e-06	6.173792823117479206e-02	3.916330695270216775e-11	2.920795454349133973e-10	5.671869930810510118e-36	5.733342368744350036e-18	2.195234276672012457e-14	2.514142488866016067e-24
6.086543025082463600e+02	5.031543412184825399e-09	4.663293650418273706e-02	3.344873308741873330e-02	3.343435160075582807e-02	3.343380835436883525e-02	4.998998309787753581e-07	7.529380711469697562e-01	4.049920190973245666e-05	3.254347756945702261e-07	7.277325666730916918e-06	6.173940496179074894e-02	3.633228897390537458e-11	3.097277071276949479e-10	5.890930858163455508e-36	4.242913946526669180e-18	2.020604360613587905e-14	2.746492988547507387e-24
6.357966859069258589e+02	5.143358563818405611e-09	4.562705602607634858e-02	3.272157525813478712e-02	3.270750642213874487e-02	3.270697498582402635e-02	4.257674983723042893e-07	7.529380583980961328e-01	3.816063270784512154e-05	2.979215658346503011e-07	7.216919150653699901e-06	6.174066188345000289e-02	3.392464271322515010e-11	3.253010417018269520e-10	6.341078873652750534e-36	3.146275772722063186e-18	1.871854217082085420e-14	2.976146607403950052e-24
6.641494591336652320e+02	5.257612808922041707e-09	4.464196794984776756e-02	3.201045387945845172e-02	3.199669079870948174e-02	3.199617091199941782e-02	3.665689574231338343e-07	7.529380508714923481e-01	3.614401931809214095e-05	2.744027152513329104e-07	7.167221280087942213e-06	6.174174176363741995e-02	3.185869531980432598e-11	3.389877763134507803e-10	7.050577063333105554e-36	2.332617090448753370e-18	1.743854116020141211e-14	3.204688993269074565e-24
6.937665984187150343e+02	5.374378086704436935e-09	4.367741103494034161e-02	3.131499832417865281e-02	3.130153426263384414e-02	3.130102567108090927e-02	3.186434575751386468e-07	7.529380458677330523e-01	3.439272308344421393e-05	2.541283474382684514e-07	7.127058007385578449e-06	6.174267595448036661e-02	3.007423289013410378e-11	3.509557932558999970e-10	8.078177351792156657e-36	1.729115844558181475e-18	1.632954834322942375e-14	3.433705435462688925e-24
7.247044870130758909e+02	5.493708481090712391e-09	4.273309857644975313e-02	3.063481895288696494e-02	3.062164734206635278e-02	3.062114979755247920e-02	2.793276110711176439e-07	7.529380417020853367e-01	3.286107854162900022e-05	2.365043492598908114e-07	7.095286112147182226e-06	6.174348967852718445e-02	2.852344936387014636e-11	3.613746958635904578e-10	9.517494965273792970e-36	1.277010732122418140e-18	1.535902594346322772e-14	3.664887954110091085e-24
7.570220225273931192e+02	5.615638320351987498e-09	4.180872537449911025e-02	2.996963154909474542e-02	2.995674594272482519e-02	2.995625920174811371e-02	2.466966096636539536e-07	7.529380373496745715e-01	3.151325056134119421e-05	2.210707347207440102e-07	7.070880197608594427e-06	6.174420270459258370e-02	2.716887538713880057e-11	3.704011659630688635e-10	1.151067281764217164e-35	9.395486563701979345e-19	1.450470415181837334e-14	3.899971883604252464e-24
7.907807290575304933e+02	5.740248888642048733e-09	4.090398027006400539e-02	2.931903178160199033e-02	2.930642590730492963e-02	2.930594973293225089e-02	2.193431131118566502e-07	7.529380322086802746e-01	3.032115856053821737e-05	2.074719069025640796e-07	7.052939065472843854e-06	6.174483051765870811e-02	2.598082594593814955e-11	3.781767158232768662e-10	1.427128293527749476e-35	6.883549244808297839e-19	1.374922055438821046e-14	4.140702810420751471e-24
8.260448743102882645e+02	5.867599338502769012e-09	4.001853527891995055e-02	2.868273123442538139e-02	2.867039894384183080e-02	2.866993310382470739e-02	1.961961198574317592e-07	7.529380259496091243e-01	2.926167301883353790e-05	1.954175398298254517e-07	7.040644565147649452e-06	6.174538586377632116e-02	2.493533784872493847e-11	3.848341137402438203e-10	1.811698887031349756e-35	5.009563050095107308e-19	1.307717261185881719e-14	4.388907266941787355e-24
8.628815919522211288e+02	5.997730797919918252e-09	3.915205243759754122e-02	2.806038618226615669e-02	2.804832147485573218e-02	2.804786574252941464e-02	1.764431627364960401e-07	7.529380184210255900e-01	2.831607582143738335e-05	1.846755737551924123e-07	7.033275670943084056e-06	6.174587905761579065e-02	2.401278730024495488e-11	3.904940496749807934e-10	2.352647775644679250e-35	3.630969827632400947e-19	1.247836091000224601e-14	4.646550458784046159e-24
9.013610094145051335e+02	6.130717476113428244e-09	3.830418926322248785e-02	2.745168339307761315e-02	2.743988040300184700e-02	2.743943455678987675e-02	1.594572737952910735e-07	7.529380095864176559e-01	2.746899358375285563e-05	1.750576576692300691e-07	7.030194317554144702e-06	6.174631857138727226e-02	2.319698656842062574e-11	3.952667061600550225e-10	3.122745889632169309e-35	2.616600327224173390e-19	1.194239933755816733e-14	4.915637499550680814e-24
9.415563813971385798e+02	6.266630280944629409e-09	3.747459701811289151e-02	2.685632479255114016e-02	2.684477778214817978e-02	2.684434160531581209e-02	1.447407631593874861e-07	7.529379994815060817e-01	2.670731214444778151e-05	1.664043776732379364e-07	7.030828340814998565e-06	6.174671162619128212e-02	2.247441259903274358e-11	3.992546587692793962e-10	4.232824075905506114e-35	1.874408912298196708e-19	1.146040645922115628e-14	5.198323220795833718e-24
9.835442293266423803e+02	6.405523957124235343e-09	3.666292356548848247e-02	2.627399596212795160e-02	2.626269932895195294e-02	2.626227260987215595e-02	1.319127779606662650e-07	7.529379881803862640e-01	2.602060345062814944e-05	1.585908164143356305e-07	7.034692188958437048e-06	6.174706397045852391e-02	2.183397886718884380e-11	4.025473019487696821e-10	5.857277102297023403e-35	1.341358221726515654e-19	1.102606381694347011e-14	5.496958974866867030e-24
1.027404487032749330e+03	6.547457231814692317e-09	3.586881480197054439e-02	2.570441747014391015e-02	2.569336573190278417e-02	2.569294826348720445e-02	1.206597737755944468e-07	7.529379757826490938e-01	2.539963674142620587e-05	1.515072879900052963e-07	7.041347510295581892e-06	6.174738068395517476e-02	2.126611671239001081e-11	4.052290566602233862e-10	8.269150819278541450e-35	9.567184873991175256e-20	1.063164861433698465e-14	5.814071670272134435e-24
1.073220652921410647e+03	6.692514634940179281e-09	3.509191699151625182e-02	2.514729279921411320e-02	2.513648060113182064e-02	2.513607218110893576e-02	1.107316201321617962e-07	7.529379623994741921e-01	2.483666362664023380e-05	1.450627209391118840e-07	7.050412536047189927e-06	6.174766603012573490e-02	2.076281466666228916e-11	4.073754638856541824e-10	1.190389389302573650e-34	6.829587515088503951e-20	1.027210962180574882e-14	6.152395248716951066e-24
1.121079948933828746e+03	6.840765219793026125e-09	3.433187770293562313e-02	2.460234731723515839e-02	2.459176942262923313e-02	2.459136985318841409e-02	1.019278243761793174e-07	7.529379481485652947e-01	2.432520529378831163e-05	1.391820936131689522e-07	7.061552284613152320e-06	6.174792357647027052e-02	2.031723584683762349e-11	4.090539743518247610e-10	1.746919447287532490e-34	4.899257139037079118e-20	9.943132180867552063e-15	6.514959328522365648e-24
1.171073486594103088e+03	6.992251014179911836e-09	3.358834647329916878e-02	2.406930916037106072e-02	2.405896044946195453e-02	2.405856953720847749e-02	9.408184550261769283e-08	7.529379331486092397e-01	2.385954489940199711e-05	1.337994055561865883e-07	7.074467358866998523e-06	6.174815646732485092e-02	1.992358046337045500e-11	4.103260168471543302e-10	2.612053501991959366e-34	3.533931269515252463e-20	9.640259959342499612e-15	6.905152329907338258e-24
1.223296440461639122e+03	7.147073054103994934e-09	3.286097534334277148e-02	2.354790871230105082e-02	2.353778418125165514e-02	2.353740173717040057e-02	8.705681153340303651e-08	7.529379175188294360e-01	2.343476147593406874e-05	1.288586238940007769e-07	7.088890025077476975e-06	6.174836741032293380e-02	1.957680169508563973e-11	4.112465818060090400e-10	3.976343492551295948e-34	2.582873603130998690e-20	9.361458275023767575e-15	7.326633903468728469e-24
1.277848229318499989e+03	7.305305584287583205e-09	3.214942064998406457e-02	2.303788936792357939e-02	2.302798412323390012e-02	2.302760996247765410e-02	8.074027954556551713e-08	7.529379013776722473e-01	2.304663956310683983e-05	1.243121832181490314e-07	7.104579286214739110e-06	6.174855872803772933e-02	1.927257495503851238e-11	4.118644457614248336e-10	6.156326730515795871e-34	1.916025822562606890e-20	9.104280548351901935e-15	7.783534841020605174e-24
1.334832705436643437e+03	7.467003601827722846e-09	3.145334379492462085e-02	2.253899506502215350e-02	2.252930432330363386e-02	2.252893826518454629e-02	7.503698130185408350e-08	7.529378848384264966e-01	2.269140473738245724e-05	1.201176391282090292e-07	7.121318099117945544e-06	6.174873249772178108e-02	1.900714523217204357e-11	4.122233713238785493e-10	9.668294183597931708e-34	1.446856470508073967e-20	8.866516841574935686e-15	8.280545123960724127e-24
1.394358352285360525e+03	7.632252935868529645e-09	3.077241063492017897e-02	2.205097965918153061e-02	2.204149874288484356e-02	2.204114061071304337e-02	6.986830981073251311e-08	7.529378680109175548e-01	2.236584417901732572e-05	1.162395490134383555e-07	7.138910651602185525e-06	6.174889049135973834e-02	1.877719031902838411e-11	4.123619235413749413e-10	1.532264621407579145e-33	1.118782368661840560e-20	8.647232745243595708e-15	8.822869085810435445e-24
1.456538491055291843e+03	7.801144681723301736e-09	3.010629254070503955e-02	2.157360032862503871e-02	2.156432466461508449e-02	2.156397428564485116e-02	6.516707466388788796e-08	7.529378509977742162e-01	2.206706754958255955e-05	1.126461484073904180e-07	7.157180806586891231e-06	6.174903430113207192e-02	1.857977537472395672e-11	4.123144968089728743e-10	2.422152065166238205e-33	8.839911094141184912e-21	8.444367573304053217e-15	9.416358841420944972e-24
1.521491496392210820e+03	7.973747824367341066e-09	2.945466714076575357e-02	2.110662085360406545e-02	2.109754597031977125e-02	2.109720317564224221e-02	6.087609347419746100e-08	7.529378338939136661e-01	2.179250911319143840e-05	1.093094407785197452e-07	7.175970994415952483e-06	6.174916533959930176e-02	1.841231129600722894e-11	4.121114415443976342e-10	3.728028297234492634e-33	7.145233768928342951e-21	8.256682244953502450e-15	1.006772582688236200e-23
1.589341021751227572e+03	8.150132372264701269e-09	2.881721835438399992e-02	2.064981162416152163e-02	2.064093314876893834e-02	2.064059777320458033e-02	5.694752188255021429e-08	7.529378167892135654e-01	2.153996161678394097e-05	1.062058747821748382e-07	7.195138440986200929e-06	6.174928482458111323e-02	1.827246010056825080e-11	4.117794404185309900e-10	5.349823536046912262e-33	5.900686048663199318e-21	8.083157943203977263e-15	1.078465650692741894e-23
1.660216234800487882e+03	8.330406111349301381e-09	2.819363523449515754e-02	2.020294596068518758e-02	2.019425961782480780e-02	2.019393149987611796e-02	5.333942995140207704e-08	7.529377997633237563e-01	2.130738958013932529e-05	1.033135959149320293e-07	7.214557234345413269e-06	6.174939387517477257e-02	1.815816347677924836e-11	4.113420623454116627e-10	6.750092918228386873e-33	4.959378930879337038e-21	7.922000271362211811e-15	1.157572836350149572e-23
1.734252063322469667e+03	8.514654983017846056e-09	2.758361327025295184e-02	1.976580416974594787e-02	1.975730577851960920e-02	1.975698476025724432e-02	5.001621233163614706e-08	7.529377828894699975e-01	2.109301091322933797e-05	1.006137924265320069e-07	7.234114484921979624e-06	6.174949347176344333e-02	1.806754611081975896e-11	4.108198999744800855e-10	7.189057871516533766e-33	4.234192589307849349e-21	7.772360884951361777e-15	1.245089831332869403e-23
1.811589452081028185e+03	8.702930176304757379e-09	2.698685537004797894e-02	1.933817124004971744e-02	1.932985671201361763e-02	1.932954263900062489e-02	4.694754522820106055e-08	7.529377662352725320e-01	2.089526052493065800e-05	9.809019054730069185e-08	7.253708191708783052e-06	6.174958447624605273e-02	1.799889397549059376e-11	4.102309624056539876e-10	6.544971844809844518e-33	3.658482439198125723e-21	7.633226427603227026e-15	1.342180215127488607e-23
1.892375631143190958e+03	8.895358404245552146e-09	2.640306972168380770e-02	1.891983703506053965e-02	1.891170237212521504e-02	1.891139509333769272e-02	4.410579711679423923e-08	7.529377498564179261e-01	2.071263423960088593e-05	9.572702956258074824e-08	7.273252181891531360e-06	6.174966771012230932e-02	1.795058717902799854e-11	4.095909359839792193e-10	5.367303601066252227e-33	3.189759676818701444e-21	7.503411305233594280e-15	1.450135157286497933e-23
1.976764396166515780e+03	9.092031768291415751e-09	2.583197139871364068e-02	1.851059651640540177e-02	1.850263780864363702e-02	1.850233717638793962e-02	4.146868134884024229e-08	7.529377338077762882e-01	2.054390165953563920e-05	9.351178704970442814e-08	7.292665314073762841e-06	6.174974385067184823e-02	1.792119226184175567e-11	4.089133288163118164e-10	4.167127942832985827e-33	2.800967288942142552e-21	7.382383463654716087e-15	1.570492250803300750e-23
2.064916401185627365e+03	9.293015023358931046e-09	2.527328200796662844e-02	1.811024942657305653e-02	1.810246285016575002e-02	1.810216872000085242e-02	3.901548451659334190e-08	7.529377181333499758e-01	2.038786427709076210e-05	9.143221019961566401e-08	7.311880063776761852e-06	6.174981355114130682e-02	1.790929522144757482e-11	4.082098163987951232e-10	3.157395718917297075e-33	2.471498905305690450e-21	7.269257249276936223e-15	1.705007812563670211e-23
2.156999464455261204e+03	9.498421734653542781e-09	2.472672843911090032e-02	1.771859971052466842e-02	1.771098152594993008e-02	1.771069375661909334e-02	3.672868958387128618e-08	7.529377028731966126e-01	2.024348097134685568e-05	8.947787487964281091e-08	7.330835647724194961e-06	6.174987737984648228e-02	1.791359688883322789e-11	4.074903683766085206e-10	2.369571768443423089e-33	2.188515236173274513e-21	7.163287171523919332e-15	1.855734199804798576e-23
2.253188887932141824e+03	9.708361774301130725e-09	2.419204396228627832e-02	1.733545580456933091e-02	1.732800235467558264e-02	1.732772080803349907e-02	3.459251432550901245e-08	7.529376880603072530e-01	2.010978441256436951e-05	8.763928064381415719e-08	7.349480659079955608e-06	6.174993586181780347e-02	1.793281015512519319e-11	4.067634647286256961e-10	1.772563923039491214e-33	1.942721669464462660e-21	7.063930877396854688e-15	2.025043195964915592e-23
2.353667791003840648e+03	9.922915609372305554e-09	2.366896815490998618e-02	1.696063092325479985e-02	1.695333863120168996e-02	1.695306317213675015e-02	3.259383550128274478e-08	7.529376737256040508e-01	1.998594681260686557e-05	8.590847260722952463e-08	7.367767546625452314e-06	6.174998944811858903e-02	1.796576358622178586e-11	4.060363272206925438e-10	1.325259780545929639e-33	1.727353520124281466e-21	6.970515448494363061e-15	2.215752421611747490e-23
2.458627459099974658e+03	1.014218041286861955e-08	2.315724619865945286e-02	1.659394228368284846e-02	1.658680765122281034e-02	1.658653814759216555e-02	3.072005015979279447e-08	7.529376598899935047e-01	1.987114643325140232e-05	8.427751024724090158e-08	7.385660596153795844e-06	6.175003858027491160e-02	1.801126467431240451e-11	4.053148888958157670e-10	9.910572530709281462e-34	1.537545868835635374e-21	6.882535876845538476e-15	2.431113294325008773e-23
2.568267707849400722e+03	1.036628550290126486e-08	2.265662872736045816e-02	1.623521110051328112e-02	1.622823070627146119e-02	1.622796702883606487e-02	2.896076483497013063e-08	7.529376465738005786e-01	1.976468288854265549e-05	8.273984026395359852e-08	7.403125855571298084e-06	6.175008363636890624e-02	1.806819197260875283e-11	4.046041985069130659e-10	7.415817747327403792e-34	1.369520089208349237e-21	6.799531195280411704e-15	2.674953918735703302e-23
2.682797263476666558e+03	1.059532916696694322e-08	2.216687224225759312e-02	1.588426278949182924e-02	1.587743328715924412e-02	1.587717530951556627e-02	2.730639388515050787e-08	7.529376337904546412e-01	1.966589279821609967e-05	8.128921506230077532e-08	7.420137655744598096e-06	6.175012497106232429e-02	1.813545343302328984e-11	4.039082908329433595e-10	5.551977832303241774e-34	1.220306025910501667e-21	6.720979033243826791e-15	2.951810713940152211e-23
2.802434160161916679e+03	1.082939115335573311e-08	2.168773896755179370e-02	1.554092691880353677e-02	1.553424503535246089e-02	1.553399263386512005e-02	2.574877463872846270e-08	7.529376215518726045e-01	1.957419900113543444e-05	7.992033962904719434e-08	7.436672622590470362e-06	6.175016289349488652e-02	1.821201151066598238e-11	4.032305095105958087e-10	4.158933854520610195e-34	1.087541457955396092e-21	6.646558609419527673e-15	3.267020856671270565e-23
2.927406155120648691e+03	1.106862157330167688e-08	2.121899596844607425e-02	1.520503653932213546e-02	1.519849907350712820e-02	1.519825212725224757e-02	2.428013842192302004e-08	7.529376098630514713e-01	1.948903891975415443e-05	7.862792979914081924e-08	7.452715364317540858e-06	6.175019770115259404e-02	1.829684990374682270e-11	4.025733839622193794e-10	3.116286305915398296e-34	9.692040543099828436e-22	6.575830987462217136e-15	3.626898250591010343e-23
3.057951162193628988e+03	1.131313535166293024e-08	2.076041575020746641e-02	1.487642861118687251e-02	1.487003243186515652e-02	1.486979082256691814e-02	2.289421243681275129e-08	7.529375987294310013e-01	1.940993862538325880e-05	7.740758021733062751e-08	7.468250281813261415e-06	6.175022964620940913e-02	1.838902766655189689e-11	4.019390117448470235e-10	2.335899364383664189e-34	8.636571949660063840e-22	6.508582049251261518e-15	4.039032300751079764e-23
3.194317704772324760e+03	1.156299928242200715e-08	2.031177623920247047e-02	1.455494398652114676e-02	1.454868603097778622e-02	1.454844964294516561e-02	2.158490465034751307e-08	7.529375881507424095e-01	1.933643224063509865e-05	7.625491751785362356e-08	7.483268437061562945e-06	6.175025897317684004e-02	1.848756276164498970e-11	4.013288849908182899e-10	1.751321560446890401e-34	7.694360012658495952e-22	6.444863645403457883e-15	4.512383954418623780e-23
3.336765388922139209e+03	1.181837971072074277e-08	1.987285986712190519e-02	1.424042675250731908e-02	1.423430402506480237e-02	1.423407274513904287e-02	2.034661682791664134e-08	7.529375781209186602e-01	1.926807788313852264e-05	7.516542304759319072e-08	7.497767507292715528e-06	6.175028591104347181e-02	1.859158292776841428e-11	4.007438713198953216e-10	1.312819494521915911e-34	6.852544031143427483e-22	6.384516864383564002e-15	5.057536762831239585e-23
3.485565397604147165e+03	1.207940136134663488e-08	1.944345410411998931e-02	1.393272460962333495e-02	1.392673418008798757e-02	1.392650789758393889e-02	1.917455474076990264e-08	7.529375686342686391e-01	1.920449099634484707e-05	7.413527652647509232e-08	7.511744925561049876e-06	6.175031065949973530e-02	1.870022431855961389e-11	4.001846105109261159e-10	9.838006652871476061e-35	6.100207196110340193e-22	6.327586421199851708e-15	5.687301550010452347e-23
3.641001006936188787e+03	1.234614805794793866e-08	1.902335133806310266e-02	1.363168878690555405e-02	1.362582778904902932e-02	1.362560639569775425e-02	1.806481841872668911e-08	7.529375596863407960e-01	1.914534630547386077e-05	7.316126512549152860e-08	7.525196475785914005e-06	6.175033338884314965e-02	1.881267578545294100e-11	3.996516030005369296e-10	7.371942260834213519e-35	5.428105941992751203e-22	6.274061893347830711e-15	6.417362206910474784e-23
3.803368125476193200e+03	1.261877237961086374e-08	1.861234843327993008e-02	1.333717371513055625e-02	1.333143934531523002e-02	1.333122273521209801e-02	1.701408039811389768e-08	7.529375512724243436e-01	1.909035470785681144e-05	7.224057590079300180e-08	7.538117912642721454e-06	6.175035425092911812e-02	1.892814338926426568e-11	3.991451825252671176e-10	5.526091698876458267e-35	4.828162665941640047e-22	6.223957049928571018e-15	7.267055659344160453e-23
3.972975857554277354e+03	1.289741990038038343e-08	1.821024675935372511e-02	1.304903705546433049e-02	1.304342657125281274e-02	1.304321464080496901e-02	1.601768456105398123e-08	7.529375433714865506e-01	1.903914821530474006e-05	7.136917868823288371e-08	7.550524980479299042e-06	6.175037342739070345e-02	1.904589515599080256e-11	3.986646590359026670e-10	4.139874229747886633e-35	4.291787575571933059e-22	6.177292909436183075e-15	8.258199333761272233e-23
4.150147091726198596e+03	1.318219289154876893e-08	1.781685222314245004e-02	1.276713972771479667e-02	1.276165044646898096e-02	1.276144309434243569e-02	1.507239561792319858e-08	7.529375359700906101e-01	1.899145219686539663e-05	7.054417910545573468e-08	7.562424202943455075e-06	6.175039105699148961e-02	1.916525255358776465e-11	3.982096392629012298e-10	3.098556786857226946e-35	3.812239168214775367e-22	6.133973391084586655e-15	9.418047792575320042e-23
4.335219115468314158e+03	1.347322874846877477e-08	1.743197504184194196e-02	1.249134573836977943e-02	1.248597503592351575e-02	1.248577216299299845e-02	1.417533502060477504e-08	7.529375290539714882e-01	1.894701840888101749e-05	6.976288467880008423e-08	7.573822881628158478e-06	6.175040726468421226e-02	1.928560902350056035e-11	3.977796021342110995e-10	2.316886577147352148e-35	3.383669445861967998e-22	6.093969965824172593e-15	1.078017592644004523e-22
4.528544257284313971e+03	1.377069557649181181e-08	1.705542954471390635e-02	1.222152203893646545e-02	1.221626734832952262e-02	1.221606885763066273e-02	1.332775510516867278e-08	7.529375226436845203e-01	1.890583807898194133e-05	6.902640959533716009e-08	7.584683337141299920e-06	6.175042207682627377e-02	1.940606487361544970e-11	3.973759175772438195e-10	1.739091605126018624e-35	3.003559831243486723e-22	6.057675528803841011e-15	1.239542849723626150e-22
4.730490557446110870e+03	1.407471572857902962e-08	1.668703426755318436e-02	1.195753859651141685e-02	1.195239740669289466e-02	1.195220320337323817e-02	1.251877119141548088e-08	7.529375166459859603e-01	1.886720902542310014e-05	6.832504142809745399e-08	7.595115296326531130e-06	6.175043579553864820e-02	1.952660763279887690e-11	3.969935202450346854e-10	1.296789406564722658e-35	2.660997332739796235e-22	6.024397083225983926e-15	1.429395887462060105e-22
4.941442468645801455e+03	1.438540973563670865e-08	1.632661174553234548e-02	1.169926824422298263e-02	1.169423809881808482e-02	1.169404809009051173e-02	1.175074973582122857e-08	7.529375110867626564e-01	1.883121143231774596e-05	6.766101833590649133e-08	7.605074857487294662e-06	6.175044840491229758e-02	1.964647821014641134e-11	3.966339868562444484e-10	9.661113872213123305e-36	2.355318547750989352e-22	5.994101792952585464e-15	1.654602476398186963e-22
5.161801587892616226e+03	1.470297008680372111e-08	1.597398838853094846e-02	1.144658659122073027e-02	1.144166508733853935e-02	1.144147918243623545e-02	1.102336121211927942e-08	7.529375059656330249e-01	1.879776150459294419e-05	6.703441680225248934e-08	7.614549878054813609e-06	6.175045995607301996e-02	1.976499221430355650e-11	3.962974350323731253e-10	7.207365063847853504e-36	2.083760878613995467e-22	5.966527711076459043e-15	1.923958231631831496e-22
5.391987421048040233e+03	1.502754091597605868e-08	1.562899454280189740e-02	1.119937206760403779e-02	1.119455685462339943e-02	1.119437496475398156e-02	1.033213831219545023e-08	7.529375012416592572e-01	1.876655226919028552e-05	6.644154787104826840e-08	7.623583574574266393e-06	6.175047058421719026e-02	1.988196041490987325e-11	3.959816600265046383e-10	5.366301778112574741e-36	1.841322972489134424e-22	5.941103949393625816e-15	2.245929298908517529e-22
5.632438181454782352e+03	1.535922384115882376e-08	1.529146437819422014e-02	1.095750584340362058e-02	1.095279462179551792e-02	1.095261666009657645e-02	9.676365026104475770e-09	7.529374969063369338e-01	1.873748406476545135e-05	6.588216760342168331e-08	7.632175330367255316e-06	6.175048034212747561e-02	1.999687259609606908e-11	3.956862913472748395e-10	3.993998945661050590e-36	1.625578159121386819e-22	5.917565991859366812e-15	2.633140187348688418e-22
5.883611624179827231e+03	1.569823779828863847e-08	1.496123552428364409e-02	1.072087156773755649e-02	1.071626208799927003e-02	1.071608796949806604e-02	9.053794886692232620e-09	7.529374929350154400e-01	1.871037539309865100e-05	6.535444818580542653e-08	7.640346965002916695e-06	6.175048931228627191e-02	2.010946516222524353e-11	3.954100281517521492e-10	2.968088589722814180e-36	1.433426759292145990e-22	5.895656908839075020e-15	3.100080070704993461e-22
6.145985917459800476e+03	1.604474566580088502e-08	1.463814926771630533e-02	1.048935551033681676e-02	1.048484557186469754e-02	1.048467521343561699e-02	8.462811518440968247e-09	7.529374893063593976e-01	1.868507749151169327e-05	6.485668160621229921e-08	7.648116114609162692e-06	6.175049756286909303e-02	2.021952430460541118e-11	3.951517445784125046e-10	2.201184946064027838e-36	1.262317658013227978e-22	5.875383747597807853e-15	3.664791623259578116e-22
6.420060553007650924e+03	1.639884318144309610e-08	1.432205050546612492e-02	1.026284652799911573e-02	1.025843397797663280e-02	1.025826729829918023e-02	7.902242159708680540e-09	7.529374860020837668e-01	1.866146652674816460e-05	6.438738686251119396e-08	7.655496478617198971e-06	6.175050515149518165e-02	2.032682519050824645e-11	3.949104728299918351e-10	1.628860750419008290e-36	1.110122164968817806e-22	5.856929880691996200e-15	4.350092819372331868e-22
6.706357296913610298e+03	1.676076282559841513e-08	1.401278737065278675e-02	1.004123579646836427e-02	1.003691852885197668e-02	1.003675544837243257e-02	7.370843142519066145e-09	7.529374830032401489e-01	1.863942560406446844e-05	6.394489784043477709e-08	7.662502648064542409e-06	6.175051213196839500e-02	2.043123629045621665e-11	3.946852054426316359e-10	1.202326194890591219e-36	9.748685111640644089e-23	5.840430031119471840e-15	5.184315310818510953e-22
7.005421182950783077e+03	1.713068348970659063e-08	1.371021142266013945e-02	9.824416946672845027e-03	9.820192901147625428e-03	9.820033342039622901e-03	6.871727581051542376e-09	7.529374803247483872e-01	1.861904163870392462e-05	6.353118234486729399e-08	7.669093787196652666e-06	6.175051848547326999e-02	2.053200455425164489e-11	3.944769617777392142e-10	8.931000856557075856e-37	8.564235789517421691e-23	5.826296039641680398e-15	6.218691100709173784e-22
7.317821550176158780e+03	1.750872209551894812e-08	1.341417754298802716e-02	9.612285990075554454e-03	9.608153151063943825e-03	9.607997037191055856e-03	6.396821894093984636e-09	7.529374778928806800e-01	1.859989098375919352e-05	6.313873229139782404e-08	7.675374042422981034e-06	6.175052437181073606e-02	2.063011395487240429e-11	3.942814464466820565e-10	6.584130696930878551e-37	7.504307040124182648e-23	5.814194015322196021e-15	7.476279822059674606e-22
7.644153126802629231e+03	1.789509758840047649e-08	1.312454369471915440e-02	9.404741146342522617e-03	9.400697542027814518e-03	9.400544798906626878e-03	5.946665705434100556e-09	7.529374757049378530e-01	1.858196767253612248e-05	6.276791505372942339e-08	7.681334160027942641e-06	6.175052980116925438e-02	2.072528908040034022e-11	3.940986006775467232e-10	4.827561062992461056e-37	6.562036248889268684e-23	5.803974193552495809e-15	9.015984592925905900e-22
7.985037162405221352e+03	1.829001549549079394e-08	1.284117098072468099e-02	9.201682885038789741e-03	9.197726586397756560e-03	9.197577141161341480e-03	5.524076734879516437e-09	7.529374737744949364e-01	1.856536885448122233e-05	6.242152441900907566e-08	7.686934226590385672e-06	6.175053474871518983e-02	2.081685820565547059e-11	3.939293970814907687e-10	3.557926169052389106e-37	5.738196714371710742e-23	5.795251856856095944e-15	1.093120847077915400e-21
8.341122610617048849e+03	1.869361594857754151e-08	1.256392361650733244e-02	9.003013906168380598e-03	8.999143026012308005e-03	8.998996807373992740e-03	5.122953861746542032e-09	7.529374720481067929e-01	1.854979484242762921e-05	6.209481257300949794e-08	7.692252766453030487e-06	6.175053932385025923e-02	2.090566609820728745e-11	3.937707052669003849e-10	2.601669009619945120e-37	5.004357414445802261e-23	5.787274577316990018e-15	1.327132130868982845e-21
8.713087364566496035e+03	1.910610224030618056e-08	1.229266874421646935e-02	8.808639006901885365e-03	8.804851698974873464e-03	8.804708637194182466e-03	4.745536791966334568e-09	7.529374705324353156e-01	1.853531033167989356e-05	6.178985614444727457e-08	7.697261702769453377e-06	6.175054351150139481e-02	2.099124146817314287e-11	3.936231042955102887e-10	1.903999628482505767e-37	4.360239934647431405e-23	5.779996459367798877e-15	1.615403348088027044e-21
9.101639547407672580e+03	1.952770889923499632e-08	1.202727639214695721e-02	8.618465052554272199e-03	8.614759510644037083e-03	8.614619537493102552e-03	4.390929725033137444e-09	7.529374692093333543e-01	1.852183631871127568e-05	6.150551262018999161e-08	7.701976373790016476e-06	6.175054734528572647e-02	2.107369032502579268e-11	3.934856643204131480e-10	1.393703066981033382e-37	3.795372125932519895e-23	5.773731143721158493e-15	1.968422082182952190e-21
9.507518860400743506e+03	1.995860153285435060e-08	1.176761947751774236e-02	8.432400978575966405e-03	8.428775435623774362e-03	8.428638484353713836e-03	4.055056737086285047e-09	7.529374680431857314e-01	1.850917493459533508e-05	6.123784620307227728e-08	7.706452427210757196e-06	6.175055089527913682e-02	2.115371853259236087e-11	3.933562593559897052e-10	1.010422255483656042e-37	3.293208390694272782e-23	5.768720581027547618e-15	2.389291445261097002e-21
9.931497991108813949e+03	2.039896541923717548e-08	1.151357369902629088e-02	8.250357713559865538e-03	8.246810440803567510e-03	8.246676446112113923e-03	3.741093441131458560e-09	7.529374670437780637e-01	1.849742850791427751e-05	6.098915726120442515e-08	7.710650611209832317e-06	6.175055413478997002e-02	2.123076431889031311e-11	3.932357477811906480e-10	7.344562761103931262e-38	2.856086769690684585e-23	5.765365798938426735e-15	2.887822973595038081e-21
1.037438408439202794e+04	2.084906668482156667e-08	1.126501743142081617e-02	8.072248103694258659e-03	8.068777409843826479e-03	8.068646307844189874e-03	3.446730626847427186e-09	7.529374661880261499e-01	1.848648163344992159e-05	6.075732865924288877e-08	7.714601947305762988e-06	6.175055710619251764e-02	2.130524737298400173e-11	3.931228018294363244e-10	5.328928563145660920e-38	2.473348058762458585e-23	5.763543386672170504e-15	3.454393065041690648e-21
1.083702027899924906e+04	2.130909884367148764e-08	1.102183174095734512e-02	7.897986923839007967e-03	7.894591154247287967e-03	7.894462882436817722e-03	3.171013123385893060e-09	7.529374654621608931e-01	1.847627831957865760e-05	6.054154846304657675e-08	7.718319455721535936e-06	6.175055983200843784e-02	2.137736634684884711e-11	3.930166847901850394e-10	3.857979582713592017e-38	2.138576877657698831e-23	5.763035037975187297e-15	4.061575904863654789e-21
1.132028731268275260e+04	2.177922651891471265e-08	1.078390029690222754e-02	7.727490814110317408e-03	7.724168349971049542e-03	7.724042847200953896e-03	2.913118904006896417e-09	7.529374648536842907e-01	1.846676993249328884e-05	6.034114396838469746e-08	7.721814543986411629e-06	6.175056233183438131e-02	2.144731566099443300e-11	3.929167309158163090e-10	2.786976974469720473e-38	1.846228427376197122e-23	5.763595588353627591e-15	4.654696544201836344e-21
1.182510519889140232e+04	2.225975029421528142e-08	1.055110926990683075e-02	7.560678207058396834e-03	7.557427464635562038e-03	7.557304671081792498e-03	2.672294389835500655e-09	7.529374643507991127e-01	1.845791157174383942e-05	6.015541129901151793e-08	7.725098121835434752e-06	6.175056462360461323e-02	2.151529590106523321e-11	3.928223117029699212e-10	2.009052638525741422e-38	1.591373717514279990e-23	5.765034605401673460e-15	5.150768914665028343e-21
1.235243497823471080e+04	2.275089428458397134e-08	1.032334734490087183e-02	7.397469336906545463e-03	7.394288766759723151e-03	7.394168623893712308e-03	2.447690610867639961e-09	7.529374639419368354e-01	1.844965808379129673e-05	5.998352942587311953e-08	7.728181938713367220e-06	6.175056672480458420e-02	2.158153460769292698e-11	3.927327985924308616e-10	1.444692988218250630e-38	1.369468703475236494e-23	5.767207811208181192e-15	5.455791486269187900e-21
1.290328054805135253e+04	2.325279942897820026e-08	1.010050565332796732e-02	7.237786190992715959e-03	7.234674277223326726e-03	7.234556727783517972e-03	2.238603172930346423e-09	7.529374636167815993e-01	1.844197189776864324e-05	5.982476528794124289e-08	7.731075736466615678e-06	6.175056865021880115e-02	2.164624270895417198e-11	3.926476373658115612e-10	1.036562603180327684e-38	1.176652129039250439e-23	5.770002555414819170e-15	5.502335206851801792e-21
1.347869057356610574e+04	2.376580392706936102e-08	9.882477633501692699e-03	7.081552409703939684e-03	7.078507669244510879e-03	7.078392657209508360e-03	2.044285902204519997e-09	7.529374633654962734e-01	1.843481586335127021e-05	5.967837042323319959e-08	7.733789585298553901e-06	6.175057041407763098e-02	2.170964683037783143e-11	3.925662826091564119e-10	7.420459887911975561e-39	1.009385522117869453e-23	5.773309421889533319e-15	5.280185614415680057e-21
1.407976048427283422e+04	2.429015419525962045e-08	9.669159097488267546e-03	6.928693334402888718e-03	6.925714316285713247e-03	6.925601786846658989e-03	1.863985159319691343e-09	7.529374631790896055e-01	1.842815593538160861e-05	5.954367423713025741e-08	7.736332891348010192e-06	6.175057202928864453e-02	2.177197650338657748e-11	3.924882220146706438e-10	5.299772357149235922e-39	8.645190807292791839e-24	5.777016161428609002e-15	4.842552327129388975e-21
1.470763455934442754e+04	2.482599789213232231e-08	9.460448141604278424e-03	6.779135943292642283e-03	6.776221227946014301e-03	6.776111127480002709e-03	1.696962287420393591e-09	7.529374630491968423e-01	1.842195884894471002e-05	5.942002551441242298e-08	7.738715144402273736e-06	6.175057350813149826e-02	2.183346900409114129e-11	3.924129591335958735e-10	3.776622209457478686e-39	7.392722434623174274e-24	5.781011600526466191e-15	4.281698911569350871e-21
1.536350810603965874e+04	2.537368044361435855e-08	9.256245024319480208e-03	6.632808763924685248e-03	6.629956962506750734e-03	6.629849238551664692e-03	1.542527459209083507e-09	7.529374629682834552e-01	1.841619506155901183e-05	5.930684975812581920e-08	7.740944843576652416e-06	6.175057486149079788e-02	2.189435551521749819e-11	3.923400362731080068e-10	2.685159086788660843e-39	6.311782645137778280e-24	5.785194190416369142e-15	3.679413861253462133e-21
1.604862973525413145e+04	2.593347620109012572e-08	9.056452200962118032e-03	6.489641898067934241e-03	6.486851651789847864e-03	6.486746253018794116e-03	1.399935158497172033e-09	7.529374629292961973e-01	1.841083460705889743e-05	5.920352743336032994e-08	7.743031007531820387e-06	6.175057610000007913e-02	2.195487776296033264e-11	3.922690024535997516e-10	1.904294176335019148e-39	5.380071100802512896e-24	5.789493558285923858e-15	3.097702816534614432e-21
1.676430373854734717e+04	2.650556248801721059e-08	8.860974284069435269e-03	6.349566993296833738e-03	6.346836972758136859e-03	6.346733848954339355e-03	1.268590193795129754e-09	7.529374629260404683e-01	1.840585339896244963e-05	5.910952159506011471e-08	7.744980808739407470e-06	6.175057723242385888e-02	2.201525590827863692e-11	3.921994620451805661e-10	1.347708088156390545e-39	4.578967596514986961e-24	5.793872914312364821e-15	2.571791805304756834e-21
1.751189257117110537e+04	2.709026895163263806e-08	8.669717915431527852e-03	6.212517151300975954e-03	6.209846055864396211e-03	6.209745157897577847e-03	1.147809710555433108e-09	7.529374629526822682e-01	1.840122610305674404e-05	5.902422734483094687e-08	7.746802174201851911e-06	6.175057826756702450e-02	2.207572230328756682e-11	3.921310182570652198e-10	9.517816121639958616e-40	3.891253522254899804e-24	5.798317757041873690e-15	2.113280236361741914e-21
1.829281944582632059e+04	2.768790789186857463e-08	8.482591767274413538e-03	6.078426928732864540e-03	6.075813485898743337e-03	6.075714765701498155e-03	1.036902496913991150e-09	7.529374630039060712e-01	1.839692741176738179e-05	5.894701029865900127e-08	7.748503287484446279e-06	6.175057921392349686e-02	2.213651249714667641e-11	3.920632857163934608e-10	6.514840966201615695e-40	3.301480443570982527e-24	5.802824667385181531e-15	1.724571062863204517e-21
1.910857104208602323e+04	2.829868951597471657e-08	8.299506505060208830e-03	5.947232310551383433e-03	5.944675275343574289e-03	5.944578685888170753e-03	9.353129110183073999e-10	7.529374630751362041e-01	1.839293786715081585e-05	5.887735265015083720e-08	7.750090333848618705e-06	6.175058007825466599e-02	2.219783929236131809e-11	3.919959292100254607e-10	4.398243000536970006e-40	2.797059957430754436e-24	5.807382026663125214e-15	1.400642309359436204e-21
1.996070033664264338e+04	2.892292452660655994e-08	8.120374732943511087e-03	5.818870670937122992e-03	5.816368825305688953e-03	5.816274320581503801e-03	8.424082460559194492e-10	7.529374631621801317e-01	1.838923601244892643e-05	5.881469901291807391e-08	7.751570425118124892e-06	6.175058086757816145e-02	2.225992742275862344e-11	3.919286080430329680e-10	2.960179173948027907e-40	2.366202369721654120e-24	5.811956950535679582e-15	1.133183095335997909e-21
2.085082955976756421e+04	2.956096669963895563e-08	7.945110967736401450e-03	5.693280754636304182e-03	5.690832906868239192e-03	5.690740441859502667e-03	7.576046346350358356e-10	7.529374632614086460e-01	1.838580285973949672e-05	5.875855581997900347e-08	7.752949881352781515e-06	6.175058158807142372e-02	2.232299267080254621e-11	3.918610066574125487e-10	1.986507383563242549e-40	1.998806201464544487e-24	5.816501240710375085e-15	9.150317375215448385e-22
2.178065328361121283e+04	3.021306236857638195e-08	7.773631581426853308e-03	5.570402635770817408e-03	5.568007619918474010e-03	5.567917150582676021e-03	6.803499949124725155e-10	7.529374633696391816e-01	1.838262081713309132e-05	5.870846505933067228e-08	7.754234615385261194e-06	6.175058224537318535e-02	2.238724684505646347e-11	3.917928254900362906e-10	1.329390222199790141e-40	1.686115022053084650e-24	5.820960893610536357e-15	7.374460193777399444e-22
2.275194164822352832e+04	3.087949967590212134e-08	7.605854755581664510e-03	5.450177685164429159e-03	5.447834360487998316e-03	5.447745843734830631e-03	6.100674785820767586e-10	7.529374634841057290e-01	1.837967193646113429e-05	5.866396676025426050e-08	7.755430808038088798e-06	6.175058284500271888e-02	2.245290464229645932e-11	3.917237701044164667e-10	8.867465234471380600e-41	1.420263386744723921e-24	5.825285008548389193e-15	5.933142815765729135e-22
2.376654373143495832e+04	3.156067794726285895e-08	7.441700437441168235e-03	5.332548538881278465e-03	5.330255789304794156e-03	5.330169182975599135e-03	5.462756405687571008e-10	7.529374636024448453e-01	1.837694152357985942e-05	5.862466600079254815e-08	7.756543481701699721e-06	6.175058339154775727e-02	2.252016865324608834e-11	3.916535714483616828e-10	5.899560448501932566e-41	1.194740688851450712e-24	5.829431195078176437e-15	4.771208237487202428e-22
2.482639106901514606e+04	3.225688340755529713e-08	7.281090323492444248e-03	5.217459086454822280e-03	5.215215820027227153e-03	5.215131082874642499e-03	4.884707247535552813e-10	7.529374637226236011e-01	1.837441449394362747e-05	5.859015436298470004e-08	7.757577918888265456e-06	6.175058388952941318e-02	2.258924482557077961e-11	3.915819628950320039e-10	3.914248098424331361e-41	1.003710096756492160e-24	5.833375075971028845e-15	3.830626501717875311e-22
2.593350133180940611e+04	3.296837763036234837e-08	7.123947810000631937e-03	5.104854435439733565e-03	5.102659583811187602e-03	5.102576675479362708e-03	4.361620744205835153e-10	7.529374638429354727e-01	1.837207622507683465e-05	5.856002978965645966e-08	7.758539320798077656e-06	6.175058434320888218e-02	2.266033857179279937e-11	3.915086852063009231e-10	2.589028872836334544e-41	8.420644209102716509e-25	5.837105753850345551e-15	3.071534239043878452e-22
2.708998216685386069e+04	3.369560974779670843e-08	6.970197940670005456e-03	4.994680873907050497e-03	4.992533391821359599e-03	4.992452272826785990e-03	3.889359525734125536e-10	7.529374639619313969e-01	1.836991474675241852e-05	5.853394066247155596e-08	7.759431922619325242e-06	6.175058475612433401e-02	2.273364710756507775e-11	3.914334965349273247e-10	1.708421293580184797e-41	7.055969627340248505e-25	5.840618558762340445e-15	2.460540778643953110e-22
2.829803520978158122e+04	3.443890993696625583e-08	6.819767395244785702e-03	4.886885862275784295e-03	4.884784727066350356e-03	4.884705358778815287e-03	3.463524543135123925e-10	7.529374640784501915e-01	1.836791710455224191e-05	5.851151775287222163e-08	7.760260425326149150e-06	6.175058513190462284e-02	2.280937291911547170e-11	3.913561529101071054e-10	1.124076735907312413e-41	5.904882554775390111e-25	5.843917050318758425e-15	1.967408540805839940e-22
2.955996027615834828e+04	3.519850870554096226e-08	6.672584448803987531e-03	4.781418004144558781e-03	4.779362215242861402e-03	4.779284559866887189e-03	3.080319002692953755e-10	7.529374641915245192e-01	1.836607237834595851e-05	5.849243237701190710e-08	7.761028783882152428e-06	6.175058547362686362e-02	2.288771356419195842e-11	3.912764221162973880e-10	7.378661209928469902e-42	4.935835013873513134e-25	5.847005774957411270e-15	1.571334911769032077e-22
3.087815973972717256e+04	3.597490969217314644e-08	6.528578914251086454e-03	4.678227005081051978e-03	4.676215583542853854e-03	4.676139604099798126e-03	2.735926778231692483e-10	7.529374643004351775e-01	1.836436922527017932e-05	5.847635376902692070e-08	7.761741180751241604e-06	6.175058578434893669e-02	2.296886996267003008e-11	3.911940717228795992e-10	4.829559237328322566e-42	4.120727415922332959e-25	5.849890608105308330e-15	1.253165366984351262e-22
3.225514310589665547e+04	3.676848588330139044e-08	6.387682134698249511e-03	4.577263667164711315e-03	4.575295655198607231e-03	4.575221315508854261e-03	2.426983115214806241e-10	7.529374644045991882e-01	1.836279805824386345e-05	5.846298881438627413e-08	7.762401143913284492e-06	6.175058606666816718e-02	2.305304042519167682e-11	3.911088771894854151e-10	3.153245784923695921e-42	3.436344159066250630e-25	5.852575306824260755e-15	9.977173876371399218e-23
3.369353178917990590e+04	3.757944849076006258e-08	6.249826948060986480e-03	4.478479863616107934e-03	4.476554324122986039e-03	4.476481588788552672e-03	2.150267674560929990e-10	7.529374645036109870e-01	1.836134928245641493e-05	5.845205076506634546e-08	7.763012247994483702e-06	6.175058632309801676e-02	2.314042631882963338e-11	3.910206136003413957e-10	2.053609789557477452e-42	2.862417810140097177e-25	5.855064688082663386e-15	7.935081110211176194e-23
3.519606410367895296e+04	3.840834401209242700e-08	6.114947631187864913e-03	4.381828498761600535e-03	4.379944514891316414e-03	4.379873349279100707e-03	1.902882977098917416e-10	7.529374645971801394e-01	1.836001441868661589e-05	5.844327987841848477e-08	7.763577657097647054e-06	6.175058655584485939e-02	2.323122931639765906e-11	3.909290593517704661e-10	1.334554198846159941e-42	2.381936727907525407e-25	5.857363342080975207e-15	6.301370164245595504e-23
3.676560047611527989e+04	3.925557624385498344e-08	5.982979891844344283e-03	4.287263502289136857e-03	4.285420176999647432e-03	4.285350547224780517e-03	1.681934709572749161e-10	7.529374646851755282e-01	1.835878475649636095e-05	5.843642310792818421e-08	7.764100669537720773e-06	6.175058676708521099e-02	2.332565579483965777e-11	3.908339900858501019e-10	8.648831020826456848e-43	1.979917944174535061e-25	5.859478039513376031e-15	4.995509488297034374e-23
3.840512889133069984e+04	4.012139888050195222e-08	5.853860837986417029e-03	4.194739807230460707e-03	4.192936262856441013e-03	4.192868135765991967e-03	1.485022499380448935e-10	7.529374647674925702e-01	1.835765323683211309e-05	5.843126114653230860e-08	7.764583941333547424e-06	6.175058695860716207e-02	2.342391239825999152e-11	3.907351844641366234e-10	5.595201446097403937e-43	1.644284782963484715e-25	5.861414629177718882e-15	3.957850006426779390e-23
4.011777058062521974e+04	4.100633948194517914e-08	5.727528928417732410e-03	4.104213314603163618e-03	4.102448692439812812e-03	4.102382035597062528e-03	1.309691275804801289e-10	7.529374648441787832e-01	1.835661218408867151e-05	5.842757842359445687e-08	7.765030415788895239e-06	6.175058713225229506e-02	2.352621236336766958e-11	3.906324156819242631e-10	3.610627511264330304e-43	1.364187451441479509e-25	5.863182383825159231e-15	3.129798968999127467e-23
4.190678596376192581e+04	4.191085680653670998e-08	5.603923956494599040e-03	4.015640881734070314e-03	4.013914341625943183e-03	4.013849123294858587e-03	1.153934569263451762e-10	7.529374649152575927e-01	1.835565572696817982e-05	5.842519345096933492e-08	7.765442319927215732e-06	6.175058728946636322e-02	2.363277029314236238e-11	3.905254583201062789e-10	2.327619638515403440e-43	1.131015005003401759e-25	5.864789379086554000e-15	2.472771476765563384e-23
4.377558085594855947e+04	4.283525169041459326e-08	5.482987022099141024e-03	3.928980302175854103e-03	3.927291022114332356e-03	3.927227211244356357e-03	1.015387340514136163e-10	7.529374649809995601e-01	1.835477565800610076e-05	5.842391297280590430e-08	7.765822884540140038e-06	6.175058743206653794e-02	2.374381221454252708e-11	3.904140752733229690e-10	1.493851805249514367e-43	9.364170527796460159e-26	5.866249448204266538e-15	1.949698398996495611e-23
4.572771295161538001e+04	4.378002804968269893e-08	5.364660494074114348e-03	3.844190278788710800e-03	3.842537454521035862e-03	3.842475020732323988e-03	8.927513000741520313e-11	7.529374650414076831e-01	1.835396851195653881e-05	5.842360218131326518e-08	7.766173383535335809e-06	6.175058756096278578e-02	2.385956012817715170e-11	3.902980375165611190e-10	9.588297981919354237e-44	7.749821056700343938e-26	5.867568742981942578e-15	1.535737590962639194e-23
4.776689859733040794e+04	4.474570500134233982e-08	5.248887994329564689e-03	3.761230412351556501e-03	3.759613256994769406e-03	3.759552170563601643e-03	7.840894530764873147e-11	7.529374650967962657e-01	1.835322741619367686e-05	5.842410507639431639e-08	7.766496541281331129e-06	6.175058767763499934e-02	2.398025087816688140e-11	3.901771000361793775e-10	6.138635466503274540e-44	6.407745330815066212e-26	5.868760374435376225e-15	1.208009763941211676e-23
4.989701986674675572e+04	4.573263554762146076e-08	5.135614365543645851e-03	3.680061178417191273e-03	3.678478922082019896e-03	3.678419153926596342e-03	6.878687642827217603e-11	7.529374651474191049e-01	1.835254704423857532e-05	5.842529279994083616e-08	7.766794459138747625e-06	6.175058778324200165e-02	2.410612567104262408e-11	3.900510152642661993e-10	3.916317274181538209e-44	5.292242447922719183e-26	5.869835031574708412e-15	9.483417183881482270e-24
5.212213195105083287e+04	4.674129461118734587e-08	5.024785639783605797e-03	3.600643904826829941e-03	3.599095794251245140e-03	3.599037315917843777e-03	6.029960369149513753e-11	7.529374651934188645e-01	1.835192405338526987e-05	5.842705815527021469e-08	7.767068415032689563e-06	6.175058787856872039e-02	2.423742988351601381e-11	3.899195330758232439e-10	2.498807195213632291e-44	4.369371262110826907e-26	5.870800044813183396e-15	7.437100996379939170e-24
5.444647087898081372e+04	4.777226766263987828e-08	4.916349013945266362e-03	3.522940754110609907e-03	3.521426052300945502e-03	3.521368835950365768e-03	5.280267283414953728e-11	7.529374652351539243e-01	1.835135281621825171e-05	5.842929010738807427e-08	7.767320675113841948e-06	6.175058796475896977e-02	2.437442264402467765e-11	3.897823891242955449e-10	1.589375663799168326e-44	3.603838712318413557e-26	5.871666839972900254e-15	5.823593501689634275e-24
5.687446158111227851e+04	4.882596545761272152e-08	4.810252830870940730e-03	3.446914709957129685e-03	3.445432695835024591e-03	3.445376714229249956e-03	4.619873458343455714e-11	7.529374652728398898e-01	1.835082991593298214e-05	5.843189860052668987e-08	7.767552581008636990e-06	6.175058804255303957e-02	2.451736790223337369e-11	3.896393157622462722e-10	1.009699229978194180e-44	2.970728616484086275e-26	5.872442804664687488e-15	4.553534290064800559e-24
5.941072631376337813e+04	4.990282794808540857e-08	4.706446554494527965e-03	3.372529559403006100e-03	3.371079527460001373e-03	3.371024753949153352e-03	4.038119556407159015e-11	7.529374653067771872e-01	1.835035119533543244e-05	5.843479961887744192e-08	7.767765806582702161e-06	6.175058811278865550e-02	2.466654128602726587e-11	3.894900338078503615e-10	6.398848008789916104e-45	2.446835791506687655e-26	5.873136557153387186e-15	3.553998044004607639e-24
6.206009345855627180e+04	5.100351335078193800e-08	4.604880735812160765e-03	3.299749868448237193e-03	3.298331128410856000e-03	3.298277536920542381e-03	3.526605643716545396e-11	7.529374653372141735e-01	1.834991337650089429e-05	5.843791999496852293e-08	7.767961661947057103e-06	6.175058817613598289e-02	2.482222716485440535e-11	3.893342560536718362e-10	4.049145266652071218e-45	2.014109953564663559e-26	5.873755118731771503e-15	2.771955795948578595e-24
6.482760671438706049e+04	5.212849622222634108e-08	4.505506996881043259e-03	3.228540970590140606e-03	3.227152847089902188e-03	3.227100412108752179e-03	3.077188133980899542e-11	7.529374653644206328e-01	1.834951311672936987e-05	5.844119465898036607e-08	7.768141498572510181e-06	6.175058823325445256e-02	2.498472131111019131e-11	3.891716841970987625e-10	2.557440457007566678e-45	1.656824905031393309e-26	5.874305548722471918e-15	2.157456908328411440e-24
6.771853469930319989e+04	5.327817498779611661e-08	4.408278005224770986e-03	3.158868948482807058e-03	3.157510780734122408e-03	3.157459477301619282e-03	2.682797245610018261e-11	7.529374653886466984e-01	1.834914746854625836e-05	5.844456677729091346e-08	7.768306509523922507e-06	6.175058828472084621e-02	2.515433044979455121e-11	3.890020094008326130e-10	1.612859505400119255e-45	1.362141408515002336e-26	5.874794154441919758e-15	1.677354987228037187e-24
7.073838098056787567e+04	5.445328767785737293e-08	4.313147450006486749e-03	3.090700616863339533e-03	3.089371758348750160e-03	3.089321562043341029e-03	2.337121456000247873e-11	7.529374654101352871e-01	1.834881366807658830e-05	5.844798664928162164e-08	7.768457819492010751e-06	6.175058833106581574e-02	2.533137331459960778e-11	3.888249111146961973e-10	1.015816938686309141e-45	1.119299054714105900e-26	5.875226847474350971e-15	1.302641000032875048e-24
7.389289455200593511e+04	5.565437925811740382e-08	4.220070026790524904e-03	3.024003511632404346e-03	3.022703329792514760e-03	3.022654216719899457e-03	2.034252091612111254e-11	7.529374654291313140e-01	1.834850900807952562e-05	5.845141181659571868e-08	7.768596539831611739e-06	6.175058837279490814e-02	2.551618163176458426e-11	3.886400560260408816e-10	6.385431135279648610e-46	9.191825786086031246e-27	5.875609336816644269e-15	1.009411226398307365e-24
7.718808077857756871e+04	5.688179913876642810e-08	4.129001409025120396e-03	2.958745869419406298e-03	2.957473745351603747e-03	2.957425692133353306e-03	1.769195426567836314e-11	7.529374654458538263e-01	1.834823114121164402e-05	5.845480565588637415e-08	7.768723634626904985e-06	6.175058841034392065e-02	2.570909987921092357e-11	3.884470983449672010e-10	4.007496205384399969e-46	7.544282658434431256e-27	5.875946647516482234e-15	7.817692563388197760e-25
8.063021282901520317e+04	5.813637283055894859e-08	4.039898224031879086e-03	2.894896610377106598e-03	2.893651938541676790e-03	2.893604922304131646e-03	1.537498352791378692e-11	7.529374654605112127e-01	1.834797787412628363e-05	5.845813716017524099e-08	7.768840009783501904e-06	6.175058844411240172e-02	2.591048643732204404e-11	3.882456785669333356e-10	2.511398681910353050e-46	6.189052218129677304e-27	5.876243453286485624e-15	6.043576263336282021e-25
8.422584361828806868e+04	5.941870309393235281e-08	3.952718037474976277e-03	2.832425327052611082e-03	2.831207514983640015e-03	2.831161513346991659e-03	1.335031747278449625e-11	7.529374654733046457e-01	1.834774710990334730e-05	5.846138112427308294e-08	7.768946538200311754e-06	6.175058847447319199e-02	2.612071451472694415e-11	3.880354225162485826e-10	1.570764089757125385e-46	5.074312735691179939e-27	5.876504143948985609e-15	4.662263051867612804e-25
8.798181828263183706e+04	6.072914202414650022e-08	3.867419335826912264e-03	2.771302271822742493e-03	2.770110739844420210e-03	2.770065730911992763e-03	1.158364502235517095e-11	7.529374654844107617e-01	1.834753703764848809e-05	5.846451578169219903e-08	7.769043973793615473e-06	6.175058850174680591e-02	2.634017193264284951e-11	3.878159415718456877e-10	9.812233374485836415e-47	4.158568140354216674e-27	5.876732553667184669e-15	3.595620503259100057e-25
9.190528721088735620e+04	6.206855099118165639e-08	3.783961501330042332e-03	2.711498338952057080e-03	2.710332519902696174e-03	2.710288482250522435e-03	1.004348641118087714e-11	7.529374654940004241e-01	1.834734591313251118e-05	5.846752388118782502e-08	7.769133048364903804e-06	6.175058852623469680e-02	2.656926265390873307e-11	3.875868310777832977e-10	6.121522082773011804e-47	3.406735403376680084e-27	5.876932280129655019e-15	2.766319789983447113e-25
9.600371965696352709e+04	6.343759345708357668e-08	3.702304793077204614e-03	2.652985051035666644e-03	2.651844389997547700e-03	2.651801302664163768e-03	8.700885946972873358e-12	7.529374655022366136e-01	1.834717205973003889e-05	5.847039258125585856e-08	7.769214471081890044e-06	6.175058854821947191e-02	2.680840769554386894e-11	3.873476694203083350e-10	3.811333176980996203e-47	2.789291275673137598e-27	5.877106671828521567e-15	2.124841066462944507e-25
1.002849179593337758e+05	6.483668981236325043e-08	3.622410329135241584e-03	2.595734546189369489e-03	2.594618500224096444e-03	2.594576342700546240e-03	7.532714256590369426e-12	7.529374655092576640e-01	1.834701409361634526e-05	5.847311020571658792e-08	7.769288825636218201e-06	6.175058856793515238e-02	2.705804421882076625e-11	3.870980189552434413e-10	2.370867151668547306e-47	2.283131619673392294e-27	5.877258547611971153e-15	1.630672805946065634e-25
1.047570323946383432e+05	6.626667174117907249e-08	3.544240065202145049e-03	2.539719562755861186e-03	2.538627600646292150e-03	2.538586352866377405e-03	6.516228272842978935e-12	7.529374655152025753e-01	1.834687057124515899e-05	5.847566993029674656e-08	7.769356729112474695e-06	6.175058858561683489e-02	2.731862870724087649e-11	3.868374227676316251e-10	1.471934749877924565e-47	1.867975865574684047e-27	5.877390659546328971e-15	1.248248172686050593e-25
1.094285766936694563e+05	6.772829105627397669e-08	3.467756783692280131e-03	2.484913431483461426e-03	2.483845033479000104e-03	2.483804675809660883e-03	5.632664008651753283e-12	7.529374655201904742e-01	1.834674028485499934e-05	5.847806564691400869e-08	7.769418697257797921e-06	6.175058860146106360e-02	2.759063537827641819e-11	3.865654062907116312e-10	9.125234349803552438e-48	1.527769797506597833e-27	5.877505330710827160e-15	9.544678438043225068e-26
1.143084442492777453e+05	6.922204391883501024e-08	3.392924071338474911e-03	2.431290059476294129e-03	2.430244717045085441e-03	2.430205230277036974e-03	4.865556324080539089e-12	7.529374655243324943e-01	1.834662208448031669e-05	5.848029373091608140e-08	7.769475224510706464e-06	6.175058861565101836e-02	2.787455826159280635e-11	3.862814751940278154e-10	5.649694695647809092e-48	1.249167952864317668e-27	5.877604690142296938e-15	7.286245947627968647e-26
1.194059250470552943e+05	7.074872442058286613e-08	3.319706298154439898e-03	2.378823915119249871e-03	2.377801130706852593e-03	2.377762496045473638e-03	4.199815758792524542e-12	7.529374655277298878e-01	1.834651491314416989e-05	5.848235230239550047e-08	7.769526767600737056e-06	6.175058862835249018e-02	2.817091164662942895e-11	3.859851149344145882e-10	3.492862101806946007e-48	1.021003250944364252e-27	5.877690632984776866e-15	5.548890884171954176e-26
1.247307233510272927e+05	7.230918169624556867e-08	3.248068602665290724e-03	2.327490017494523826e-03	2.326489304287139050e-03	2.326451503343521590e-03	3.622494019407316109e-12	7.529374655304756914e-01	1.834641778732571090e-05	5.848424116021004521e-08	7.769573753951187597e-06	6.175058863971689266e-02	2.848023114231780963e-11	3.856757896876207920e-10	2.156136065603109459e-48	8.341602926545914632e-28	5.877764852070214967e-15	4.222287583042957491e-26
1.302929761780207191e+05	7.390399612670813167e-08	3.177976875309451114e-03	2.277263924487806911e-03	2.276284806180614399e-03	2.276247820962820200e-03	3.122386149429370369e-12	7.529374655326521726e-01	1.834632982385144120e-05	5.848596094030524969e-08	7.769616568689528095e-06	6.175058864987870155e-02	2.880307392047111164e-11	3.853529421019519989e-10	1.329161566285771777e-48	6.812413623473662348e-28	5.877828823610498544e-15	3.205970431588073943e-26
1.361032725958809024e+05	7.553391558115445610e-08	3.109397742392031819e-03	2.228121721289652579e-03	2.227163731860096283e-03	2.227127544764587793e-03	2.689293267270748037e-12	7.529374655343340494e-01	1.834625020820794639e-05	5.848751338810614973e-08	7.769655568947581782e-06	6.175058865895977772e-02	2.914002000818640060e-11	3.850159919986390216e-10	8.181419562481823077e-49	5.560809025773885085e-28	5.877883853848767228e-15	2.429206810137789847e-26
1.421726738822742482e+05	7.719989591236967343e-08	3.042298561118363283e-03	2.180040016836622217e-03	2.179102700319224522e-03	2.179067294122359524e-03	2.314633064451040734e-12	7.529374655355890456e-01	1.834617818348785874e-05	5.848890121316181015e-08	7.769691088467580169e-06	6.175058866707149735e-02	2.949167325959424936e-11	3.846643353947788954e-10	5.028465316199043992e-49	4.537003332041680280e-28	5.877931107035906662e-15	1.839105670235318671e-26
1.485127345824544318e+05	7.890261054054336944e-08	2.976647389502950092e-03	2.132995922248747366e-03	2.132078832519188494e-03	2.132044190369067338e-03	1.990812142537051816e-12	7.529374655364770019e-01	1.834611307744492978e-05	5.849012728100656881e-08	7.769723424598384487e-06	6.175058867431180987e-02	2.985866135703743161e-11	3.842973445011807443e-10	3.086748030939183541e-49	3.700228681891946839e-28	5.877971592734963452e-15	1.388921488788733656e-26
1.551355245060799352e+05	8.064275112538226337e-08	2.912412973067072738e-03	2.086967041297337847e-03	2.086069741860645688e-03	2.086035847269104675e-03	1.710977677965150798e-12	7.529374655370520975e-01	1.834605425226172392e-05	5.849119546809840183e-08	7.769752861583172573e-06	6.175058868077164254e-02	3.024163815318655267e-11	3.839143653740784491e-10	1.891802793229104918e-49	3.016350384387827338e-28	5.878006220330554932e-15	1.047292108614410804e-26
1.620536517049625982e+05	8.242139112560160186e-08	2.849564730972387831e-03	2.041931460468649189e-03	2.041053524251648307e-03	2.041020361086424376e-03	1.469495229042207712e-12	7.529374655373622938e-01	1.834600113397378800e-05	5.849210971617851010e-08	7.769779656253047306e-06	6.175058868653190980e-02	3.064128346635006455e-11	3.835147181189960302e-10	1.157845031034261171e-49	2.458041257715007611e-28	5.878035783794291906e-15	7.887545287818246384e-27
1.692802864754817565e+05	8.423930716916928065e-08	2.788072741675824435e-03	1.997867738684512822e-03	1.997008747832701350e-03	1.996976300309757663e-03	1.261163504719461669e-12	7.529374655374498904e-01	1.834595320145692530e-05	5.849287411464586898e-08	7.769804042992613105e-06	6.175058869166499126e-02	3.105830415722603558e-11	3.830976958116405461e-10	7.075686564799106842e-50	2.002346530543135691e-28	5.878060976483556795e-15	5.924331172490927663e-27
1.768291864313702099e+05	8.609712391502088333e-08	2.727907731303743158e-03	1.954754898971532151e-03	1.953914444649537847e-03	1.953882697325525549e-03	1.081586484623889810e-12	7.529374655373520797e-01	1.834590997728418639e-05	5.849349289769004159e-08	7.769826237727634244e-06	6.175058869623624436e-02	3.149343524239485301e-11	3.826625633819844714e-10	4.318357289633154019e-50	1.630645626704205515e-28	5.878082405863141445e-15	4.446331779223439090e-27
1.847147226945954317e+05	8.799604350312066948e-08	2.669041064875669108e-03	1.912572422172214041e-03	1.911750104366955003e-03	1.911719042131778627e-03	9.269691045146129668e-13	7.529374655371023906e-01	1.834587101983596052e-05	5.849397046540710138e-08	7.769846441415872778e-06	6.175058870030514235e-02	3.194744132668686582e-11	3.822085561799976397e-10	2.631962813585823955e-50	1.327626359585224688e-28	5.878100605890453266e-15	3.330734565249037521e-27
1.929519072541994392e+05	8.993695637069612683e-08	2.611444720674493698e-03	1.871300228579254920e-03	1.870495655910995670e-03	1.870465263980676052e-03	7.938359991341227346e-13	7.529374655367292446e-01	1.834583593110069164e-05	5.849431106478890568e-08	7.769864836158446678e-06	6.175058870392459431e-02	3.242111684579646815e-11	3.817348797325105300e-10	1.601592009616437143e-50	1.080544113316044995e-28	5.878116036049293942e-15	2.488659688315230424e-27
2.015564215451815107e+05	9.192040791199036799e-08	2.555091281024849878e-03	1.830918671327539955e-03	1.830131460863789871e-03	1.830101724773434187e-03	6.793555733891639195e-13	7.529374655362577329e-01	1.834580434604610576e-05	5.849451887994837683e-08	7.769881589971412063e-06	6.175058870714233983e-02	3.291528755175398135e-11	3.812407082559443009e-10	9.732978580755860889e-51	8.792304225422645668e-29	5.878129096417572093e-15	1.858727212617162710e-27
2.105446463018299255e+05	9.394774188999312367e-08	2.499953919007944034e-03	1.791408526874302843e-03	1.790638303947806372e-03	1.790609209544732558e-03	5.809923671182979756e-13	7.529374655357100599e-01	1.834577593390699569e-05	5.849459788327678820e-08	7.769896855992476187e-06	6.175058871000114330e-02	3.343081111275692888e-11	3.807251840557835082e-10	5.906887664905979974e-51	7.152562417190690323e-29	5.878140131955970041e-15	1.384804245620882988e-27
2.199336927423357847e+05	9.601993250611041845e-08	2.446006385601037780e-03	1.752750985783577999e-03	1.751997383814268708e-03	1.751968917251280154e-03	4.964566947481997971e-13	7.529374655351049883e-01	1.834575038873218777e-05	5.849455201576700032e-08	7.769910776927396945e-06	6.175058871253980702e-02	3.396857937153658012e-11	3.801874152672017961e-10	3.578226342937692456e-51	5.816211576586566564e-29	5.878149442760600966e-15	1.029470574882009604e-27
2.297414351440564787e+05	9.813755876104703266e-08	2.393223002773762435e-03	1.714927647779182062e-03	1.714190308098262382e-03	1.714162455827003073e-03	4.239610256037884610e-13	7.529374655344587275e-01	1.834572744014789108e-05	5.849438470592750621e-08	7.769923479510243406e-06	6.175058871479234546e-02	3.452951672077380561e-11	3.796264774792428178e-10	2.165285142973958461e-51	4.728780998503557243e-29	5.878157283900020780e-15	7.648249269088859886e-28
2.399865448714429222e+05	1.003019927622397127e-07	2.341578650051034244e-03	1.677920512116012420e-03	1.677199083794173734e-03	1.677171832558638654e-03	3.617803181251306113e-13	7.529374655337847111e-01	1.834570683662393483e-05	5.849409931622418928e-08	7.769935082596116297e-06	6.175058871678983097e-02	3.511458394761468280e-11	3.790414098893648937e-10	1.308329239773089999e-51	3.843467723867958571e-29	5.878163877350850602e-15	5.665568630445214693e-28
2.506885259214115213e+05	1.025143165906995442e-07	2.291048745019275829e-03	1.641711963611261656e-03	1.641006103292910441e-03	1.640979440123184517e-03	3.084692742401577486e-13	7.529374655330950405e-01	1.834568834797565632e-05	5.849369897755204620e-08	7.769945695794046997e-06	6.175058871856024117e-02	3.572477901757294138e-11	3.784312145191978979e-10	7.891480599108744112e-52	3.122677488083698770e-29	5.878169413981882636e-15	4.190671843607408071e-28
2.618677520538293757e+05	1.047752199921318985e-07	2.241609235189551737e-03	1.606284766813730709e-03	1.605594138553720915e-03	1.605568050759811211e-03	2.628581309009199712e-13	7.529374655323992638e-01	1.834567177132459377e-05	5.849318627947460951e-08	7.769955416290141173e-06	6.175058872012802874e-02	3.636113495897838175e-11	3.777948583297957677e-10	4.755218155375900429e-52	2.536720636057981870e-29	5.878174054933963549e-15	3.095172301421574672e-28
2.735455055777996895e+05	1.070860266405737471e-07	2.193236586441283439e-03	1.571622057722864415e-03	1.570946332826791882e-03	1.570920807992595095e-03	2.238008638066533592e-13	7.529374655317055964e-01	1.834565691551935491e-05	5.849256375372819448e-08	7.769964336545405733e-06	6.175058872151579364e-02	3.702472631916659206e-11	3.771312667648622870e-10	2.859992188652340458e-52	2.059832473498974495e-29	5.878177940325115585e-15	2.278800844367132056e-28
2.857440178675850038e+05	1.094479619275595813e-07	2.145907771729923304e-03	1.537707335696936097e-03	1.537046192564910227e-03	1.537021218542311161e-03	1.904103809051110083e-13	7.529374655310210329e-01	1.834564361245656809e-05	5.849183339552120254e-08	7.769972538464462312e-06	6.175058872274318683e-02	3.771666466299116113e-11	3.764393282521826770e-10	1.717822090342171805e-52	1.672128670041535189e-29	5.878181187680831947e-15	1.676723230515085357e-28
2.984865116853068466e+05	1.118618384637266967e-07	2.099600266850757714e-03	1.504524460417487044e-03	1.503877584389208717e-03	1.503853149292228193e-03	1.618918210863544439e-13	7.529374655303503472e-01	1.834563170671423574e-05	5.849099696992855010e-08	7.769980098486747221e-06	6.175058872382808983e-02	3.843810366668131283e-11	3.757178891093319113e-10	1.030347670748602659e-52	1.357069236608177443e-29	5.878183898172199506e-15	1.230650984688463239e-28
3.117972453909759643e+05	1.143289181361914874e-07	2.054292032999373296e-03	1.472057639392564208e-03	1.471424722597776793e-03	1.471400814796922736e-03	1.375231104645690593e-13	7.529374655296980912e-01	1.834562105913257972e-05	5.849005583631419262e-08	7.769987085710230128e-06	6.175058872478637884e-02	3.919023789206233044e-11	3.749657547693851058e-10	6.168965929741856052e-53	1.100881755227498835e-29	5.878186156861062576e-15	9.005042912173723085e-29
3.257015591240401845e+05	1.168505837902478995e-07	2.009961504833361091e-03	1.440291419402017466e-03	1.439672160614634787e-03	1.439648768731392314e-03	1.167493069294874594e-13	7.529374655290684837e-01	1.834561154320743604e-05	5.848901101720737708e-08	7.769993563580765371e-06	6.175058872563220919e-02	3.997430451524123455e-11	3.741816880519722612e-10	3.689277073753044697e-53	8.928842571337987044e-30	5.878188036098498011e-15	6.588287351021471783e-29
3.402259230443504057e+05	1.194277847961268360e-07	1.966587581664222106e-03	1.409210680185824264e-03	1.408604784680773415e-03	1.408581897582197049e-03	9.903594863486925870e-14	7.529374655284630791e-01	1.834560304387438309e-05	5.848786320953946051e-08	7.769999590454525220e-06	6.175058872637831375e-02	4.079158506569810223e-11	3.733644074240688832e-10	2.202764109845662888e-53	7.239319494738435962e-30	5.878189597234229453e-15	4.804658003182540657e-29
3.553979877243898227e+05	1.220617072246671718e-07	1.924149617365590505e-03	1.378800627212558054e-03	1.378207806625732137e-03	1.378185413419154900e-03	8.393545003238314917e-14	7.529374655278844308e-01	1.834559545775687485e-05	5.848661273844741460e-08	7.770005219401093519e-06	6.175058872703597518e-02	4.164340572372267008e-11	3.725125867024626316e-10	1.312792439534902640e-53	5.866780916029042030e-30	5.878190891842450129e-15	3.496050228987021263e-29
3.712466367886982043e+05	1.247539074010787695e-07	1.882627411624799348e-03	1.349046785410466060e-03	1.348466757601369647e-03	1.348444847629215590e-03	7.109525795471661026e-14	7.529374655273332051e-01	1.834558869165095319e-05	5.848525957056073527e-08	7.770010498879541971e-06	6.175058872761526874e-02	4.253113691643259020e-11	3.716248554576049193e-10	7.815125665525306261e-54	4.753676101420029751e-30	5.878191963541107279e-15	2.541607784085727757e-29
3.878020419007036835e+05	1.275054857953231624e-07	1.842001205702785112e-03	1.319934996129114779e-03	1.319367485044818655e-03	1.319346047879463952e-03	6.016582084141641452e-14	7.529374655268107341e-01	1.834558266098274663e-05	5.848380335044272573e-08	7.770015473498681171e-06	6.175058872812513866e-02	4.345619647237191809e-11	3.706997958589391666e-10	4.643941885073494081e-54	3.849975763533221792e-30	5.878192849148884215e-15	1.841478028449885060e-29
4.050957202016421361e+05	1.303175360768173654e-07	1.802251664346565981e-03	1.291451404178295534e-03	1.290896139722962294e-03	1.290875165161805595e-03	5.087549732122644181e-14	7.529374655263171290e-01	1.834557728971018741e-05	5.848224337186701364e-08	7.770020184002757611e-06	6.175058872857359243e-02	4.442004905346400076e-11	3.697359432428801302e-10	2.755243430567963142e-54	3.116889695389316083e-30	5.878193579604596406e-15	1.332577567806393691e-29
4.231605943109124200e+05	1.331918049741145142e-07	1.763359868782276305e-03	1.263582452806996399e-03	1.263039170713565335e-03	1.263018648774182247e-03	4.299112576169011327e-14	7.529374655258518345e-01	1.834557250895589697e-05	5.848057860342448211e-08	7.770024667921197404e-06	6.175058872896774936e-02	4.542420746527927366e-11	3.687317848024745097e-10	1.632516036888518525e-54	2.522759370704924282e-30	5.878194181042459381e-15	9.625192451316394409e-30
4.420310550020930823e+05	1.361295608715750460e-07	1.725307307681657855e-03	1.236314877230201750e-03	1.235783318934856887e-03	1.235763239850257026e-03	3.629396293292211163e-14	7.529374655254156279e-01	1.834556825700706055e-05	5.847880766862330922e-08	7.770028959541794305e-06	6.175058872931389609e-02	4.647023253939320745e-11	3.676857597050133644e-10	9.654392626644916805e-55	2.040779388451886266e-30	5.878194675274444036e-15	6.927940376185676141e-30
4.617430266739388462e+05	1.391317873996142888e-07	1.688075868126729176e-03	1.209635698154384485e-03	1.209115610673806851e-03	1.209095964887797357e-03	3.061832611583847927e-14	7.529374655250071768e-01	1.834556447755466592e-05	5.847692889292257679e-08	7.770033090782326943e-06	6.175058872961775025e-02	4.755973746749500284e-11	3.665962547578635253e-10	5.700888492058795086e-55	1.650373131608289390e-30	5.878195080732272012e-15	4.985761808683184885e-30
4.823340357409961871e+05	1.422004405908526738e-07	1.651647830044677533e-03	1.183532217789680114e-03	1.183023353600014130e-03	1.183004131762628456e-03	2.581022677030809861e-14	7.529374655246264814e-01	1.834556112117660727e-05	5.847494022007062102e-08	7.770037090368472684e-06	6.175058872988418296e-02	4.869437839164149768e-11	3.654616138181982239e-10	3.361490290072225512e-55	1.334165105189715004e-30	5.878195412662710039e-15	3.577534479195356922e-30
5.038432820740361349e+05	1.453369738202231445e-07	1.616005859563473136e-03	1.157992015088676451e-03	1.157494132006542430e-03	1.157475324969544587e-03	2.173580926263193128e-14	7.529374655242717651e-01	1.834555814219448485e-05	5.847283933202740128e-08	7.770040985482230315e-06	6.175058873011765592e-02	4.987586900998271273e-11	3.642801231872273244e-10	1.977949785968536596e-55	1.077901435126457420e-30	5.878195683979318053e-15	2.559002974589003269e-30
5.263117136263062712e+05	1.485422401550588354e-07	1.581132993307909733e-03	1.133002934493321191e-03	1.132515795561668797e-03	1.132497394374242568e-03	1.829376467437288559e-14	7.529374655239428060e-01	1.834555550027721111e-05	5.847062355424968627e-08	7.770044800863204528e-06	6.175058873032208268e-02	5.110596734429668527e-11	3.630500248426482344e-10	1.162631381020359616e-55	8.706939917047620093e-31	5.878195905371033522e-15	1.830349828319932188e-30
5.497821043876820477e+05	1.518184252599706340e-07	1.547012634139768644e-03	1.108553082882425284e-03	1.108076456257696711e-03	1.108058452162182786e-03	1.538247543508916009e-14	7.529374655236377167e-01	1.834555315880884602e-05	5.846828991006070260e-08	7.770048559664410743e-06	6.175058873050092573e-02	5.238648557408284808e-11	3.617695066045288666e-10	6.820722439223416417e-56	7.029310158874311241e-31	5.878196085765755032e-15	1.304359868706713251e-30
5.742991358150925953e+05	1.551671035716925318e-07	1.513628542160896841e-03	1.084630823124677849e-03	1.084164481966743950e-03	1.084146866394483091e-03	1.292268073134489134e-14	7.529374655233556091e-01	1.834555108505346013e-05	5.846583509401706312e-08	7.770052283340829290e-06	6.175058873065727982e-02	5.371928565097256661e-11	3.604367065208836416e-10	3.993924309088810589e-56	5.671827405287098478e-31	5.878196232534974379e-15	9.275431904723687720e-31
5.999094818942815764e+05	1.585892278549688463e-07	1.480964826713983490e-03	1.061224768346589629e-03	1.060768490711151094e-03	1.060751255278418164e-03	1.084958785181405117e-14	7.529374655230955948e-01	1.834554924978098659e-05	5.846325546607439074e-08	7.770055991819509953e-06	6.175058873079387889e-02	5.510627656312474085e-11	3.590497156032618777e-10	2.336011865482847117e-56	4.575427841692015330e-31	5.878196351767534181e-15	6.587768235045880299e-31
6.266618979948104825e+05	1.620869833509779273e-07	1.449005943764592472e-03	1.038323780056519012e-03	1.037877348788314186e-03	1.037860485292285565e-03	9.099781789544478777e-15	7.529374655228557867e-01	1.834554762697460851e-05	5.846054704955578272e-08	7.770059703649445979e-06	6.175058873091305439e-02	5.654941433171605866e-11	3.576065778302494540e-10	1.363752855489087508e-56	3.688580097016021612e-31	5.878196448448156568e-15	4.660566164232788099e-31
6.546073136874709744e+05	1.656621347011068004e-07	1.417736685718694887e-03	1.015916960848154251e-03	1.015480163477301603e-03	1.015463663892139917e-03	7.625679266014275373e-15	7.529374655226356294e-01	1.834554619252987565e-05	5.845770557856209097e-08	7.770063436701660361e-06	6.175058873101703372e-02	5.805072405481995434e-11	3.561052681035747037e-10	7.945022112389775740e-57	2.972042343251304915e-31	5.878196526751909970e-15	3.293128195267557042e-31
6.837989297008060385e+05	1.693158152393119501e-07	1.387142170519264570e-03	9.939936465873883218e-04	9.935662752290923185e-04	9.935501317021565044e-04	6.385511561608098886e-15	7.529374655224334578e-01	1.834554492612106691e-05	5.845472639704195759e-08	7.770067207124700713e-06	6.175058873110760710e-02	5.961224684750240363e-11	3.545437453080138145e-10	4.622701269052616074e-57	2.393746404726943463e-31	5.878196590014130637e-15	2.320945646180138813e-31
7.142923192013173830e+05	1.730501280849176128e-07	1.357207837352426361e-03	9.725434033354446624e-04	9.721252545910212322e-04	9.721094594391287494e-04	5.341042533995040951e-15	7.529374655222480506e-01	1.834554380877398359e-05	5.845160456088733640e-08	7.770071030684665722e-06	6.175058873118649538e-02	6.123609384165865137e-11	3.529198983115403495e-10	2.683406937236302355e-57	1.926446931051362188e-31	5.878196641034191676e-15	1.628832791789749323e-31
7.461455335901723010e+05	1.768670714261221431e-07	1.327919438961766996e-03	9.515560218414931271e-04	9.511468967017647517e-04	9.511314424075423745e-04	4.464493443643789017e-15	7.529374655220794077e-01	1.834554282375678070e-05	5.844833478582566713e-08	7.770074922262469068e-06	6.175058873125512798e-02	6.292441408632028050e-11	3.512315780650157804e-10	1.555681052556995814e-57	1.549846163130920901e-31	5.878196682099482846e-15	1.143122607174560280e-31
7.794192130178180523e+05	1.807679799253957216e-07	1.299263034647308614e-03	9.310215125258776165e-04	9.306212162767243598e-04	9.306060954850403936e-04	3.728368668469477039e-15	7.529374655219250867e-01	1.834554195611375323e-05	5.844491146054300980e-08	7.770078896110813976e-06	6.175058873131478859e-02	6.467939572770624658e-11	3.494765964221346595e-10	9.002918083420857779e-58	1.246120550952051923e-31	5.878196715091778193e-15	7.993119619783404315e-32
8.141767018268946558e+05	1.847548526199849268e-07	1.271224988695857875e-03	9.109301043553404576e-04	9.105384464837357411e-04	9.105236519981504528e-04	3.110424135068330549e-15	7.529374655217845325e-01	1.834554119228683783e-05	5.844132864630417030e-08	7.770082966067972473e-06	6.175058873136659437e-02	6.650328104916260437e-11	3.476527110994801564e-10	5.198589862589343706e-58	1.001180540921242223e-31	5.878196741560790233e-15	5.571796531281940581e-32
8.504841691432183143e+05	1.888299441960805961e-07	1.243791958789435166e-03	8.912722365367747868e-04	8.908890306403911179e-04	8.908745554197424745e-04	2.593593534380161773e-15	7.529374655216567458e-01	1.834554052047440576e-05	5.843758003528203446e-08	7.770087145347517928e-06	6.175058873141155841e-02	6.839832686321436500e-11	3.457576652844699907e-10	2.999648083261032497e-58	8.042228412571627896e-32	5.878196762758363914e-15	3.883678831626571036e-32
8.884107348444110248e+05	1.929948124185739255e-07	1.216950888905662465e-03	8.720385534298076254e-04	8.716636171288107875e-04	8.716494542838824867e-04	2.160178207891520992e-15	7.529374655215407275e-01	1.834553992984883823e-05	5.843365896534385822e-08	7.770091446989066861e-06	6.175058873145053417e-02	7.036685894453222904e-11	3.437891332023861187e-10	1.726486440767943362e-58	6.454473982117643926e-32	5.878196779714373714e-15	2.695715756363551025e-32
9.280286011459851870e+05	1.972513288176986305e-07	1.190689004496681006e-03	8.532199010921253995e-04	8.528530559424538906e-04	8.528391987326993350e-04	1.797443283165606592e-15	7.529374655214355894e-01	1.834553941109067559e-05	5.842955838265973270e-08	7.770095883552125658e-06	6.175058873148429883e-02	7.241121166966769746e-11	3.417447804766400747e-10	9.917327548592008552e-59	5.176523340275466363e-32	5.878196793249224719e-15	1.867615012436414768e-32
9.694131900553865125e+05	2.016020310775753148e-07	1.164993806415036111e-03	8.348073229269050701e-04	8.344483943354198989e-04	8.344348361657574027e-04	1.494502798607868975e-15	7.529374655213402212e-01	1.834553895589369928e-05	5.842527085656253321e-08	7.770100467399594193e-06	6.175058873151351851e-02	7.453374238652586315e-11	3.396222497592955138e-10	5.689088775978278947e-59	4.149567272767719849e-32	5.878196804031527821e-15	1.291900552390086127e-32
1.012643286955693504e+06	2.060487248797458616e-07	1.139853064988617269e-03	8.167920554370542482e-04	8.164408725785159355e-04	8.164276069961923449e-04	1.241170895020356800e-15	7.529374655212541789e-01	1.834553855679548468e-05	5.842078857866525798e-08	7.770105210803323077e-06	6.175058873153878303e-02	7.673684204678057668e-11	3.374191500986544682e-10	3.256195633007898403e-59	3.323294502871913342e-32	5.878196812604880761e-15	8.898330464037975267e-33
1.057801190592262428e+06	2.105931264407152847e-07	1.115254817865677728e-03	7.991655266810036157e-04	7.988219224157111021e-04	7.988089431071908938e-04	1.029980032619430996e-15	7.529374655211764633e-01	1.834553820706431198e-05	5.841610335100966737e-08	7.770110126017168550e-06	6.175058873156062667e-02	7.902294695489263004e-11	3.351330451902356988e-10	1.860282894726188973e-59	2.660028626775540427e-32	5.878196819412587079e-15	6.125077575872329971e-33
1.104972869747928809e+06	2.152380839676390517e-07	1.091187359375543403e-03	7.819193486488384840e-04	7.815831594435479653e-04	7.815704602315259441e-04	8.539891356466292413e-16	7.529374655211064082e-01	1.834553790094570360e-05	5.841120655617984475e-08	7.770115225139225966e-06	6.175058873157948658e-02	8.139444495993582038e-11	3.327615471849497698e-10	1.061193276169522451e-59	2.127786245658929852e-32	5.878196824806249969e-15	4.203785716598756050e-33
1.154248126904976554e+06	2.199856773857917850e-07	1.067639235450839382e-03	7.650453136236858367e-04	7.647163794740924770e-04	7.647039543145655628e-04	7.072175899509831634e-16	7.529374655210433476e-01	1.834553763314655065e-05	5.840608916037387536e-08	7.770120520430239637e-06	6.175058873159575135e-02	8.385378805120139661e-11	3.303022040934921842e-10	6.037942991399304223e-60	1.700312765445575990e-32	5.878196829073595402e-15	2.871760624625071856e-33
1.205720769205468707e+06	2.248374385141118528e-07	1.044599238518426803e-03	7.485353905206789879e-04	7.482135548754736531e-04	7.482013978548721902e-04	5.853663249093070827e-16	7.529374655209868372e-01	1.834553739909595505e-05	5.840074168337701814e-08	7.770126024167943663e-06	6.175058873160972628e-02	8.640338579765625143e-11	3.277526063468859941e-10	3.432607747924263642e-60	1.358282694909704773e-32	5.878196832443177682e-15	1.962952687455349205e-33
1.259488787035396555e+06	2.297965574729669824e-07	1.022056403031399189e-03	7.323817216852905685e-04	7.320668313715924126e-04	7.320549367039636294e-04	4.839455818123503547e-16	7.529374655209361000e-01	1.834553719471023541e-05	5.839515419129859660e-08	7.770131748800620535e-06	6.175058873162177914e-02	8.904565398374038598e-11	3.251103381606824742e-10	1.947088311810409999e-60	1.083980148963266611e-32	5.878196835099170587e-15	1.335080036198347666e-33
1.315654540572623489e+06	2.348654180597668433e-07	9.999999999999993703e-04	7.165766189743151809e-04	7.162685241247901662e-04	7.162568861490448439e-04	3.996260643077147658e-16	7.529374655208902478e-01	1.834553701631582001e-05	5.838931628095486868e-08	7.770137707009264880e-06	6.175058873163215972e-02	9.178304631715268482e-11	3.223729458271764583e-10	1.101343581484309825e-60	8.641616382570844784e-33	5.878196837189844468e-15	9.046892173764706484e-34
