T [MeV]	t [s]	a [1]	H [s^-1]	Tnue [MeV]	Tnumu [MeV]	Tnutau [MeV]	Nheating [1]	rho_plasma [MeV^4]	rho_nu_tot [MeV^4]	rho_extra [MeV^4]	rho_tot [MeV^4]
4.000000000000000000e+01	4.616445280495221179e-04	4.200133329459238692e-12	1.083084428862467348e+03	3.999999999997912425e+01	4.000000000005619682e+01	3.999999999989812949e+01	2.441280878862214440e-05	4.620962929815793410e+06	4.421582771678223275e+06	1.303843342369253866e-01	9.042545831878349185e+06
3.913688576913747852e+01	4.822311446602751983e-04	4.292755449337856233e-12	1.036847351919599532e+03	3.913688574112135399e+01	3.913688572632128881e+01	3.913688572636391427e+01	2.665341222586181731e-05	4.234844209434580058e+06	4.052125159410072491e+06	1.221248705031523496e-01	8.286969490969522856e+06
3.829239428540318357e+01	5.037358026594283443e-04	4.387426814311841585e-12	9.925840686358482117e+02	3.829239425537964081e+01	3.829239423950573951e+01	3.829239423957874777e+01	2.793330885736928446e-05	3.880988194944923744e+06	3.713538069768647663e+06	1.143886060025268991e-01	7.594526379102176987e+06
3.746612534502084202e+01	5.261994412652501235e-04	4.484192724569199306e-12	9.502104028831130336e+02	3.746612531284129943e+01	3.746612529586137441e+01	3.746612529587000751e+01	2.918407933155483825e-05	3.556699779446732253e+06	3.403242679697168060e+06	1.071424126949535038e-01	6.959942566286313348e+06
3.665768521499175137e+01	5.496648253431008846e-04	4.583081277052079422e-12	9.096456593885324082e+02	3.665768518048225388e+01	3.665768516223638329e+01	3.665768516231699437e+01	3.048893274126317365e-05	3.259508149479068816e+06	3.118874804948242381e+06	1.003552414682440663e-01	6.378383054782552645e+06
3.586668954875118231e+01	5.741766268185016439e-04	4.684154484491755505e-12	8.708126336101752258e+02	3.586668951170097586e+01	3.586668949213941460e+01	3.586668949217001057e+01	3.185044033974420222e-05	2.987149293691745959e+06	2.858268126488854177e+06	9.399801768058256568e-02	5.845417514178617857e+06
3.509276225630010515e+01	5.997815097207411699e-04	4.787463835735834258e-12	8.336374139281452926e+02	3.509276221651675343e+01	3.509276219549647635e+01	3.509276219556029019e+01	3.327800052030411860e-05	2.737548339742866810e+06	2.619437304115834180e+06	8.804350783599690367e-02	5.356985731902209111e+06
3.433553476771223956e+01	6.265282190189287552e-04	4.893042545314251826e-12	7.980492143817136821e+02	3.433553472502725157e+01	3.433553470248369166e+01	3.433553470253229989e+01	3.476167078605901036e-05	2.508803581677162088e+06	2.400562703753638547e+06	8.246619900186265284e-02	4.909366367896999232e+06
3.359464680611592513e+01	6.544676734196034403e-04	5.000950418124629698e-12	7.639802882144905425e+02	3.359464676020932927e+01	3.359464673596809092e+01	3.359464673601260642e+01	3.631978526721920617e-05	2.299172338901736774e+06	2.199976840813783929e+06	7.724219704597654057e-02	4.499149256957718171e+06
3.286974630950742693e+01	6.836530623025736855e-04	5.111245572716251189e-12	7.313657994592670093e+02	3.286974626015656042e+01	3.286974623410282703e+01	3.286974623413811258e+01	3.794244329808513997e-05	2.107057646150474437e+06	2.016151667277368717e+06	7.234912431719627002e-02	4.123209385776967276e+06
3.216048740841870313e+01	7.141399469795228208e-04	5.223967038299720792e-12	7.001436179638279782e+02	3.216048735537199121e+01	3.216048732737377236e+01	3.216048732739877636e+01	3.963903555048577072e-05	1.930995622229479253e+06	1.847686469527215231e+06	6.776601141534924211e-02	3.778682159522705711e+06
3.146653216001258713e+01	7.459863664681425305e-04	5.339171885312408624e-12	6.702542882298218956e+02	3.146653210288592106e+01	3.146653207273943309e+01	3.146653207275656783e+01	4.141185805019225271e-05	1.769644851670061704e+06	1.693297715340443421e+06	6.347322085348686138e-02	3.462942630483726040e+06
3.078755106856255708e+01	7.792529479831756005e-04	5.456925529380126215e-12	6.416409414751165059e+02	3.078755100704217895e+01	3.078755097457548828e+01	3.078755097459793788e+01	4.325930986724869530e-05	1.621776258051987970e+06	1.551809371579572093e+06	5.945236614321979668e-02	3.173585689083926380e+06
3.012322147756228574e+01	8.140030223547003313e-04	5.577273117404137265e-12	6.142491246628895851e+02	3.012322141122682595e+01	3.012322137622180662e+01	3.012322137624169827e+01	4.519492798670512654e-05	1.486263390390871791e+06	1.422143591286887415e+06	5.568622345748220487e-02	2.908407037363982759e+06
2.947322686283132143e+01	8.503027445933940406e-04	5.700268226028837481e-12	5.880266741976660114e+02	2.947322679096303233e+01	2.947322675303276540e+01	2.947322675306687856e+01	4.720675714912130142e-05	1.362073743010948179e+06	1.303312427143431269e+06	5.215865532486257949e-02	2.665386222313034814e+06
2.883725784020777994e+01	8.882212198322849903e-04	5.825984455312185726e-12	5.629236673392917965e+02	2.883725776220904891e+01	2.883725772105735885e+01	2.883725772106809515e+01	4.932046214886961756e-05	1.248261160348918522e+06	1.194410547911666101e+06	4.885454838959275153e-02	2.442671757115133107e+06
2.821501187718576631e+01	9.278306348847703382e-04	5.954474025989541134e-12	5.388923180734564085e+02	2.821501179261747438e+01	2.821501174799904987e+01	2.821501174801446865e+01	5.152364015496381565e-05	1.143958564637119183e+06	1.094608299549677176e+06	4.575974757515643976e-02	2.238566909946544096e+06
2.760619270199698505e+01	9.692063956693437688e-04	6.085786274949086318e-12	5.158868720743960239e+02	2.760619261039777683e+01	2.760619256207480277e+01	2.760619256208473971e+01	5.382555892952997211e-05	1.048371301999363815e+06	1.003145310140257468e+06	4.286099317399726799e-02	2.051516655000614468e+06
2.701051072900399319e+01	1.012427270762645583e-03	6.220003605119680325e-12	4.938635375375114336e+02	2.701051062987625428e+01	2.701051057758235530e+01	2.701051057759567797e+01	5.623473298867547688e-05	9.607711495782904094e+05	9.193247874129819684e+05	4.014586688623362348e-02	1.880095977137139300e+06
2.642768238111023393e+01	1.057575541354138001e-03	6.357186036845759943e-12	4.727803840334362917e+02	2.642768227404795311e+01	2.642768221757242486e+01	2.642768221758333169e+01	5.874162270527233447e-05	8.804907043015641393e+05	8.425081274875479285e+05	3.760273594339181430e-02	1.722998869391848100e+06
2.585743037727103300e+01	1.104737157887868962e-03	6.497377837690244161e-12	4.525972776338951462e+02	2.585743026167228109e+01	2.585743020069941167e+01	2.585743020070584919e+01	6.137130188912640115e-05	8.069183551761812996e+05	7.721101107308698120e+05	3.522070523245716261e-02	1.579028501127756434e+06
2.529948332226429741e+01	1.154001903689536599e-03	6.640671153079500194e-12	4.332757944648261628e+02	2.529948319721886918e+01	2.529948313126749326e+01	2.529948313127265180e+01	6.410343573160492416e-05	7.394935845713937888e+05	7.075944047253053868e+05	3.298956941085894740e-02	1.447088022286268650e+06
2.475357575081482508e+01	1.205463565890344067e-03	6.787134530375846969e-12	4.147791527079067464e+02	2.475357561544941376e+01	2.475357554406178195e+01	2.475357554406151550e+01	6.697100496222571869e-05	6.777027139221489197e+05	6.484695003196154721e+05	3.089976989924043266e-02	1.326172245141534368e+06
2.421944799568056439e+01	1.259220113973056384e-03	6.936806296875202945e-12	3.970721436336166335e+02	2.421944784935977424e+01	2.421944777219881928e+01	2.421944777219880862e+01	6.996330924213409132e-05	6.210749973945072852e+05	5.942849638322727988e+05	2.894235384700280522e-02	1.215359990169133758e+06
2.369684560400120432e+01	1.315373886280157660e-03	7.089789307587093060e-12	3.801210489976517124e+02	2.369684544606611709e+01	2.369684536278472109e+01	2.369684536278622389e+01	7.308616206375713323e-05	5.691789848955924390e+05	5.446279610310689313e+05	2.710893417080791415e-02	1.113806973035595613e+06
2.318551974579686004e+01	1.374031784839156722e-03	7.246157097872361244e-12	3.638935939597654396e+02	2.318551957551236598e+01	2.318551948572504529e+01	2.318551948572603294e+01	7.635814844459970095e-05	5.216192900635508122e+05	4.991201696208623471e+05	2.539165563428316327e-02	1.020739485076068784e+06
2.268522726663467992e+01	1.435305478875963624e-03	7.405954611534971636e-12	3.483588917461280516e+02	2.268522708349982508e+01	2.268522698694354389e+01	2.268522698694403061e+01	7.975999206558082814e-05	4.780335956555416924e+05	4.574149060649616295e+05	2.378316162072192583e-02	9.354485255036649760e+05
2.219573020758310022e+01	1.499311617403749569e-03	7.569282697261777493e-12	3.334873722713509210e+02	2.219573001126249423e+01	2.219572990776068977e+01	2.219572990776283916e+01	8.330550776308554104e-05	4.380898519581489963e+05	4.191944483149840380e+05	2.227656132008477841e-02	8.572843225496943342e+05
2.171679570052477359e+01	1.566172051292024671e-03	7.736224301596930723e-12	3.192507260854433184e+02	2.171679548761905920e+01	2.171679537538208749e+01	2.171679537538456728e+01	8.702439937413684184e-05	4.014837488966611563e+05	3.841676173988766968e+05	2.086540025840384269e-02	7.856513871609381167e+05
2.124819571659490691e+01	1.636014065238664819e-03	7.906832737563700288e-12	3.056218467017480407e+02	2.124819548628000021e+01	2.124819536487581573e+01	2.124819536487724392e+01	9.091604797960953807e-05	3.679363891775677330e+05	3.520675520115545951e+05	1.954363230564531637e-02	7.200039607327546692e+05
2.078970727095785165e+01	1.708970620086543287e-03	8.081205329237487731e-12	2.925747890752938360e+02	2.078970702238015988e+01	2.078970689136080097e+01	2.078970689136075123e+01	9.498043840858877169e-05	3.371921921717164805e+05	3.226496981941674603e+05	1.830559469733676961e-02	6.598419086714786245e+05
2.034111219504703527e+01	1.785180605946028089e-03	8.259435788366714217e-12	2.800847149778978746e+02	2.034111192732860829e+01	2.034111178623210137e+01	2.034111178623279415e+01	9.921619880662001776e-05	3.090169291611730005e+05	2.956899365880297264e+05	1.714598338576558620e-02	6.047068828951860778e+05
1.990219701957959586e+01	1.864789106605263405e-03	8.441586588742703796e-12	2.681278468877675323e+02	1.990219672629191194e+01	1.990219657182649016e+01	1.990219657182777979e+01	1.035001481556154293e-04	2.831959457062305300e+05	2.709828737904360169e+05	1.605983029077187596e-02	5.541788355564968660e+05
1.947275285259095412e+01	1.947947675731578334e-03	8.627750574649784124e-12	2.566814212429758868e+02	1.947275251490663095e+01	1.947275233738663047e+01	1.947275233738670508e+01	1.080627210249643534e-04	2.595325209144287219e+05	2.483402767382737366e+05	1.504248198382875795e-02	5.078728126951844315e+05
1.905257530634768415e+01	2.034814625389846053e-03	8.818033289966908676e-12	2.457236471481446074e+02	1.905257493763535948e+01	1.905257474343937929e+01	1.905257474343968838e+01	1.130933609890244761e-04	2.378463722592937993e+05	2.275896438208710751e+05	1.408957982050720696e-02	4.654360301697446848e+05
1.864146447500808534e+01	2.125555327427064087e-03	9.012507387393484382e-12	2.352336646602115025e+02	1.864146408225238716e+01	1.864146387508278835e+01	1.864146387508332836e+01	1.181139198388587265e-04	2.179722829904454120e+05	2.085728881193323759e+05	1.319704141871703290e-02	4.265451843068191665e+05
1.823922469832990600e+01	2.220342528296885120e-03	9.211260172462412810e-12	2.251915031171682813e+02	1.823922426944485764e+01	1.823922404365711358e+01	1.823922404365671923e+01	1.232500378607216522e-04	1.997588408394436992e+05	1.911451282452888263e+05	1.236104285535016140e-02	3.909039814457753673e+05
1.784566452391398172e+01	2.319356677923488461e-03	9.414410176873489941e-12	2.155780439378128506e+02	1.784566405236986597e+01	1.784566380448584866e+01	1.784566380448582734e+01	1.287433795056375110e-04	1.830672828531246632e+05	1.751735899007883854e+05	1.157800242503064479e-02	3.582408843319154694e+05
1.746059671676468028e+01	2.422786273230808328e-03	9.622041334805804111e-12	2.063749868748512597e+02	1.746059620320177075e+01	1.746059593314232572e+01	1.746059593314240033e+01	1.344972615551778762e-04	1.677704446583378303e+05	1.605365966267015319e+05	1.084456547778895122e-02	3.283070521296048537e+05
1.708383802156511777e+01	2.530828216991153935e-03	9.834234240970522102e-12	1.975648116066374484e+02	1.708383746471934828e+01	1.708383717173621008e+01	1.708383717173635574e+01	1.404984812762745253e-04	1.537517859165992413e+05	1.471226360916771810e+05	1.015758975146920963e-02	3.008744321658661938e+05
1.671520911528371300e+01	2.643688192676349642e-03	1.005112167025740908e-11	1.891307450825800061e+02	1.671520851037477229e+01	1.671520819215073317e+01	1.671520819215064790e+01	1.466974959314995292e-04	1.409045029686062480e+05	1.348295130228909547e+05	9.514132027650116369e-03	2.757340255056292517e+05
1.635453461934030273e+01	2.761581056025014854e-03	1.027280003202423240e-11	1.810567321705480026e+02	1.635453396048913888e+01	1.635453361405972927e+01	1.635453361405978256e+01	1.532128358017902819e-04	1.291307194248239393e+05	1.235635739669305040e+05	8.911435635663640317e-03	2.526943023031900811e+05
1.600164289058395539e+01	2.884731244071448136e-03	1.049934191999791431e-11	1.733274017791254380e+02	1.600164217312681103e+01	1.600164179602269598e+01	1.600164179602251835e+01	1.599982324073847412e-04	1.183407348007666296e+05	1.132389894217753899e+05	8.346918434278781385e-03	2.315797325694604660e+05
1.565636597050907497e+01	3.013373202414746169e-03	1.073089574750735082e-11	1.659280386503791362e+02	1.565636518926747378e+01	1.565636477873267296e+01	1.565636477873251309e+01	1.670863453662867497e-04	1.084523435390680534e+05	1.037771010935322120e+05	7.818161837455905525e-03	2.122294524507620954e+05
1.531853963901802906e+01	3.147751831541646585e-03	1.096757166265874965e-11	1.588445584847311238e+02	1.531853878853875983e+01	1.531853834170430595e+01	1.531853834170426687e+01	1.744991530019233841e-04	9.939021303064627864e+04	9.510582619681771030e+04	7.322900636059497849e-03	1.944960465503646410e+05
1.498800313844325593e+01	3.288122953052681138e-03	1.120943280301843843e-11	1.520634760834968802e+02	1.498800221296156643e+01	1.498800172683673715e+01	1.498800172683660570e+01	1.821911276915967755e-04	9.108530190265193232e+04	8.715910272828648158e+04	6.859012984345405801e-03	1.782444114899514243e+05
1.466459911085048695e+01	3.434753796679297644e-03	1.145664473848577376e-11	1.455718806620832595e+02	1.466459810321847357e+01	1.466459757409657350e+01	1.466459757409643672e+01	1.902842725128429491e-04	8.347433648884775175e+04	7.987638714432132838e+04	6.424511369239274509e-03	1.633507300576804555e+05
1.434817353257856887e+01	3.587923509019048073e-03	1.170932632911877344e-11	1.393574116591073278e+02	1.434817243813814969e+01	1.434817186358632846e+01	1.434817186358598917e+01	1.987353240261468027e-04	7.649932939812370751e+04	7.320219393783892156e+04	6.017534110772449103e-03	1.497015293534967350e+05
1.403857582014962091e+01	3.747923684957357119e-03	1.196754960698013048e-11	1.334082381352699542e+02	1.403857462745284224e+01	1.403857400158022273e+01	1.403857400157991187e+01	2.074451314525486382e-04	7.010714073501749954e+04	6.708567631817112851e+04	5.636337617713308400e-03	1.371928226895262487e+05
1.373565875571662254e+01	3.915058922787580629e-03	1.223147887287014165e-11	1.277130369267783010e+02	1.373565745790796555e+01	1.373565677716049294e+01	1.373565677716008082e+01	2.166164713158153291e-04	6.424907389618591696e+04	6.148023852998315124e+04	5.279288893215478180e-03	1.257293177054579573e+05
1.343927818772257510e+01	4.089647404086091051e-03	1.250124755184396499e-11	1.222609658228639091e+02	1.343927677624522055e+01	1.343927603620207734e+01	1.343927603620143252e+01	2.261457293599165896e-04	5.888049847573380248e+04	5.634317585086745385e+04	4.944858245721671201e-03	1.152236792714595067e+05
1.314929308126691154e+01	4.272021499446429504e-03	1.277694093770444328e-11	1.170416456619335861e+02	1.314929154507663966e+01	1.314929074004044551e+01	1.314929074003958753e+01	2.361198406753686405e-04	5.396051358016704762e+04	5.163535196432279190e+04	4.631612904265446605e-03	1.055958701761027478e+05
1.286556544413693004e+01	4.462528401225548773e-03	1.305871785273348083e-11	1.120451401094978507e+02	1.286556377305822885e+01	1.286556289779133522e+01	1.286556289779019657e+01	2.464682370676531185e-04	4.945163538996686839e+04	4.732090075260103185e+04	4.338210843308469393e-03	9.677254048077874177e+04
1.258796024703128680e+01	4.661530784506851509e-03	1.334672901036522077e-11	1.072619369313374875e+02	1.258795842687480970e+01	1.258795747408769827e+01	1.258795747408607468e+01	2.572915476166646206e-04	4.531951236791884003e+04	4.336695268615148234e+04	4.063395029199438034e-03	8.868646911746534170e+04
1.231634538494520825e+01	4.869407497538249391e-03	1.364107448614175603e-11	1.026829304444781883e+02	1.231634340187970089e+01	1.231634236448542197e+01	1.231634236448325481e+01	2.685337531947767833e-04	4.153266387088896590e+04	3.974338499648484867e+04	3.805988067520953404e-03	8.127605267336187535e+04
1.205059160733489065e+01	5.086554282959673129e-03	1.394190606780610076e-11	9.829940329842905555e+01	1.205058944475493377e+01	1.205058831424793730e+01	1.205058831424495125e+01	2.802680686300561947e-04	3.806223908447094436e+04	3.642259190182042948e+04	3.564887157016580817e-03	7.448483455117853009e+04
1.179057245537679499e+01	5.313384531193096443e-03	1.424939343583914098e-11	9.410301048041525007e+01	1.179057009564143854e+01	1.179056886301367157e+01	1.179056886300958595e+01	2.924983273714733853e-04	3.488179816947755171e+04	3.337927435454045190e+04	3.339059359846081008e-03	6.826107586307736346e+04
1.153616419989300290e+01	5.550330067429240163e-03	1.456365299974051223e-11	9.008576343322476987e+01	1.153616162549843160e+01	1.153616028182674924e+01	1.153616028182126207e+01	3.052057478506320235e-04	3.196711081479092172e+04	3.059024725389604282e+04	3.127537169214655421e-03	6.255736119622413389e+04
1.128724577204466861e+01	5.797841973709311723e-03	1.488482786060126433e-11	8.624001428463037655e+01	1.128724296037850472e+01	1.128724149413496569e+01	1.128724149412749789e+01	3.185301915153390976e-04	2.929597102314891526e+04	2.803426261551005882e+04	2.929414361191091769e-03	5.733023656807333464e+04
1.104369871362488453e+01	6.056391447666644584e-03	1.521310856209985054e-11	8.255844160102762430e+01	1.104369564719300456e+01	1.104369404949210143e+01	1.104369404948209699e+01	3.323579496766171609e-04	2.684802811777808893e+04	2.569184801706782309e+04	2.743842120456104969e-03	5.253987887868803227e+04
1.080540711885277894e+01	6.326470699563208414e-03	1.554862961394064079e-11	7.903403645039975345e+01	1.080540377284746256e+01	1.080540203107441322e+01	1.080540203106092356e+01	3.468444541961673453e-04	2.460463203185723614e+04	2.354515792739676181e+04	2.570025396365365963e-03	4.814979252927939524e+04
1.057225757492571461e+01	6.608593889328600625e-03	1.589152361233220006e-11	7.566008918677211170e+01	1.057225392941689179e+01	1.057225203345148046e+01	1.057225203343339537e+01	3.619315633729727993e-04	2.254869108717875861e+04	2.157783804314087320e+04	2.407219499460713178e-03	4.412653153753912920e+04
1.034413914834311221e+01	6.903298105385453388e-03	1.624200391646108512e-11	7.243017692966324717e+01	1.034413518043676206e+01	1.034413311865235841e+01	1.034413311862820528e+01	3.776696198291338387e-04	2.066454196291451080e+04	1.977490076872360805e+04	2.254726954134028596e-03	4.043944498636507342e+04
1.012094329575253759e+01	7.211144387124686535e-03	1.660022497988390473e-11	6.933815093915566763e+01	1.012093898093930022e+01	1.012093674088212225e+01	1.012093674084986894e+01	3.941120639560522702e-04	1.893783008366035210e+04	1.812261080459876030e+04	2.111894441741530085e-03	3.706044300015355111e+04
9.902563801654263642e+00	7.532718792977042416e-03	1.696630683676047309e-11	6.637812479143757116e+01	9.902559117875092909e+00	9.902556688333385537e+00	9.902556688290539810e+00	4.112011040536258321e-04	1.735540019258259417e+04	1.660838046673679855e+04	1.978110014549895514e-03	3.396378263742940908e+04
9.688896725847339297e+00	7.868633516114402829e-03	1.734048803446230465e-11	6.354446303720582279e+01	9.688891641612674022e+00	9.688889006934136461e+00	9.688889006875605503e+00	4.288903087548755840e-04	1.590519616002565272e+04	1.522067366483379919e+04	1.852800487789824958e-03	3.112587167765993945e+04
9.479840380377074993e+00	8.219528049904679598e-03	1.772294510802651650e-11	6.083177095896341768e+01	9.479834854434002978e+00	9.479831995041022807e+00	9.479831994960322916e+00	4.470245678067413710e-04	1.457616934233424763e+04	1.394891832856544897e+04	1.735428991488871487e-03	2.852508940632868689e+04
9.275295316773402021e+00	8.586070405339176620e-03	1.811378321367474533e-11	5.823488475270470843e+01	9.275289302935156854e+00	9.275286195389618626e+00	9.275286195282131274e+00	4.661485366121188314e-04	1.335819457553835673e+04	1.278342606222841641e+04	1.625492687360255819e-03	2.614162226325946176e+04
9.075164195130653866e+00	8.968958382749988786e-03	1.851326833904680451e-11	5.574886064298444666e+01	9.075157652264570274e+00	9.075154276120006358e+00	9.075154275977954654e+00	4.860078380669990961e-04	1.224199248103114769e+04	1.171531785832077730e+04	1.522520576487214382e-03	2.395731186187250205e+04
8.879351771815748862e+00	9.368920900238471641e-03	1.892159244504430699e-11	5.336896576342841314e+01	8.879344653852873748e+00	8.879340986493174270e+00	8.879340986305361838e+00	5.066307055234297099e-04	1.121905902272884487e+04	1.073645652767758111e+04	1.426071491950767775e-03	2.195551697647791661e+04
8.687764853615208338e+00	9.786719381343809976e-03	1.933886998558270557e-11	5.109066928917222583e+01	8.687757109887307649e+00	8.687753126419783811e+00	8.687753126172090390e+00	5.281963476868683192e-04	1.028160076803968514e+04	9.839384794800327654e+03	1.335732209135731150e-03	2.012098689857222053e+04
8.500312279182518083e+00	1.022314920459330319e-02	1.976537049022162303e-11	4.890963408434843984e+01	8.500303862456313198e+00	8.500299539867302911e+00	8.500299539543208382e+00	5.504967453342560473e-04	9.422475558509700932e+03	9.017268643497149242e+03	1.251115695696918386e-03	1.843974545312254486e+04
8.316904860571359137e+00	1.067904121769414592e-02	2.020130767547502619e-11	4.682170811166960078e+01	8.316895709710330209e+00	8.316891018337825514e+00	8.316891017913450312e+00	5.737432700059963333e-04	8.635138049987492195e+03	8.263845011374924070e+03	1.171859438717736323e-03	1.689898423322185408e+04
8.137455320586573393e+00	1.115526331924912400e-02	2.064681702077587110e-11	4.482291658880835428e+01	8.137445377929516610e+00	8.137440290248145303e+00	8.137440289695113904e+00	5.978239051598523840e-04	7.913589777895913357e+03	7.573374196299741925e+03	1.097623891187032418e-03	1.548696507181954803e+04
7.961878249533902441e+00	1.165272211100748696e-02	2.110215982926225704e-11	4.290945406358256520e+01	7.961867443563751756e+00	7.961861925661838590e+00	7.961861924940609292e+00	6.227548874199586920e-04	7.252333399640882817e+03	6.940595950373151936e+03	1.028090996001697517e-03	1.419293037810502938e+04
7.790090081889085916e+00	1.217236462379651073e-02	2.156757752092598630e-11	4.107767767369418976e+01	7.790078338443969130e+00	7.790072355587269293e+00	7.790072354647909592e+00	6.486249289261986463e-04	6.646330959046682437e+03	6.360689630431163096e+03	9.629628424972327180e-04	1.300702155244068672e+04
7.622009100749081334e+00	1.271518012041928866e-02	2.204322902964301427e-11	3.932410055559738282e+01	7.621996343243981897e+00	7.621989860113379756e+00	7.621989858894534287e+00	6.753669675172992940e-04	6.090965620111870521e+03	5.829237541934053297e+03	9.019604077009898751e-04	1.192020406400633146e+04
7.457555326036908738e+00	1.328220197895122259e-02	2.252936508519085035e-11	3.764538426409415450e+01	7.457541456910762534e+00	7.457534428511343627e+00	7.457534426925502835e+00	7.032510024478480287e-04	5.582006207631716279e+03	5.342190955322123045e+03	8.448223372418811866e-04	1.092419800777617638e+04
7.296650494010699539e+00	1.387450966002032847e-02	2.302625736176289581e-11	3.603833303842300495e+01	7.296635432589873460e+00	7.296627822188654910e+00	7.296627820142902010e+00	7.319635829055035677e-04	5.115575078644418682e+03	4.895839559663310865e+03	7.913038308895435115e-04	1.001141542961156119e+04
7.139218027976874659e+00	1.449323076181661084e-02	2.353409079564155748e-11	3.449988722565584709e+01	7.139201659251326326e+00	7.139193414033421448e+00	7.139193411386627552e+00	7.619889148062257899e-04	4.688118608496843081e+03	4.486782884081814700e+03	7.411755937554857007e-04	9.174902233754251938e+03
6.985183018531664345e+00	1.513954316674277593e-02	2.405310308489330543e-11	3.302711825079601482e+01	6.985165249131132015e+00	6.985156326453163977e+00	6.985156323054591887e+00	7.929947381269645970e-04	4.296380130574112627e+03	4.111904821026421814e+03	6.942228626324123148e-04	8.408285645823396408e+03
6.834472179809392145e+00	1.581467728379277321e-02	2.458359905383653056e-11	3.161722234552050281e+01	6.834452894245669263e+00	6.834443241734464713e+00	6.834443237380157576e+00	8.251370816228641592e-04	3.937375108857677787e+03	3.768349508883027738e+03	6.502444825193229088e-04	7.705725267985187202e+03
6.687013795887899015e+00	1.651991839092727121e-02	2.512579219305788567e-11	3.026751545468843219e+01	6.686992870931557142e+00	6.686982433807941106e+00	6.686982428240567877e+00	8.583904121371336649e-04	3.608368381095483983e+03	3.453499733021611974e+03	6.090520352210878827e-04	7.061868723169131954e+03
6.542737691774392239e+00	1.725660908190511725e-02	2.567990446354032322e-11	2.897542807181591229e+01	6.542715001704648259e+00	6.542703727716802753e+00	6.542703720635152820e+00	8.924799543941705233e-04	3.306853310707766468e+03	3.164956970170669138e+03	5.704690377348388972e-04	6.471810851347472635e+03
6.401575195879141589e+00	1.802615182222913268e-02	2.624627711754878478e-11	2.773850006751924724e+01	6.401550579973398492e+00	6.401538400516545657e+00	6.401538391505577685e+00	9.279302345934457852e-04	3.030532679568780168e+03	2.900523009414982880e+03	5.343301901423141813e-04	5.931056223313952614e+03
6.263459159247243058e+00	1.883001161907188817e-02	2.682515508309708195e-11	2.655437701898484804e+01	6.263432477810688681e+00	6.263419334637955416e+00	6.263419323248418102e+00	9.643464134736952093e-04	2.777301307477517184e+03	2.658183528300223770e+03	5.004806656648670650e-04	5.435485336258406278e+03
6.128323872409696449e+00	1.966971881026439301e-02	2.741674152035826573e-11	2.542080460414852183e+01	6.128294942766072673e+00	6.128280760108221870e+00	6.128280745710391386e+00	1.002178762602329212e-03	2.545229905708175011e+03	2.436092349890715468e+03	4.687754410725754870e-04	4.981322724374331301e+03
5.996105023636481235e+00	2.054687197765727585e-02	2.802141756027006422e-11	2.433562484117472380e+01	5.996073677723793516e+00	5.996058387882182927e+00	5.996058369775496111e+00	1.041383421198228965e-03	2.332550346183318197e+03	2.232557648003380109e+03	4.390786790035316502e-04	4.565108433265377244e+03
5.866739690474405577e+00	2.146314099040050674e-02	2.863946292257168540e-11	2.329677171534892111e+01	5.866705737952553790e+00	5.866689265666391151e+00	5.866689242975013485e+00	1.081303087704793987e-03	2.137642253995767533e+03	2.046028890850225253e+03	4.112631458010271583e-04	4.183671556109138692e+03
5.740166325261724545e+00	2.242027018393557072e-02	2.927105872466314599e-11	2.230226753235019643e+01	5.740129551665553720e+00	5.740111814013032721e+00	5.740111785621564877e+00	1.122747990001727843e-03	1.959020672267914733e+03	1.875085129849046098e+03	3.852096696735807669e-04	3.834106187326630788e+03
5.616324709854544572e+00	2.342008168075171426e-02	2.991662952757687163e-11	2.135021919354381836e+01	5.616284911470938113e+00	5.616265833169961752e+00	5.616265797849067987e+00	1.165106895010351159e-03	1.795324721511801044e+03	1.718424204740920686e+03	3.608066324053604747e-04	3.513749287059353719e+03
5.495155917142469093e+00	2.446447885922846052e-02	3.057648565115847757e-11	2.043881402286919524e+01	5.495112828835947205e+00	5.495092313023976160e+00	5.495092269092444859e+00	1.208851952671217240e-03	1.645307227134534742e+03	1.574852636349426120e+03	3.379494825814286884e-04	3.220160201433443490e+03
5.376602297087160309e+00	2.555544997716789613e-02	3.125080482859790330e-11	1.956631718236911865e+01	5.376555685992805422e+00	5.376533650775050965e+00	5.376533596451010588e+00	1.253777630731136563e-03	1.507825228039380590e+03	1.443276813746204652e+03	3.165402905415897849e-04	2.951102358325875684e+03
5.260607420960348612e+00	2.669507195691503063e-02	3.194003697696774106e-11	1.873106736432118424e+01	5.260557000488058854e+00	5.260533344037408909e+00	5.260533276992021001e+00	1.300098386073163421e-03	1.381831249794532141e+03	1.322694359823091418e+03	2.964873323245549282e-04	2.704525906104955993e+03
5.147116118361154236e+00	2.788551433927230830e-02	3.264452066533176711e-11	1.793147470656968423e+01	5.147061605041130861e+00	5.147036230227572062e+00	5.147036147807520834e+00	1.347673540967028521e-03	1.266365379712960475e+03	1.212186772643891800e+03	2.777046985036584338e-04	2.478552430061550695e+03
5.036074409418026754e+00	2.912904341373513326e-02	3.336446618243718626e-11	1.716601715848270260e+01	5.036015509903204013e+00	5.035988321953221991e+00	5.035988221107665197e+00	1.396312975541905751e-03	1.160547910790609649e+03	1.110912276356021266e+03	2.601119167683789749e-04	2.271460447258547902e+03
4.927429450323525195e+00	3.042802653291164922e-02	3.410031316385717391e-11	1.643323718688846569e+01	4.927365797199668052e+00	4.927336680890094023e+00	4.927336557629396374e+00	1.446201539061250972e-03	1.063572615707196292e+03	1.018099336585370338e+03	2.436336113772206763e-04	2.081672195926178119e+03
4.821129536319460840e+00	3.178493661934005121e-02	3.485244360766019950e-11	1.573174001981755410e+01	4.821060825501780833e+00	4.821029691569467701e+00	4.821029541955506481e+00	1.497178764726160051e-03	9.747006339675336903e+02	9.330410266520233336e+02	2.281991807542435786e-04	1.907741888818737834e+03
4.717124081276547365e+00	3.320235687328322582e-02	3.562110393036474973e-11	1.506018966434212736e+01	4.717049869315268928e+00	4.717016585431145437e+00	4.717016403746647768e+00	1.549575862440962914e-03	8.932548487466877987e+02	8.550892975715007651e+02	2.137424946090089970e-04	1.748344360060683130e+03
4.615363580011035971e+00	3.468298569046344287e-02	3.640672067862777645e-11	1.441730797278588483e+01	4.615283512905472563e+00	4.615247984526243741e+00	4.615247765289709925e+00	1.602928256623844128e-03	8.186147133215166605e+02	7.836504538952962093e+02	2.002016129653313005e-04	1.602265367418425740e+03
4.515799646394748734e+00	3.622964179909862054e-02	3.720972272424397051e-11	1.380187096326478802e+01	4.515713269745326386e+00	4.515675375281501758e+00	4.515675111387852603e+00	1.657481705661902104e-03	7.502115696754871124e+02	7.181802769691862522e+02	1.875185261777508820e-04	1.468392034163199696e+03
4.418384926020937797e+00	3.784526962602034750e-02	3.803039575007283790e-11	1.321270718102849706e+01	4.418291780189488094e+00	4.418251404941671012e+00	4.418251088432099571e+00	1.713139017538425814e-03	6.875242653359513270e+02	6.581800906635143065e+02	1.756388955461066605e-04	1.345704531638361232e+03
4.323073072961257424e+00	3.953294490208876522e-02	3.886914979109551472e-11	1.264869510580967926e+01	4.322972699964344301e+00	4.322929737839538156e+00	4.322929360061040782e+00	1.769794079904045284e-03	6.300751829156097301e+02	6.031928788270032555e+02	1.645118245131616007e-04	1.233268226254437650e+03
4.229818736811454372e+00	4.129588051757603767e-02	3.972646521797972352e-11	1.210876069636675467e+01	4.229710568279591243e+00	4.229664889545830420e+00	4.229664439508777463e+00	1.827626021663917135e-03	5.774266132168889953e+02	5.527997359239831212e+02	1.540896428120414106e-04	1.130226503230514936e+03
4.138577559393242566e+00	4.313743263866520739e-02	4.060267101157219020e-11	1.159187647166827340e+01	4.138461106525160638e+00	4.138412615289839280e+00	4.138412082225865873e+00	1.886282802121932219e-03	5.291774274350980249e+02	5.066168866913355942e+02	1.443276964199940223e-04	1.035794458454130108e+03
4.049306137465490174e+00	4.506110709670863024e-02	4.149815774779526970e-11	1.109705802159879795e+01	4.049180752470373790e+00	4.049129320068477256e+00	4.049128689878323861e+00	1.946039475548167136e-03	4.849600129858692412e+02	4.642924791578642498e+02	1.351841597841587218e-04	9.492526273278932649e+02
3.961961995566011030e+00	4.707056606240982849e-02	4.241346213230198181e-11	1.062336363534370420e+01	3.961827099200082358e+00	3.961772628711506261e+00	3.961771887387110613e+00	2.006582419391592879e-03	4.444374692198986736e+02	4.255041851791543195e+02	1.266198576882171490e-04	8.699417810189107740e+02
3.876503588156833935e+00	4.916963501763419592e-02	4.334896036015097964e-11	1.016989138521267222e+01	3.876358511329685452e+00	3.876300896212018010e+00	3.876300027302915119e+00	2.067987915823036194e-03	4.073010532770849750e+02	3.899565303943650179e+02	1.185980963604434200e-04	7.972577022695463711e+02
3.792890268670552789e+00	5.136231003812118806e-02	4.430502002012560901e-11	9.735777965914563126e+00	3.792734285119634841e+00	3.792673422504795333e+00	3.792672407482338581e+00	2.130198752703369065e-03	3.732678205678864174e+02	3.573787495289225262e+02	1.110845066154491587e-04	7.306466811813156710e+02
3.711082248535137573e+00	5.365276540096257374e-02	4.528223875387970892e-11	9.320197108651383289e+00	3.710914676069629436e+00	3.710850488783382417e+00	3.710849309123568140e+00	2.193020850771029533e-03	3.420784603493167992e+02	3.275227362962910433e+02	1.040468969023496847e-04	6.696013006925047648e+02
3.631040613119418392e+00	5.604536153132937820e-02	4.628104410054993860e-11	8.922357261696770792e+00	3.630860583184442714e+00	3.630792974338793666e+00	3.630791607102972218e+00	2.256670970783657571e-03	3.134953367049576514e+02	3.001610282539453465e+02	9.745511466475975085e-05	6.136564624140175965e+02
3.552727301690085326e+00	5.854465330357530584e-02	4.730177718987131478e-11	8.541501583236167150e+00	3.552534071112357417e+00	3.552462990694544853e+00	3.552461414739062739e+00	2.320770915109040405e-03	2.873006737244784858e+02	2.750852931326365365e+02	9.128091769978152975e-05	5.623860581380326948e+02
3.476105049770179534e+00	6.115539871252093779e-02	4.834510150805676432e-11	8.176904534782563516e+00	3.475897669382800093e+00	3.475823049999608561e+00	3.475821239615660474e+00	2.385500187797487664e-03	2.632948846265070415e+02	2.521044779012359811e+02	8.549785413436558276e-05	5.153994480255971666e+02
3.401137411422554990e+00	6.388256793142549350e-02	4.941150002627578680e-11	7.827872294810981124e+00	3.400914981532441761e+00	3.400836789829666085e+00	3.400834720044090265e+00	2.450619083739631349e-03	2.412950647473302013e+02	2.310435857506227535e+02	8.008114720358186500e-05	4.723387305791001154e+02
3.327788744992072445e+00	6.673135277389105613e-02	5.050128411554290608e-11	7.493740474520774519e+00	3.327550316658272500e+00	3.327468536104424945e+00	3.327466180947080687e+00	2.516092142234245370e-03	2.211335962219313558e+02	2.117422124166202480e+02	7.500758812979159418e-05	4.328758836461396982e+02
3.256024139280307317e+00	6.970717657771104137e-02	5.161518894629069768e-11	7.173872573501769878e+00	3.255768585296532791e+00	3.255683202163480949e+00	3.255680532460426324e+00	2.581911266097559454e-03	2.026568570301595287e+02	1.940533126952382759e+02	7.025543893757697008e-05	3.967102399808367181e+02
3.185809455222210040e+00	7.281570452948050998e-02	5.275375081497416539e-11	6.867660260090723057e+00	3.185535857995819509e+00	3.185446911627904498e+00	3.185443903497288787e+00	2.647826526428461412e-03	1.857240675004589434e+02	1.778422330265751441e+02	6.580433853615964487e-05	3.635663663313725920e+02
3.117111323059569727e+00	7.606285444962315734e-02	5.391726881799719461e-11	6.574519755733062354e+00	3.116818289531338770e+00	3.116725800390842682e+00	3.116722421817982980e+00	2.714025140044032478e-03	1.702062181321918217e+02	1.629854120998049041e+02	6.163521595137954256e-05	3.331916918672126826e+02
3.049897046536671485e+00	7.945480805836586946e-02	5.510653396975041227e-11	6.293893870283230996e+00	3.049583553317199325e+00	3.049487607652538568e+00	3.049483836255578062e+00	2.780160586523238667e-03	1.559850682684091510e+02	1.493697962716909160e+02	5.773020877815697834e-05	3.053549222703088049e+02
2.984134653474295185e+00	8.299802274411013925e-02	5.632212592279318968e-11	6.025247711081091140e+00	2.983799322660728670e+00	2.983700005435556246e+00	2.983695814766632370e+00	2.846308826213844387e-03	1.429522619042221834e+02	1.368916242712229518e+02	5.407258575795339948e-05	2.798439402480309468e+02
2.919792885922874781e+00	8.669924385660261745e-02	5.756439184203464481e-11	5.768070243258012653e+00	2.919434418869891523e+00	2.919331855015779187e+00	2.919327223805442184e+00	2.912309547869947404e-03	1.310085020230938255e+02	1.254558984121164826e+02	5.064667524755447502e-05	2.564644510818855565e+02
2.856841116807990577e+00	9.056551754830897971e-02	5.883412128908097325e-11	5.521871812624000952e+00	2.856458180791259238e+00	2.856352517361417043e+00	2.856347427696620755e+00	2.978052123040850641e-03	1.200627800084376560e+02	1.149755256096442224e+02	4.743779874987555389e-05	2.350383530558806342e+02
2.795249395207490828e+00	9.460420418843626389e-02	6.013196065025082571e-11	5.286183317680818838e+00	2.794840402598561369e+00	2.794731804234180217e+00	2.794726239503480869e+00	3.043520872384709690e-03	1.100316955850024954e+02	1.053706580142794138e+02	4.443220819638031278e-05	2.154023980314901223e+02
2.734988456693647763e+00	9.882299237514204082e-02	6.145830802864813969e-11	5.060556788733474143e+00	2.734552073453837995e+00	2.734440737891150608e+00	2.734434690427761439e+00	3.108482469328005364e-03	1.008388233392029321e+02	9.656820383018620646e+01	4.161702584123819145e-05	1.974070687864149818e+02
2.676029625248669053e+00	1.032299135726054279e-01	6.281395158266266338e-11	4.844561956906788147e+00	2.675564097157232535e+00	2.675450231449897132e+00	2.675443694718083076e+00	3.172965873822199741e-03	9.241411673193927356e+01	8.850107202177696308e+01	3.898018944028659418e-05	1.809152277339056525e+02
2.618344849606832003e+00	1.078333574008239065e-01	6.419960970436301538e-11	4.637788183871268011e+00	2.617848684638515167e+00	2.617732515788357972e+00	2.617725492740688331e+00	3.236735883114354780e-03	8.469338439154745402e+01	8.110787237250127646e+01	3.651040079290900759e-05	1.658012932744495345e+02
2.561906712875016368e+00	1.126420876072457139e-01	6.561573479882733768e-11	4.439841545053319294e+00	2.561378169785073489e+00	2.561259935019568168e+00	2.561252433312391830e+00	3.299720571514652787e-03	7.761780170575231352e+01	7.433228001580894784e+01	3.419707725232928744e-05	1.519501159186385166e+02
2.506688355367352461e+00	1.176652587506420294e-01	6.706311475610577765e-11	4.250345171426611834e+00	2.506125654466659913e+00	2.506005596907321387e+00	2.505997631603296583e+00	3.361768368323257965e-03	7.113345525120824675e+01	6.812269845304524551e+01	3.203030678956160629e-05	1.392561857345602903e+02
2.452663500108702710e+00	1.229124336289819097e-01	6.854254401489929186e-11	4.068938609513426563e+00	2.452065020615880719e+00	2.451943381150059054e+00	2.451934974434368364e+00	3.422732216530647957e-03	6.519093767947748574e+01	6.243186186076906807e+01	3.000080541502639082e-05	1.276228295410519564e+02
2.399806480858937885e+00	1.283936014844861973e-01	7.005453101042719783e-11	3.895275943119257622e+00	2.399170147922363050e+00	2.399047165651951641e+00	2.399038346027334345e+00	3.482473005512776686e-03	5.974497448772648056e+01	5.721639571213790987e+01	2.809987747681871761e-05	1.169613982997418731e+02
2.348092150746627027e+00	1.341191970205201922e-01	7.159986552016909980e-11	3.729027367480458377e+00	2.347416367806135717e+00	2.347292266611177514e+00	2.347283069107362952e+00	3.540835717906774815e-03	5.475407052089053650e+01	5.243663489981182124e+01	2.631937808024297908e-05	1.071907317400804374e+02
2.297495896809799820e+00	1.401001202665276002e-01	7.317942160729705306e-11	3.569875544478938512e+00	2.296778525216069511e+00	2.296653513483795095e+00	2.296643978914639561e+00	3.597641287098304278e-03	5.018019755611252464e+01	4.805613410984071265e+01	2.465167874248247757e-05	9.823635631763197296e+01
2.247993672294381184e+00	1.463477573288215483e-01	7.479376504384796845e-11	3.417518140377870051e+00	2.247232922019955392e+00	2.247107185505425431e+00	2.247097359152721907e+00	3.652752103671636809e-03	4.598850813590077280e+01	4.404157266693276540e+01	2.308963433495217875e-05	9.003010389246787781e+01
2.199561925511906324e+00	1.528740020667398725e-01	7.644369254412125045e-11	3.271664886092113367e+00	2.198755848764430532e+00	2.198629547949820129e+00	2.198619478822594342e+00	3.706004593084278893e-03	4.214706459570437858e+01	4.036236906882223252e+01	2.162655105905133209e-05	8.250945529107767129e+01
2.152177602020029834e+00	1.596912787354275998e-01	7.813016281426842246e-11	3.132037780695888340e+00	2.151324029602470489e+00	2.151197292854781562e+00	2.151187033453116459e+00	3.757206218455615924e-03	3.862659730910776545e+01	3.699049304795169490e+01	2.025615949776756014e-05	7.561711061321895500e+01
2.105818190162031645e+00	1.668125656383549760e-01	7.985380132657663577e-11	2.998371837053984912e+00	2.104915448185573190e+00	2.104788377962274915e+00	2.104777979411875499e+00	3.806309102956089742e-03	3.540028585507876357e+01	3.390030787347742347e+01	1.897258751790706363e-05	6.930061270114369165e+01
2.060461640768943781e+00	1.742514198345960219e-01	8.161541758493789673e-11	2.870411480625838063e+00	2.059507240078952250e+00	2.059379897979272123e+00	2.059369415885394350e+00	3.852981171283256356e-03	3.244354928528125015e+01	3.106823144467092135e+01	1.777033499173686902e-05	6.351179850028716345e+01
2.016086354987253859e+00	1.820220029479071577e-01	8.341605681091098369e-11	2.747914197812550530e+00	2.015078615943832752e+00	2.014951042340259679e+00	2.014940525925072112e+00	3.897304488067594892e-03	2.973385895779241039e+01	2.847275100375012613e+01	1.664425037081233106e-05	5.820662660579291270e+01
1.972671242371054401e+00	1.901391081267385097e-01	8.525640264805445910e-11	2.630645931858031084e+00	1.971607800704089364e+00	1.971479995786556527e+00	1.971469495949043305e+00	3.938994265404123507e-03	2.725057148222776604e+01	2.609406560453616919e+01	1.558950831253158863e-05	5.334465267627225415e+01
1.930195652340090717e+00	1.986181882065002069e-01	8.713728759044763469e-11	2.518383974428989092e+00	1.929074514294131015e+00	1.928946457846431928e+00	1.928936019723304529e+00	3.978038295222714911e-03	2.497476762242701298e+01	2.391408656182675330e+01	1.460158921793268264e-05	4.888886878584298756e+01
1.888639354857558850e+00	2.074753851277014172e-01	8.905984497785806325e-11	2.410914479486472306e+00	1.887458456510853200e+00	1.887330104301075284e+00	1.887319768967837819e+00	4.014364486326591278e-03	2.288910775030343814e+01	2.191621109870669670e+01	1.367626011926643728e-05	4.480533252527025212e+01
1.847982604836193588e+00	2.167275606659632703e-01	9.102481208739000169e-11	2.308032540937206889e+00	1.846739554785410853e+00	1.846610833489055858e+00	1.846600638671032746e+00	4.047762279029535476e-03	2.097770379414789943e+01	2.008521479944031540e+01	1.280955668766273577e-05	4.106293140314490131e+01
1.808206067383954840e+00	2.263923285324098422e-01	9.303305778249947080e-11	2.209543014025022067e+00	1.806899001001351035e+00	1.806769838590299937e+00	1.806759814413430254e+00	4.078432358164793721e-03	1.922599439647524378e+01	1.840718207221962999e+01	1.199776501126701354e-05	3.763318846645988458e+01
1.769290784680614959e+00	2.364880879055446805e-01	9.508580511281646881e-11	2.115257494684828821e+00	1.767917140066312287e+00	1.767787431999131353e+00	1.767777605653126471e+00	4.105976476218173299e-03	1.762063324005163167e+01	1.686930667583897403e+01	1.123740615331304808e-05	3.448995115329675798e+01
1.731218259338851428e+00	2.470340584584527488e-01	9.718384463980825787e-11	2.024997291415931766e+00	1.729776062563206596e+00	1.729645717329777010e+00	1.729636108493819213e+00	4.130709066338763245e-03	1.614939169948894460e+01	1.545990572827189169e+01	1.052522150468176212e-05	3.160930795298234131e+01
1.693970379521545500e+00	2.580503169480085068e-01	9.932810244883074407e-11	1.938590105383958928e+00	1.692457225513616548e+00	1.692326135525121344e+00	1.692316760027641198e+00	4.152415300770173102e-03	1.480106225047683743e+01	1.416823299825880156e+01	9.858158993091761322e-06	2.896930510689463389e+01
1.657529391083665926e+00	2.695578354357443529e-01	1.015198880231148792e-10	1.855871437232313736e+00	1.655942886247192991e+00	1.655810946006325057e+00	1.655801814313195175e+00	4.171145540215039603e-03	1.356537292902088687e+01	1.298445549814281463e+01	9.233360231860955443e-06	2.654983766052393435e+01
1.621877978244751883e+00	2.815785212131459159e-01	1.037600343161862534e-10	1.776684354840210034e+00	1.620216127709872778e+00	1.620083249223590371e+00	1.620074366890950301e+00	4.187011554374026751e-03	1.243291196342767613e+01	1.189957481306961284e+01	8.648147737814028410e-06	2.433249542464502824e+01
1.586999178665006838e+00	2.941352585073782056e-01	1.060495489604235594e-10	1.700877110004433757e+00	1.585259029286906651e+00	1.585125101661437608e+00	1.585116471218387835e+00	4.199756365102311033e-03	1.139505352381224945e+01	1.090530317136355976e+01	8.100013663032123369e-06	2.230036479518946990e+01
1.552876351347643347e+00	3.072519520468423582e-01	1.083898245250913337e-10	1.628306605485104308e+00	1.551056119304719871e+00	1.550921076967517243e+00	1.550912696410643887e+00	4.209783594996923187e-03	1.044389126134486467e+01	9.994104390338332422e+00	7.586609118031794825e-06	2.043800323829231402e+01
1.519493278039902640e+00	3.209535725694954156e-01	1.107817249267421561e-10	1.558833407203789267e+00	1.517589886117172160e+00	1.517453635599014916e+00	1.517445500780406187e+00	4.216771876453580085e-03	9.572181299700872614e+00	9.159007383897233012e+00	7.105733965463223544e-06	1.873119578933206952e+01
1.486834063847302101e+00	3.352662043605750819e-01	1.132263721061863311e-10	1.492326338985850764e+00	1.484845436732925128e+00	1.484707925726751476e+00	1.484700029651184972e+00	4.221025523876121947e-03	8.773284533551375830e+00	8.393680964339306882e+00	6.655327749264011924e-06	1.716697215321843117e+01
1.454883129668522290e+00	3.502170949102257347e-01	1.157252336367082453e-10	1.428658213714887548e+00	1.452806656216147019e+00	1.452667828684818918e+00	1.452660162626900009e+00	4.222465312621389612e-03	8.041116005976139292e+00	7.692284823429631047e+00	6.233460235428273807e-06	1.573340706286600543e+01
1.423625299611321005e+00	3.658347067855584056e-01	1.182791889389497487e-10	1.367707853452572841e+00	1.421458277292426242e+00	1.421318088493089160e+00	1.421310642086421661e+00	4.221096019175194988e-03	7.370100775721792452e+00	7.049478857560592004e+00	5.838323250006825313e-06	1.441958547160563597e+01
1.393045678959497602e+00	3.821487718159002345e-01	1.208895231930970662e-10	1.309359716332585855e+00	1.390785905570158798e+00	1.390644334426500039e+00	1.390637096497949088e+00	4.217195610605141073e-03	6.755128776512592026e+00	6.460379324016926716e+00	5.468223272075861266e-06	1.321551356875279026e+01
1.363129666638781323e+00	3.991903476943868823e-01	1.235577677364448395e-10	1.253501846356031679e+00	1.360774051348716096e+00	1.360631068220861772e+00	1.360624026484336779e+00	4.210418235485880421e-03	6.191516461667133875e+00	5.920483663433834032e+00	5.121574130341862690e-06	1.211200524667509804e+01
1.333863057525514151e+00	4.169918771036469352e-01	1.262847937936613122e-10	1.200028898810162392e+00	1.331409456139373004e+00	1.331265063947794980e+00	1.331258206183399517e+00	4.201253589110800352e-03	5.674973332954592387e+00	5.425699835534086191e+00	4.796890020813656019e-06	1.110067796537870066e+01
1.305231884252738839e+00	4.355872494781466431e-01	1.290721047528030130e-10	1.148838268150854880e+00	1.302677290218583250e+00	1.302531484379370941e+00	1.302524797724020855e+00	4.189435181709858999e-03	5.201566028973540590e+00	4.972245540728406965e+00	4.492779423736637448e-06	1.017381606248136983e+01
1.277222482454247965e+00	4.550118655207674445e-01	1.319212764412100818e-10	1.099832867649360280e+00	1.274564307987356315e+00	1.274417102399077795e+00	1.274410574338949109e+00	4.175214213259241004e-03	4.767690128136388594e+00	4.556675321883961516e+00	4.207939060864609520e-06	9.324369657959410418e+00
1.249821569602719284e+00	4.753027045964441366e-01	1.348331404918646931e-10	1.052919644418572664e+00	1.247057360483618371e+00	1.246908780784510284e+00	1.246902399073257950e+00	4.158642091851239876e-03	4.370043656413254318e+00	4.175827698362977181e+00	3.941148032615508361e-06	8.545875295924263426e+00
1.223016038025883878e+00	4.964983951311565114e-01	1.378094910734112038e-10	1.008008534010011337e+00	1.220142510992512364e+00	1.219992577771256803e+00	1.219986329978888895e+00	4.139628323182628460e-03	4.005598961294198901e+00	3.826791097681756959e+00	3.691263015777592245e-06	7.832393750238971997e+00
1.196793088291321805e+00	5.186392881503034680e-01	1.408519249613776479e-10	9.650151637456776399e-01	1.193808352016635599e+00	1.193657114429087729e+00	1.193650989603820989e+00	4.118555836830824560e-03	3.671581855779418202e+00	3.506925677708206290e+00	3.457213008751416776e-06	7.178510990700632810e+00
1.171140300596091199e+00	5.417675340964545061e-01	1.439611955735298763e-10	9.238562545782933455e-01	1.168040494993236589e+00	1.167887982470502850e+00	1.167881968724523212e+00	4.095061053030886640e-03	3.365451217725345057e+00	3.213773000414955838e+00	3.237994612223814163e-06	6.579227456134912444e+00
1.146045363506569270e+00	5.659271630727138458e-01	1.471394846933103304e-10	8.844548017680431418e-01	1.142828473623654695e+00	1.142674746371738381e+00	1.142668833791029570e+00	4.069622368436264306e-03	3.084876369726075485e+00	2.945121574290987976e+00	3.032668247759309031e-06	6.030000976685311542e+00
1.121496325538186234e+00	5.911641686644693028e-01	1.503882431358116674e-10	8.467349262327150683e-01	1.118159163661009980e+00	1.118004272138533928e+00	1.117998450611701111e+00	4.042076206173905555e-03	2.827722579811593029e+00	2.698912878078804312e+00	2.840353802713329082e-06	5.526638298244200165e+00
1.097481543392905046e+00	6.175265954990925010e-01	1.537084932416299332e-10	8.106252424040613080e-01	1.094021320587708512e+00	1.093865327012145228e+00	1.093859587325443750e+00	4.012567191079139360e-03	2.592033906656809439e+00	2.473277063913857265e+00	2.660226829495501334e-06	5.065313630797496636e+00
1.073989478934268993e+00	6.450646307102878563e-01	1.571025197796719779e-10	7.760570793592053151e-01	1.070403665721676889e+00	1.070246637573129211e+00	1.070240971372731664e+00	3.981267819506527882e-03	2.376016463785676436e+00	2.266497206297344302e+00	2.491515249422533846e-06	4.642516161598270408e+00
1.051008962229647015e+00	6.738306994812041095e-01	1.605716196292022275e-10	7.429640365268672664e-01	1.047294097436333837e+00	1.047136097836069091e+00	1.047130496855402049e+00	3.948000095450794958e-03	2.178027419531482600e+00	2.076990959119698221e+00	2.333495775359688098e-06	4.255020712146956541e+00
1.028529041722433535e+00	7.038795648482093492e-01	1.641173125797473396e-10	7.112840648009302047e-01	1.024682971140943977e+00	1.024524079217151273e+00	1.024518536595927287e+00	3.913180779159344293e-03	1.996560964266064664e+00	1.903325907565189823e+00	2.185490956033935837e-06	3.899889057322210917e+00
1.006538930015042688e+00	7.352684319553255410e-01	1.677418399418108518e-10	6.809557849508313110e-01	1.002558047530270002e+00	1.002398331278554489e+00	1.002392840010252861e+00	3.876551165243209522e-03	1.830236596157923445e+00	1.744167696710221094e+00	2.046866382181365493e-06	3.574406339734526483e+00
9.850282114890372975e-01	7.680570569577864770e-01	1.714462985707208717e-10	6.519223836649140624e-01	9.809100852057590636e-01	9.807496264566540889e-01	9.807441807700021386e-01	3.838451347032055538e-03	1.677790203391424040e+00	1.598313386602244979e+00	1.917027731181574571e-06	3.276105507021400243e+00
9.639865694492535386e-01	8.023078607820595121e-01	1.752328699224882793e-10	6.241281622484137204e-01	9.597282148069926633e-01	9.595670917526830657e-01	9.595616861866941294e-01	3.798853149181198249e-03	1.538062371780376525e+00	1.464647650988986083e+00	1.795418381326558805e-06	3.002711818187744353e+00
9.434039244827991944e-01	8.380860479588855272e-01	1.791036357674228285e-10	5.975199282291812075e-01	9.390019463919565545e-01	9.388402360706389338e-01	9.388348655809577448e-01	3.757793717178824731e-03	1.409990735416495111e+00	1.342149866676949799e+00	1.681516948542818925e-06	2.752142283610393481e+00
9.232705486202176237e-01	8.754597307555761487e-01	1.830595585142390866e-10	5.720479260008156652e-01	9.187227581725484482e-01	9.185605480795940858e-01	9.185552086718521414e-01	3.715535738173916368e-03	1.292602484589698175e+00	1.229894489338318797e+00	1.574834980666699408e-06	2.522498548762997395e+00
9.035767041121707255e-01	9.145000588438683131e-01	1.871035322372728317e-10	5.476625266532546554e-01	8.988792926635693625e-01	8.987166595102978883e-01	8.987113470512013702e-01	3.671825021689781136e-03	1.185004819830608458e+00	1.127016681784100749e+00	1.474915113990600302e-06	2.312022976529823470e+00
8.843130402177036276e-01	9.552813547502064795e-01	1.912370548028301432e-10	5.243183453998577770e-01	8.794637698951049964e-01	8.793008007082189215e-01	8.792955121767735971e-01	3.627090280360133461e-03	1.086380540998207911e+00	1.032741254380559415e+00	1.381328909476020613e-06	2.119123176707676581e+00
8.654703675713324440e-01	9.978812553463067836e-01	1.954619991196447350e-10	5.019702435132815665e-01	8.604657716011622215e-01	8.603025471059414508e-01	8.602972794713883431e-01	3.581160296509104928e-03	9.959804808707736212e-01	9.463438543361073485e-01	1.293675072860364179e-06	1.942325628881953925e+00
8.470396024053723494e-01	1.042380859649355562e+00	1.997810590821118715e-10	4.805759194849102411e-01	8.418767539831705227e-01	8.417133566629735331e-01	8.417081075376917632e-01	3.534231210021994245e-03	9.131176496937986053e-01	8.671684865515870699e-01	1.211577766164772045e-06	1.780287347823151789e+00
8.290120489786449998e-01	1.088864883213231716e+00	2.041952853964679151e-10	4.600950229725375151e-01	8.236884483726232276e-01	8.235249635315657901e-01	8.235197310473140186e-01	3.486387380617692825e-03	8.371632998547944293e-01	7.946139090168207186e-01	1.134684852861388056e-06	1.631778343556468114e+00
8.113789729133745743e-01	1.137421819404659917e+00	2.087077558350264195e-10	4.404876392745119551e-01	8.058906386679098865e-01	8.057271436819202215e-01	8.057219259100016906e-01	3.437586093011891445e-03	7.675402570546001613e-01	7.281209781947847182e-01	1.062666620682886056e-06	1.495662297916005690e+00
7.941319694826683984e-01	1.188144107871332844e+00	2.133203371115273666e-10	4.217175946383903695e-01	7.884769682707438720e-01	7.883135477647423839e-01	7.883083436998993276e-01	3.388113028261907893e-03	7.037201537838868592e-01	6.671907179717166958e-01	9.952141705803865139e-07	1.370911866969774184e+00
7.772628192895768562e-01	1.241128310522703782e+00	2.180349750699786316e-10	4.037480762385622923e-01	7.714370794603063741e-01	7.712738099902357591e-01	7.712686183821404473e-01	3.337745083191803307e-03	6.452187552028512130e-01	6.113512948765585930e-01	9.320381996295876303e-07	1.256570982117609647e+00
7.607633483273666952e-01	1.296475295358493041e+00	2.228547955825431034e-10	3.865456953412541585e-01	7.547645502892915692e-01	7.546015116801564337e-01	7.545963320067995417e-01	3.286796789879113754e-03	5.915918402321008740e-01	5.601826292931773033e-01	8.728677721914212120e-07	1.151775342393050572e+00
7.446257935741364964e-01	1.354290428494859366e+00	2.277808459067869535e-10	3.700773928944080526e-01	7.384507092470208311e-01	7.382879788351456307e-01	7.382828106375468602e-01	3.235206643336960980e-03	5.424330469005942401e-01	5.132921085611356071e-01	8.174490065412236644e-07	1.055725972910736443e+00
7.288422736918871436e-01	1.414683774753791701e+00	2.328167803150174733e-10	3.543116242101953528e-01	7.224875500558342045e-01	7.223252017499499633e-01	7.223200447838465932e-01	3.183056609947608126e-03	4.973690892646299710e-01	4.703215776163670592e-01	7.655442206769734210e-07	9.676914324252177124e-01
7.134052899651701640e-01	1.477770307197614041e+00	2.379643455849379710e-10	3.392190643533005145e-01	7.068688540317220603e-01	7.067069638157348344e-01	7.067018183062762082e-01	3.130495768312212528e-03	4.560584897997261300e-01	4.309468762052740543e-01	7.169306946611203634e-07	8.870060829356948284e-01
6.983074091974429409e-01	1.543670126007483878e+00	2.432262200794688558e-10	3.247698375407711002e-01	6.915847880464155439e-01	6.914234246823292018e-01	6.914182906234129788e-01	3.077404357509748965e-03	4.181880275075284259e-01	3.948617059848090749e-01	6.713998549549659517e-07	8.130504048921923799e-01
6.835413459272839942e-01	1.612508687122584661e+00	2.486053392890186759e-10	3.109376448884005328e-01	6.766307293197714179e-01	6.764699645655292137e-01	6.764648425778906349e-01	3.024080181556217713e-03	3.834706272295711482e-01	3.617971383781083961e-01	6.287563846896880926e-07	7.452683943640643349e-01
6.691001036002877100e-01	1.684417041075261467e+00	2.541034337215783843e-10	2.976953270333461687e-01	6.619976501668096702e-01	6.618375508866261026e-01	6.618324414391739685e-01	2.970382754870853469e-03	3.516434874959540324e-01	3.314965748137574941e-01	5.888172823265920700e-07	6.831406511269938475e-01
6.549765963185359974e-01	1.759532082476802373e+00	2.597245155988219057e-10	2.850180517859931539e-01	6.476795812696803933e-01	6.475202127092886117e-01	6.475151165566342959e-01	2.916459996072876242e-03	3.224652368909376454e-01	3.037309896407787146e-01	5.514112265739074772e-07	6.261967779429429282e-01
6.411642096898171328e-01	1.837996810628814925e+00	2.654696733347074944e-10	2.728819054609837869e-01	6.336700555764220866e-01	6.335114826327108428e-01	6.335064006975478224e-01	2.862335541305134103e-03	2.957153165719633159e-01	2.782890306612417208e-01	5.163776465744250874e-07	5.740048636108515678e-01
6.276561193796975635e-01	1.919960601756310448e+00	2.713433646766915599e-10	2.612630241878073356e-01	6.199607811155717352e-01	6.198030628438252476e-01	6.197979959475733436e-01	2.808002396424968353e-03	2.711909034677022490e-01	2.549736586131657878e-01	4.835662407824884552e-07	5.261650456471088644e-01
6.144459519220465404e-01	2.005579493380791778e+00	2.773471862330008503e-10	2.501403286956181971e-01	6.065476104470177710e-01	6.063908075885671156e-01	6.063857569260451275e-01	2.753659230083944833e-03	2.487066701740173469e-01	2.336109399451530011e-01	4.528361395176682030e-07	4.823180629553098786e-01
6.015272378954814592e-01	2.095016481374700756e+00	2.834850313163820593e-10	2.394916540088974644e-01	5.934218241056824494e-01	5.932659916037111847e-01	5.932609581846056690e-01	2.699187707456999694e-03	2.280923652251924949e-01	2.140340312078500562e-01	4.240554689763751146e-07	4.421268204885114850e-01
5.888938095630449343e-01	2.188441830262715992e+00	2.897592610326043024e-10	2.292975827704473724e-01	5.805792575168143843e-01	5.804244505422450073e-01	5.804194356517589082e-01	2.644812897022615766e-03	2.091922172045768413e-01	1.960966008737400346e-01	3.971006788078017163e-07	4.052892151789956321e-01
5.765395226563311271e-01	2.286033397360681008e+00	2.961733446113826725e-10	2.195381590338391364e-01	5.680124392833646452e-01	5.678587089712273661e-01	5.678537138093813219e-01	2.590432091903765565e-03	1.918632950299732076e-01	1.796596970782348979e-01	3.718560549788899064e-07	3.715233639642631092e-01
5.644584176314857427e-01	2.387976971369191848e+00	3.027302744594637665e-10	2.101949360243096365e-01	5.557156990912323069e-01	5.555630947484129223e-01	5.555581205968017633e-01	2.536095963854564667e-03	1.759746798534427836e-01	1.645982676808396272e-01	3.482131912183216840e-07	3.405732957474736367e-01
5.526446432803996389e-01	2.494466626066476955e+00	3.094332761308460551e-10	2.012504612757722300e-01	5.436841064719695193e-01	5.435326755074393335e-01	5.435277237359867897e-01	2.481912248550999841e-03	1.614063555376774317e-01	1.507983249832699491e-01	3.260705583619586917e-07	3.122050065915057959e-01
5.410924548377403775e-01	2.605705089773861172e+00	3.162857804813047274e-10	1.926870815931999714e-01	5.319102123912788915e-01	5.317599988356397356e-01	5.317550707234767193e-01	2.427798369511425906e-03	1.480483051812177819e-01	1.381524853629406691e-01	3.053330622740313431e-07	2.862010958772207569e-01
5.297962553991777401e-01	2.721904131297227192e+00	3.232909936022239082e-10	1.844893590535731653e-01	5.203908497015403700e-01	5.202418965085222613e-01	5.202369934938545493e-01	2.373934051870915402e-03	1.357997260526623284e-01	1.265667034719069051e-01	2.859116276130528239e-07	2.623667154361968290e-01
5.187505269974920230e-01	2.843284963079186323e+00	3.304525535253226586e-10	1.766407137469592770e-01	5.091177437613727541e-01	5.089700902070819488e-01	5.089652135733723215e-01	2.320314758959855003e-03	1.245681875985487630e-01	1.159496179059526511e-01	2.677228234811984522e-07	2.405180732273249078e-01
5.079499032687894156e-01	2.970078662329426855e+00	3.377739211153624296e-10	1.691269496558249763e-01	4.980876857728727680e-01	4.979413696692532865e-01	4.979365208092073614e-01	2.266970303701918311e-03	1.142690106626877283e-01	1.062221749259467662e-01	2.506885186326570619e-07	2.204914362771531466e-01
4.973891286887407448e-01	3.102526610935015139e+00	3.452586380920861991e-10	1.619336602126290603e-01	4.872951307679887489e-01	4.871501874809942012e-01	4.871453677552185502e-01	2.213907006110100474e-03	1.048245788850236809e-01	9.730964662653596164e-02	2.347355330531168720e-07	2.021344602470926954e-01
4.870630143524978251e-01	3.240880954988076379e+00	3.529107650952601565e-10	1.550466708804709159e-01	4.767334540112028729e-01	4.765899162661610955e-01	4.765851269643150978e-01	2.161063888562789279e-03	9.616371511323938692e-02	8.914270683561419106e-02	2.197953264056097291e-07	1.853066417441799896e-01
4.769665774933423141e-01	3.385405084805713560e+00	3.607333990187192608e-10	1.484537004318189635e-01	4.664001681743661920e-01	4.662580672842533414e-01	4.662533097743703503e-01	2.109813872131376545e-03	8.822125985170770068e-02	8.166084104970271207e-02	2.058036829787809472e-07	1.698823067050934110e-01
4.670947652711843201e-01	3.536374136355941999e+00	3.687316096078171940e-10	1.421413662893974694e-01	4.562877724277987768e-01	4.561471366083557633e-01	4.561424121309569646e-01	2.056368907669442470e-03	8.093735563102634478e-02	7.480492434975337390e-02	1.927004905744491181e-07	1.557424726812702831e-01
4.574428897825401075e-01	3.694075515044289215e+00	3.769076103060550662e-10	1.360984625761883227e-01	4.463939401849810196e-01	4.462547966109794428e-01	4.462501064740719281e-01	2.004805341255686598e-03	7.425732627240273775e-02	6.852418814867024255e-02	1.804293987430110230e-07	1.427816948504717354e-01
4.480060076233743915e-01	3.858809442858178507e+00	3.852676257768696494e-10	1.303128609994703424e-01	4.367120641141974957e-01	4.365744366326302917e-01	4.365697820207450341e-01	1.953564520506630067e-03	6.813081450305483178e-02	6.276932015908137652e-02	1.689376766664321984e-07	1.309003035998128617e-01
4.387796699123437394e-01	4.030889529910684388e+00	3.938135451809227331e-10	1.247738345896526047e-01	4.272382576197698567e-01	4.271021692573529482e-01	4.270975513781103960e-01	1.902680334374587390e-03	6.251191715360771006e-02	5.749673724132067787e-02	1.581758784006614143e-07	1.200088125708067832e-01
4.297591517465176869e-01	4.210643371471800123e+00	4.025515043114883636e-10	1.194711052884321473e-01	4.179691482320510021e-01	4.178346190710958696e-01	4.178300390776423234e-01	1.852290202769986058e-03	5.735833290994729605e-02	5.266664065949198947e-02	1.480977350200604652e-07	1.100251216671743054e-01
4.209400536090983080e-01	4.398413171623743345e+00	4.114850796946673657e-10	1.143938336050798893e-01	4.088975088175695882e-01	4.087645577506760497e-01	4.087600167308449994e-01	1.802300865422136683e-03	5.263142355135721345e-02	4.824059840226287144e-02	1.386598882117949665e-07	1.008721606135082882e-01
4.123180307677287715e-01	4.594556394727626447e+00	4.206183392728982011e-10	1.095333119078837764e-01	4.000224916386186380e-01	3.998911353908377042e-01	3.998866344347037360e-01	1.752811834809615485e-03	4.829574830435325039e-02	4.418640296509426801e-02	1.298217328660632266e-07	9.248228109118038220e-02
4.038886679114512823e-01	4.799446445941647710e+00	4.299573333021957149e-10	1.048795210645073472e-01	3.913371010957963914e-01	3.912073544238930944e-01	3.912028945245579203e-01	1.703941178445769495e-03	4.431874483814663562e-02	4.047169003559546174e-02	1.215452484661263805e-07	8.479055641899056750e-02
3.956479404548610135e-01	5.013473382086427677e+00	4.395044987349709442e-10	1.004241115181935817e-01	3.828389177447543701e-01	3.827107941846479289e-01	3.827063763332612667e-01	1.655531030783071421e-03	4.067070452262159380e-02	3.706874387508130031e-02	1.137947840540639473e-07	7.773956219248694122e-02
3.875915740882304727e-01	5.237044654210673222e+00	4.492664088048224739e-10	9.615860570654004291e-02	3.745240868472922702e-01	3.743975975308891924e-01	3.743932226431781474e-01	1.607678394418322627e-03	3.732424676730781293e-02	3.395149735780399886e-02	1.065369871397006432e-07	7.127585066209894682e-02
3.797155045174740451e-01	5.470585883270933536e+00	4.592482185897741249e-10	9.207427548980631760e-02	3.663861360311128634e-01	3.662612911610534372e-01	3.662569601021878340e-01	1.560308426959842966e-03	3.425433035198768850e-02	3.109513695720378390e-02	9.974060853461662406e-08	6.534956704980000863e-02
3.720159530427775696e-01	5.714541670402055296e+00	4.694525771444765545e-10	8.816437907432669863e-02	3.584252250051427890e-01	3.583020328558881862e-01	3.582977464731000872e-01	1.513504332681537851e-03	3.143807385186148801e-02	2.847915564588101439e-02	9.337636596707574268e-08	5.991732287410846819e-02
3.644888466030029583e-01	5.969376443320927095e+00	4.798870337881121707e-10	8.442053021830123183e-02	3.506337577268901495e-01	3.505122254062958409e-01	3.505079844686170287e-01	1.467384643804215847e-03	2.885436662714621625e-02	2.608220511121483315e-02	8.741686000487533924e-08	5.493665915522105703e-02
3.571303796555872490e-01	6.235575340474799333e+00	4.905568274891163624e-10	8.083617379761087740e-02	3.430104020352243155e-01	3.428905344754034079e-01	3.428863396971564281e-01	1.421880085303418991e-03	2.648392576531026152e-02	2.388664669354381015e-02	8.183640765473163933e-08	5.037065429526172561e-02
3.499369941011892804e-01	6.513645134617469523e+00	5.014648632378384293e-10	7.740448742727046305e-02	3.355513166480905141e-01	3.354331181449713983e-01	3.354289702184674593e-01	1.376867311072385233e-03	2.430912368824869954e-02	2.187552581163491189e-02	7.661094952311658696e-08	4.618472611083313667e-02
3.429048575906213370e-01	6.804115197571366735e+00	5.126189259380151659e-10	7.411865567685431422e-02	3.282517924651924268e-01	3.281352658573796210e-01	3.281311654114190679e-01	1.332472293321954309e-03	2.231369573415185881e-02	2.003308753825716604e-02	7.171797566037793077e-08	4.234685499038468720e-02
3.360303683736051705e-01	7.107538508012456013e+00	5.240247041586790310e-10	7.097287447469376176e-02	3.211103979111755713e-01	3.209955439944494060e-01	3.209914915933601565e-01	1.288783009719824280e-03	2.048277959540540857e-02	1.834567747578606800e-02	6.713638421404173483e-08	3.882852420757569589e-02
3.293100697257867471e-01	7.424492704196321569e+00	5.356869048049176248e-10	6.796060653801315465e-02	3.141209796239948782e-01	3.140077993165753534e-01	3.140037955107512491e-01	1.245750133336039588e-03	1.880276763153390998e-02	1.679967703458468478e-02	6.284640329141308133e-08	3.560250751252188456e-02
3.227405166617196008e-01	7.755581183629628228e+00	5.476111017910411097e-10	6.507674574518555743e-02	3.072831595347350619e-01	3.071716514086141880e-01	3.071676966731287095e-01	1.203427235505525640e-03	1.726116824502384531e-02	1.538385380267011382e-02	5.882952035016941967e-08	3.264508087721430807e-02
3.163182251786967325e-01	8.101434251780425200e+00	5.598046044581938141e-10	6.231544575400563279e-02	3.005919779005302717e-01	3.004821398684325851e-01	3.004782346375498570e-01	1.161613765069732969e-03	1.584650554266693254e-02	1.408693981305434752e-02	5.506840754280836657e-08	2.993350042412882411e-02
3.100398641276119749e-01	8.462710322014116215e+00	5.722735466844909715e-10	5.967142328857127920e-02	2.940439970122890601e-01	2.939358262029188040e-01	2.939319708770174455e-01	1.120515601664133758e-03	1.454827834634084098e-02	1.289892325735318701e-02	5.154682723543668490e-08	2.744725315052126344e-02
3.039021837109375790e-01	8.840097169039580649e+00	5.850239320771537542e-10	5.714013703122826360e-02	2.876385805532767903e-01	2.875320719478383635e-01	2.875282668476382142e-01	1.080224927609694640e-03	1.335686137258399950e-02	1.181108714017982050e-02	4.824957043017836841e-08	2.516799676233424932e-02
2.979020618115007513e-01	9.234313238251385059e+00	5.980606995861950573e-10	5.471605047112163694e-02	2.813686753303094035e-01	2.812638250878978785e-01	2.812600705584712424e-01	1.040574190912647943e-03	1.226343991696562941e-02	1.081437719760515448e-02	4.516238523064171602e-08	2.307786227695601475e-02
2.920362412112036399e-01	9.646109013461114046e+00	6.113922202068820686e-10	5.239529509354550613e-02	2.752353606266839114e-01	2.751321617272892150e-01	2.751284579957929410e-01	1.001680849212889047e-03	1.125989649696465707e-02	9.901767192840853216e-03	4.227193607528382750e-08	2.116170596174158508e-02
2.863016325253358585e-01	1.007626844562133073e+01	6.250252209007772166e-10	5.017302744755541138e-02	2.692332952691093850e-01	2.691317411214911304e-01	2.691280884162979836e-01	9.633245755901147364e-04	1.033880741429617743e-02	9.065843004993731635e-03	3.956572750569590205e-08	1.940468998501741760e-02
2.806952032451222045e-01	1.052561044526219547e+01	6.389665875230479039e-10	4.804512623243881869e-02	2.633601077238218457e-01	2.632601907249313977e-01	2.632565892286136133e-01	9.258530660196257747e-04	9.493364948474365683e-03	8.300236878407241808e-03	3.703205552828501736e-08	1.779363885893713720e-02
2.752139743340801248e-01	1.099499044148194038e+01	6.532233783429026749e-10	4.600783220197259688e-02	2.576146300524886912e-01	2.575163408813291865e-01	2.575127907021451112e-01	8.891650834897203747e-04	8.717325704973291275e-03	7.599238456277743366e-03	3.465995616023052921e-08	1.631659882120719413e-02
2.698550221420670803e-01	1.148530201045907972e+01	6.678028334417436415e-10	4.405672009392297417e-02	2.519907460240306540e-01	2.518940764448182046e-01	2.518905777168045645e-01	8.531940308535569499e-04	8.004964088822634841e-03	6.957029923078117406e-03	3.243915848341968350e-08	1.496202645105923490e-02
2.646155243693888437e-01	1.199747857658674732e+01	6.827113160501438155e-10	4.218875582171655036e-02	2.464897394287212939e-01	2.463946786261693722e-01	2.463912313825101785e-01	8.178564742474388975e-04	7.351034919889745320e-03	6.369105906597721280e-03	3.036004758696349838e-08	1.372017118653505452e-02
2.594926216262892771e-01	1.253249518946734042e+01	6.979571793451459116e-10	4.039995884498693429e-02	2.411063211463413680e-01	2.410128590326897913e-01	2.410094633195530300e-01	7.833961703023261747e-04	6.750716560232282795e-03	5.830625176295905696e-03	2.841362137826832478e-08	1.258137015014956610e-02
2.544835337904552408e-01	1.309137038015084009e+01	7.135484622948499105e-10	3.868709518313612900e-02	2.358388890816853489e-01	2.357470142679655711e-01	2.357436700695202114e-01	7.498141571010255623e-04	6.199590498489767308e-03	5.337527573976343781e-03	2.659144617320482373e-08	1.153714466391228544e-02
2.495855457991110748e-01	1.367516810015029272e+01	7.294930894378156337e-10	3.704701385197785996e-02	2.306855509526933024e-01	2.305952511550703465e-01	2.305919584102999187e-01	7.169527176112977258e-04	5.693605807383240146e-03	4.886048766675043370e-03	2.488562155827516739e-08	1.057967945967984262e-02
2.447959930472077550e-01	1.428499974692591401e+01	7.457991753722240325e-10	3.547638253346169918e-02	2.256423152108391617e-01	2.255535785744327559e-01	2.255503372281362773e-01	6.847225600012033083e-04	5.229046937773850975e-03	4.472560780362971715e-03	2.328874786077566280e-08	9.701631006884682551e-03
2.401122608631172384e-01	1.492202627969382966e+01	7.624750348187100789e-10	3.397253761187730980e-02	2.207088793029066687e-01	2.206216923172542310e-01	2.206185022403189533e-01	6.533557451266213149e-04	4.802505811773719741e-03	4.094031544286389109e-03	2.179389407618215892e-08	8.896559149954184550e-03
2.355317837771758460e-01	1.558746042958734002e+01	7.795291612616573085e-10	3.253235060167571774e-02	2.158809118617996403e-01	2.157952615451232403e-01	2.157921226147621885e-01	6.230252208517422004e-04	4.410856293866621466e-03	3.747372800103770246e-03	2.039457047973270722e-08	8.158249488540872049e-03
2.310520450345676935e-01	1.628256900837845578e+01	7.969702407870578274e-10	3.115324698467121164e-02	2.111571362516054817e-01	2.110730086198104039e-01	2.110699206637385028e-01	5.933304322480259865e-04	4.051230782543201528e-03	3.429975378507679230e-03	1.908469947978453996e-08	7.481225245750360367e-03
2.266705660097700636e-01	1.700867532015447026e+01	8.148072012705839955e-10	2.983268531003753846e-02	2.065358019430344194e-01	2.064531823770358598e-01	2.064501451876993576e-01	5.643167329152719118e-04	3.720997963903037442e-03	3.139405503211823399e-03	1.785858640265621772e-08	6.860421325701263930e-03
2.223849045449934891e-01	1.776716168054134215e+01	8.330492291557072079e-10	2.856799877157475270e-02	2.020134292010306865e-01	2.019323035211565698e-01	2.019293168978573694e-01	5.362627035969998049e-04	3.417743265597395635e-03	2.873327605769104322e-03	1.671089541482216631e-08	6.291087582261914793e-03
2.181927199189324373e-01	1.855947204826941288e+01	8.517054827752111952e-10	2.735703919267401876e-02	1.975896565727952026e-01	1.975100089997127717e-01	1.975070726651279862e-01	5.091564004677448779e-04	3.139255286718023973e-03	2.629778765131715081e-03	1.563664383021983130e-08	5.769049688493569500e-03
2.140916243729338864e-01	1.938711477409139761e+01	8.707857461991058489e-10	2.619728512618703722e-02	1.932605979964097109e-01	1.931824135385418750e-01	1.931795272362692995e-01	4.827164005271735521e-04	2.883499122942865828e-03	2.406766360902064597e-03	1.463114194704569652e-08	5.290280114986877294e-03
2.100793398050080640e-01	2.025166547228590019e+01	8.902997462711056150e-10	2.508666194328960236e-02	1.890250529410298086e-01	1.889483158702342513e-01	1.889454793048606085e-01	4.570231137923879794e-04	2.648611953966217587e-03	2.202604177142018869e-03	1.369001409962658588e-08	4.851229821122336229e-03
2.061536333773770768e-01	2.115477002021293984e+01	9.102574212221320607e-10	2.402317971032758362e-02	1.848818705303804655e-01	1.848065642629277971e-01	1.848037770932813295e-01	4.322862886212025546e-04	2.432884506136329204e-03	2.015740759615897333e-03	1.280916231967349780e-08	4.448638074914546339e-03
2.023122894361531754e-01	2.209814769163214621e+01	9.306690818118554719e-10	2.300457857469180578e-02	1.808269310868786395e-01	1.807530400390838510e-01	1.807503019531024602e-01	4.084454805603696657e-04	2.234746922622280786e-03	1.844625746484001259e-03	1.198474253675089024e-08	4.079384653848818973e-03
1.985531827512440339e-01	2.308359442974798625e+01	9.515432456760446691e-10	2.202924366967403888e-02	1.768608666186470835e-01	1.767883734958119457e-01	1.767856841027614923e-01	3.852900968031229643e-04	2.052760990391331274e-03	1.688034500818004404e-03	1.121315403566910865e-08	3.740806704363371180e-03
1.948741450091114047e-01	2.411298626621389829e+01	9.728922408911301405e-10	2.109515457611674943e-02	1.729802623870750067e-01	1.729091506302607717e-01	1.729065095593480261e-01	3.629234370024806648e-04	1.885602861797295096e-03	1.544682027139133518e-03	1.049102818913752722e-08	3.430295379964617367e-03
1.912731022170057749e-01	2.518828289260356357e+01	9.947271074578457646e-10	2.020057105313902840e-02	1.691834040810054340e-01	1.691136567462213636e-01	1.691110635997211120e-01	3.415887715437599618e-04	1.732060155405499994e-03	1.413456815452858450e-03	9.815212010467954397e-09	3.145526786070368570e-03
1.877480247118872292e-01	2.631153139114873341e+01	1.017059044934602467e-09	1.934389498911802396e-02	1.654692638224754819e-01	1.654008632291182057e-01	1.653983175683541584e-01	3.209754879931366045e-04	1.591020292006510399e-03	1.293360291961984229e-03	9.182751920404259945e-09	2.884389766720415246e-03
1.842969034932162298e-01	2.748487013184591987e+01	1.039899636278853719e-09	1.852340042659831806e-02	1.618349992797738501e-01	1.617679284023693653e-01	1.617654298074541752e-01	3.010278023506576914e-04	1.461461367090306340e-03	1.183419493536848333e-03	8.590878628732818352e-09	2.644889451505783376e-03
1.809177872191134184e-01	2.871053284335091860e+01	1.063260603407584070e-09	1.773766642605982199e-02	1.582800388884189891e-01	1.582142797404549328e-01	1.582118277413877838e-01	2.820469111214942131e-04	1.342446088610334959e-03	1.082810101463874001e-03	8.037002242990159799e-09	2.425264227076451718e-03
1.776087832924492793e-01	2.999085286541147610e+01	1.087152329892749781e-09	1.698514739659879105e-02	1.548019843311132238e-01	1.547375192563043567e-01	1.547351133871955331e-01	2.639049494726964013e-04	1.233114706789742833e-03	9.907239025974286500e-04	7.518695823578983543e-09	2.223846128082994974e-03
1.743680270199588767e-01	3.132826759093271107e+01	1.111585788372939816e-09	1.626444256368321864e-02	1.513992758702438213e-01	1.513360871505887162e-01	1.513337269350041869e-01	2.465359611603324601e-04	1.132677552205540094e-03	9.064432849295082049e-04	7.033686015518956643e-09	2.039127870821063650e-03
1.711936372093788850e-01	3.272532310613298279e+01	1.136576105070144024e-09	1.557425323579366555e-02	1.480709151766221865e-01	1.480089844655693154e-01	1.480066693906741115e-01	2.302030753389751620e-04	1.040408100810137626e-03	8.293224742527162668e-04	6.579845416090351564e-09	1.869737154908270027e-03
1.680838134266855188e-01	3.418467903762299898e+01	1.162136124778255921e-09	1.491319368344061133e-02	1.448143487090332582e-01	1.447536581688504409e-01	1.447513877337499311e-01	2.143752663058003485e-04	9.556407062362996981e-04	7.587343987001229960e-04	6.155181745600839652e-09	1.714381260118168172e-03
1.650367941244996750e-01	3.570911361563601361e+01	1.188278968772638008e-09	1.428010110968054060e-02	1.416288433004513903e-01	1.415693744707092472e-01	1.415671481395762710e-01	1.991681754006562402e-04	8.777642757692249000e-04	6.941435221824011990e-04	5.757829470558875560e-09	1.571913555781096795e-03
1.620509025159505567e-01	3.730152896304821297e+01	1.215013130798416865e-09	1.367379272369762672e-02	1.385128780902133983e-01	1.384546126643170227e-01	1.384524299012278581e-01	1.846986138004946831e-04	8.062188355375826286e-04	6.350415703486881258e-04	5.386039766548459185e-09	1.441265791926037284e-03
1.591244099908620813e-01	3.896495662025800755e+01	1.242355629625564920e-09	1.309306681315956095e-02	1.354642607371960850e-01	1.354071806843378245e-01	1.354050409553176626e-01	1.710309718799659848e-04	7.404881122709957523e-04	5.809511509283493691e-04	5.038177184114941394e-09	1.321444301376529162e-03
1.562556579839544102e-01	4.070256331644271341e+01	1.270321580134967359e-09	1.253692874249780556e-02	1.324826246669220109e-01	1.324267111018876120e-01	1.324246138278176166e-01	1.580865675978323863e-04	6.800988886179615148e-04	5.314661142034383425e-04	4.712710730397036456e-09	1.211569715532130088e-03
1.534430326056114569e-01	4.251765699817833166e+01	1.298925253789256190e-09	1.200422802421923819e-02	1.295652313540193723e-01	1.295104663829203806e-01	1.295084110200044880e-01	1.458764860705467925e-04	6.246168042394229262e-04	4.861754523368891226e-04	4.408206264948199292e-09	1.110796664782576909e-03
1.506849982806194033e-01	4.441369312690095228e+01	1.328174094254658898e-09	1.149408787525022478e-02	1.267120848431622926e-01	1.266584496881012212e-01	1.266564356477321573e-01	1.343753861008731428e-04	5.736437351463958894e-04	4.447444732381770080e-04	4.123319372551173561e-09	1.018392331703945469e-03
1.479799682753349388e-01	4.639428125719731355e+01	1.358089146064661507e-09	1.100549611410972170e-02	1.239211683282108734e-01	1.238686445177681617e-01	1.238666712156185346e-01	1.235160651232495134e-04	5.268124730362901348e-04	4.068363409418285269e-04	3.856793145523281617e-09	9.336526707712641468e-04
1.453264336594715100e-01	4.846319190844825187e+01	1.388686105093683176e-09	1.053751795008667225e-02	1.211908544549664957e-01	1.211394237913206023e-01	1.211374906479585484e-01	1.132818862531588885e-04	4.837865645791290456e-04	3.721486981699185679e-04	3.607450388280888594e-09	8.559388701994359366e-04
1.427229387903086455e-01	5.062436374290687979e+01	1.419976800093797841e-09	1.008934165120962609e-02	1.185206305879423078e-01	1.184702743459054713e-01	1.184683807520338084e-01	1.037338062763561907e-04	4.442572612979056070e-04	3.404178614876291484e-04	3.374189318931783277e-09	7.846784969748536558e-04
1.401680479223451625e-01	5.288191106387649398e+01	1.451974929121530200e-09	9.660089973850266229e-03	1.159086823265709776e-01	1.158593822850157995e-01	1.158575276468251647e-01	9.471507621246083868e-05	4.079407302827787758e-04	3.113865510875465578e-04	3.155977485357430904e-09	7.193304373478106488e-04
1.376603446488800786e-01	5.524013164826341438e+01	1.484701724461371194e-09	9.248967165059214859e-03	1.133538386513106566e-01	1.133055764931270165e-01	1.133037602051957665e-01	8.631844390650054305e-05	3.745760553531063213e-04	2.848264994725921515e-04	2.951848905308964241e-09	6.594055066746038092e-04
1.351984708058508733e-01	5.770351492841427188e+01	1.518173114696922121e-09	8.855228980791629914e-03	1.108551814048589212e-01	1.108079386230015478e-01	1.108061600648210659e-01	7.844626209417814846e-05	3.439238789838278826e-04	2.605307421457006621e-04	2.760899554403587095e-09	6.044573820290830403e-04
1.327810926814611825e-01	6.027675053881600320e+01	1.552396379039757811e-09	8.478109372557583040e-03	1.084110494076478415e-01	1.083648081364907145e-01	1.083630667109317103e-01	7.117417593909659097e-05	3.157641855129510915e-04	2.383025791568066289e-04	2.582282617282008571e-09	5.540693469523749488e-04
1.304068988534029250e-01	6.296473724392754434e+01	1.587397780582480067e-09	8.116942729647814644e-03	1.060208289471751969e-01	1.059755707856204626e-01	1.059738658644225062e-01	6.440264641774193644e-05	2.898947246323430212e-04	2.179711038003672721e-04	2.415205048386326187e-09	5.078682436377587005e-04
1.280746269124007630e-01	6.577259226414017235e+01	1.623194645046877947e-09	7.771021261241354422e-03	1.036828391052731640e-01	1.036385461830249544e-01	1.036368771553772966e-01	5.812558839948195962e-05	2.661298521394955623e-04	1.993706793366222581e-04	2.258924490245163756e-09	4.655027904006080446e-04
1.257830337035457657e-01	6.870566101762052824e+01	1.659797090055053894e-09	7.439727632711119754e-03	1.013963753904160436e-01	1.013530297510438077e-01	1.013513959975961276e-01	5.230931347723219248e-05	2.442988609090576365e-04	1.823572953616439045e-04	2.112746204236631945e-09	4.266582690169057638e-04
1.235309231607989305e-01	7.176952729658206920e+01	1.697226923698353337e-09	7.122443504859059943e-03	9.916031422453422395e-02	9.911789796586605028e-02	9.911629886340211915e-02	4.693825459159679076e-05	2.242450333588218950e-04	1.667956344691616348e-04	1.976020346116800691e-09	3.910426438483296054e-04
1.213171401256317866e-01	7.497002389735888528e+01	1.735505388448816606e-09	6.818561969943437960e-03	9.697329526336714856e-02	9.693179083488072389e-02	9.693022577026343123e-02	4.202755196912190107e-05	2.058244192835659422e-04	1.525602624294947912e-04	1.848138270500275253e-09	3.583865298513312474e-04
1.191405471329211735e-01	7.831324372451636862e+01	1.774647993677347020e-09	6.527534121294750052e-03	9.483453719338488797e-02	9.479392699958932855e-02	9.479239535271526129e-02	3.748070280518708082e-05	1.889046055762264454e-04	1.395399824029362290e-04	1.728530209481377330e-09	3.284463165093721299e-04
1.170000281728444252e-01	8.180555139014114729e+01	1.814668560824869570e-09	6.248820351933506191e-03	9.274306377802200851e-02	9.270333037927047659e-02	9.270183153224992312e-02	3.334274622429178429e-05	1.733638320770527401e-04	1.276315552596665726e-04	1.616663069424629818e-09	3.009970039997887322e-04
1.148945470232017596e-01	8.545359533038998734e+01	1.855593887097657901e-09	5.981890245873610658e-03	9.069761692736093284e-02	9.065874321972312855e-02	9.065727656451047500e-02	2.954315384772679607e-05	1.590905262334549742e-04	1.167388990260091210e-04	1.512037665155029490e-09	2.758309372971292544e-04
1.128230771508502289e-01	8.926432046236526219e+01	1.897443428487776727e-09	5.726256954387779624e-03	8.869736587801389793e-02	8.865933471847174674e-02	8.865789963998188528e-02	2.607347974143898033e-05	1.459819651278911230e-04	1.067762785002726573e-04	1.414186741612695940e-09	2.527596578149053815e-04
1.107845965402091126e-01	9.324498140541228963e+01	1.940231273055975864e-09	5.481443458842441378e-03	8.674134311288764221e-02	8.670413770992230207e-02	8.670273360546548735e-02	2.291870722542582538e-05	1.339435660837324355e-04	9.766439937020946155e-05	1.322673057280717900e-09	2.316092881269991724e-04
1.087781513196326849e-01	9.740315629200817682e+01	1.983978688073252091e-09	5.246997969891985074e-03	8.482865325746105634e-02	8.479225687293114044e-02	8.479088313716812153e-02	2.005538507915935576e-05	1.228886058310795372e-04	8.933092741390032815e-05	1.237087531466192808e-09	2.122207703325113188e-04
1.068028442074593076e-01	1.017467611945355372e+02	2.028710642605555314e-09	5.022480693764802724e-03	8.295825662219302732e-02	8.292265278582199028e-02	8.292130882100501310e-02	1.744203522928107077e-05	1.127374726549884598e-04	8.170899678216342592e-05	1.157047214570942608e-09	1.944476264843664627e-04
1.048577923326132061e-01	1.062840651954031728e+02	2.074447950902756564e-09	4.807477717525938943e-03	8.112930235146960378e-02	8.109447480699188970e-02	8.109316002132060941e-02	1.509872106034185711e-05	1.034168663099848355e-04	7.473813394965830598e-05	1.082193718144931660e-09	1.781560824533613111e-04
1.029421455216938674e-01	1.110237061292069711e+02	2.121211054935349842e-09	4.601586536990770818e-03	7.934084117537791581e-02	7.930677384867909629e-02	7.930548765403142020e-02	1.296428983082586503e-05	9.485939109094037496e-05	6.836256888851052521e-05	1.012191756144110995e-09	1.632229721712070384e-04
1.010550477454475043e-01	1.159747070268970504e+02	2.169014745114858249e-09	4.404431010388855892e-03	7.759219025870543740e-02	7.755886728020666698e-02	7.755760909493035482e-02	1.106054491684839340e-05	8.700292403461313987e-05	6.253211491529539565e-05	9.467275857911432408e-10	1.495359856774943071e-04
9.919577984216616795e-02	1.211464932932578620e+02	2.217888924411953320e-09	4.215641228128028627e-03	7.588236055716778006e-02	7.584976630544147669e-02	7.584853555474252440e-02	9.319452531651569246e-06	7.979076437759288494e-05	5.719977428561458650e-05	8.855074684547735476e-10	1.369914241706759225e-04
9.736361298886364590e-02	1.265489106504022487e+02	2.267856010031901331e-09	4.034863025287040335e-03	7.421044177296551303e-02	7.417856087685242850e-02	7.417735699338214028e-02	7.750069539621364168e-06	7.317058104016053077e-05	5.232279990947214746e-05	8.282566693881919333e-10	1.254942092063020774e-04
9.555785826407552086e-02	1.321922438814390262e+02	2.318938817662638611e-09	3.861767799147745265e-03	7.257577806066452253e-02	7.254459534622452466e-02	7.254341776888006965e-02	6.394515709142561210e-06	6.709426629530821078e-05	4.786274951485181174e-05	7.747181705205600669e-10	1.149577905283305311e-04
9.377787080380596552e-02	1.380872364099986100e+02	2.371160682067455676e-09	3.696025172804147645e-03	7.097737509814432133e-02	7.094687568050785098e-02	7.094572385713064644e-02	5.126171835274546826e-06	6.151760486823508955e-05	4.378350447937812313e-05	7.246514391807125297e-10	1.053018339990523955e-04
9.202304849498224582e-02	1.442451107528872001e+02	2.424545397556690915e-09	3.537334603778797843e-03	6.941462195022723991e-02	6.938479113857924652e-02	6.938366452336224011e-02	4.039746320478753971e-06	5.639995132580444829e-05	4.005295700656055471e-05	6.778314698549520788e-10	9.645358616383485682e-05
9.029283317168627920e-02	1.506775898848108568e+02	2.479117178971162543e-09	3.385399501005180792e-03	6.788672250316782342e-02	6.785754585537581707e-02	6.785644391056849800e-02	2.997247369750517844e-06	5.170394251431297065e-05	3.664123121596318849e-05	6.340478349580042160e-10	8.834580777811111931e-05
8.858671140989446413e-02	1.573969195558389060e+02	2.534900961193374442e-09	3.239924966753441552e-03	6.639262895049884150e-02	6.636409238140064670e-02	6.636301458139984288e-02	2.109180133692500995e-06	4.739523246170357579e-05	3.352047135142178542e-05	5.931035379505345083e-10	8.091629691666330307e-05
8.690421560544539514e-02	1.644158916040941847e+02	2.591922234875071748e-09	3.100664965071450643e-03	6.493221747060909377e-02	6.490430692086282538e-02	6.490325274064824568e-02	1.303824431378674037e-06	4.344224970211987022e-05	3.066701891374362118e-05	5.548143282552217559e-10	7.410982343019173978e-05
8.524492535127337067e-02	1.717478683080518351e+02	2.650206948319160260e-09	2.967335581046560457e-03	6.350416132523296897e-02	6.347686320949295913e-02	6.347583214056908008e-02	5.803717477393083418e-07	3.981597500035533835e-05	2.805687750616157934e-05	5.190079543614826787e-10	6.787337151447127845e-05
8.360846718097521280e-02	1.794068078248059805e+02	2.709781991475633652e-09	2.839697459695833450e-03	6.210798400625479332e-02	6.208128490708803016e-02	6.208027644677260176e-02	3.835292320728182451e-08	3.648973376505755355e-05	2.566967113062277011e-05	4.855231188661926710e-10	6.215989041879918476e-05
8.199451442489411046e-02	1.874072907627346467e+02	2.770674811846447484e-09	2.717515545581369353e-03	6.074308084910041289e-02	6.071696756496534203e-02	6.071598121809980431e-02	0.000000000000000000e+00	3.343900648320282569e-05	2.348647378812747648e-05	4.542090427478293095e-10	5.692593448037304817e-05
8.040278672335435250e-02	1.957645479391447907e+02	2.832913313228757197e-09	2.600548480674263249e-03	5.940842012324308585e-02	5.938287984716494189e-02	5.938191513279306860e-02	0.000000000000000000e+00	3.064125467180880172e-05	2.148931409999022284e-05	4.249248246410877326e-10	5.213099369662366726e-05
7.883304979812202906e-02	2.044944893757478042e+02	2.896526516394638518e-09	2.488594434941225619e-03	5.810380253082844670e-02	5.807882251971095700e-02	5.807787895897669611e-02	0.000000000000000000e+00	2.807576207692884940e-05	1.966295338767987442e-05	3.975385055183819028e-10	4.773911300311424260e-05
7.728511462570281099e-02	2.136137345871599678e+02	2.961544206314046411e-09	2.381429833337136287e-03	5.682819189174264513e-02	5.680375980940190195e-02	5.680283693826740365e-02	0.000000000000000000e+00	2.572348822641536519e-05	1.799226636619515962e-05	3.719266992918359532e-10	4.371612651930981239e-05
7.575883608351381693e-02	2.231396442200913839e+02	3.027996863267334840e-09	2.278855024118479986e-03	5.558098099294819794e-02	5.555708474148510212e-02	5.555618210458710543e-02	0.000000000000000000e+00	2.356693370876521669e-05	1.646399940061304918e-05	3.479740707581736114e-10	4.003128108344902741e-05
7.425408778511030650e-02	2.330903531034551293e+02	3.095911857434660968e-09	2.180687973307695888e-03	5.436188756890053542e-02	5.433851515474315969e-02	5.433763230041530057e-02	0.000000000000000000e+00	2.158998677836249544e-05	1.506636957457945379e-05	3.255728234738960391e-10	3.665668192576542432e-05
7.277076891316928975e-02	2.434848047723182560e+02	3.165315154372172821e-09	2.086722908101091775e-03	5.316970342213536010e-02	5.314684334656190334e-02	5.314597984147834825e-02	0.000000000000000000e+00	1.977783064320715129e-05	1.378756111578374392e-05	3.046220409155559870e-10	3.356569638103181353e-05
7.130889815624513739e-02	2.543427875314121991e+02	3.236248304420133636e-09	1.996804038133414855e-03	5.200442357417515982e-02	5.198206433191249892e-02	5.198121974237537163e-02	0.000000000000000000e+00	1.811694919637688760e-05	1.261803253730430412e-05	2.850273371474958717e-10	3.073526676101834114e-05
6.986847313466644505e-02	2.656849721268672511e+02	3.308745195401376130e-09	1.910747730185911918e-03	5.086503794556228308e-02	5.084316844933290530e-02	5.084234235720092032e-02	0.000000000000000000e+00	1.659485723715301133e-05	1.154803212567759986e-05	2.667005618315014176e-10	2.814315606339244194e-05
6.844944633288192748e-02	2.775329510978812664e+02	3.382825697143926772e-09	1.828390657575772746e-03	4.975103346467021903e-02	4.972964283880028369e-02	4.972883483379691993e-02	0.000000000000000000e+00	1.520001493307627702e-05	1.056912213099203120e-05	2.495592377063534174e-10	2.576938662330601563e-05
6.705191586791399427e-02	2.899092798832406856e+02	3.458534695549681758e-09	1.749583723088936251e-03	4.866202676634049512e-02	4.864110429242861355e-02	4.864031397011021191e-02	0.000000000000000000e+00	1.392194266134556077e-05	9.673669844719002755e-06	2.335262923124150268e-10	2.359584603235687658e-05
6.567595533252042206e-02	3.028375197609492488e+02	3.535910900004897242e-09	1.674166084743426838e-03	4.759708780901893144e-02	4.757662316036927880e-02	4.757585013097188203e-02	0.000000000000000000e+00	1.275096963406348103e-05	8.854254748517392966e-06	2.185295940015254296e-10	2.160544291217487639e-05
6.432156876269426449e-02	3.163422827027097810e+02	3.614971839214772236e-09	1.602004949187491381e-03	4.655613322166650414e-02	4.653611610385727237e-02	4.653535997878522484e-02	0.000000000000000000e+00	1.167814918542046383e-05	8.104721482741399771e-06	2.045018681459021851e-10	1.978307517003001110e-05
6.298892393055249839e-02	3.304492782286538386e+02	3.695776939546496417e-09	1.532954838538836458e-03	4.553828093564336876e-02	4.551870142798761232e-02	4.551796183268384810e-02	0.000000000000000000e+00	1.069538733878433614e-05	7.418857229166548688e-06	1.913800518503980726e-10	1.811443594800273688e-05
6.167802725714720963e-02	3.451853623515086156e+02	3.778341822503655110e-09	1.466882420433759720e-03	4.454305752206081520e-02	4.452390590447039692e-02	4.452318247191330153e-02	0.000000000000000000e+00	9.795131803644055788e-06	6.791263528113239344e-06	1.791052989127261862e-10	1.658657443705620747e-05
6.038902369137290338e-02	3.605785887033914037e+02	3.862724832490390069e-09	1.403666860723380184e-03	4.357011152026905865e-02	4.355137822136422726e-02	4.355067059011506064e-02	0.000000000000000000e+00	8.970546929364364144e-06	6.217061607125518754e-06	1.676225487806625430e-10	1.518777615903866378e-05
5.912192955073627271e-02	3.766582619425526559e+02	3.948945846563752373e-09	1.343177129988676810e-03	4.261865765676140644e-02	4.260033344045938142e-02	4.259964126171143783e-02	0.000000000000000000e+00	8.215281189808272918e-06	5.691536848211488348e-06	1.568803805897878079e-10	1.390697491840035168e-05
5.787685834672675472e-02	3.934549935417456368e+02	4.037065779506187874e-09	1.285305908882853352e-03	4.168851279760502765e-02	4.167058850541079801e-02	4.166991143327169328e-02	0.000000000000000000e+00	7.523570917228958632e-06	5.210700289838123460e-06	1.468307030111574230e-10	1.273441803777009408e-05
5.665379384156153664e-02	4.110007600644267995e+02	4.127100464466597390e-09	1.229933499690617771e-03	4.077896300719598133e-02	4.076142978621092455e-02	4.076076748631208418e-02	0.000000000000000000e+00	6.890065582502624464e-06	4.770624074444221758e-06	1.374285730768897540e-10	1.166082708551992334e-05
5.545281094582393822e-02	4.293289640397296125e+02	4.219117880058186647e-09	1.176955521282257956e-03	3.988960091876257025e-02	3.987245009048618477e-02	3.987180223503571097e-02	0.000000000000000000e+00	6.309914440750414658e-06	4.367865438265172476e-06	1.286318934146871478e-10	1.067790851090900149e-05
5.427386889830449618e-02	4.484744975521068682e+02	4.313140760303456513e-09	1.126269910057282409e-03	3.902004891883781995e-02	3.900327196654378159e-02	3.900263823385215212e-02	0.000000000000000000e+00	5.778623470268233146e-06	3.999279189798233452e-06	1.204014516867633268e-10	9.778023061518152848e-06
5.311695788897924375e-02	4.684738086666857839e+02	4.409224523923097692e-09	1.077773997361341487e-03	3.816967099783660777e-02	3.815325967776948823e-02	3.815263975645075134e-02	0.000000000000000000e+00	5.292097799916044821e-06	3.661880365529557235e-06	1.127005028230418546e-10	8.954090865948425079e-06
5.198202459771227718e-02	4.893649708168104553e+02	4.507417504173378647e-09	1.031378345806586170e-03	3.733824654820837308e-02	3.732219271122278609e-02	3.732158629346125217e-02	0.000000000000000000e+00	4.846575495168257214e-06	3.353097345588014222e-06	1.054947409192101152e-10	8.199778335497189398e-06
5.086896489081463996e-02	5.111877552858539957e+02	4.607746895538312040e-09	9.869876626022091454e-04	3.652516407723825631e-02	3.650945983686591789e-02	3.650886662476415800e-02	0.000000000000000000e+00	4.438599942934186869e-06	3.070429909379149986e-06	9.875212240895619999e-11	7.509128604435745750e-06
4.977768858599834062e-02	5.339837069212916276e+02	4.710281353444349474e-09	9.445174930148794333e-04	3.573008313907530958e-02	3.571472075511522570e-02	3.571414045629896922e-02	0.000000000000000000e+00	4.065018455686289567e-06	2.811684540194025542e-06	9.244264309581536776e-11	6.876795438523411017e-06
4.870804435026857004e-02	5.577962232251740033e+02	4.815061069238444306e-09	9.038846872198933857e-04	3.495260489368968299e-02	3.493757679734175309e-02	3.493700912590959329e-02	0.000000000000000000e+00	3.722930448475449635e-06	2.574830690526378934e-06	8.653829219701108188e-11	6.297847677294025591e-06
4.765985636256246660e-02	5.826706369715670917e+02	4.922126014125873136e-09	8.650079674862115814e-04	3.419225632244463076e-02	3.417755514825165930e-02	3.417699982598208786e-02	0.000000000000000000e+00	3.409679755792329529e-06	2.357987662544351278e-06	8.101288217537230284e-11	5.767748431218856255e-06
4.663293650418273706e-02	6.086543025082463600e+02	5.031543412184825399e-09	8.278131201663394955e-04	3.344873308741873330e-02	3.343435160075582807e-02	3.343380835436883525e-02	0.000000000000000000e+00	3.122837150668967843e-06	2.159479961333400508e-06	7.584190895154138493e-11	5.282392953911319975e-06
4.562705602607634858e-02	6.357966859069258589e+02	5.143358563818405611e-09	7.922254346623487826e-04	3.272157525813478712e-02	3.270750642213874487e-02	3.270697498582402635e-02	0.000000000000000000e+00	2.860173060097636486e-06	1.977731353903529462e-06	7.100247210711145517e-11	4.837975416473272740e-06
4.464196794984776756e-02	6.641494591336652320e+02	5.257612808922041707e-09	7.581759422836696410e-04	3.201045387945845172e-02	3.199669079870948174e-02	3.199617091199941782e-02	0.000000000000000000e+00	2.619646863678315986e-06	1.811330980526926348e-06	6.647319285756078364e-11	4.431044317398099709e-06
4.367741103494034161e-02	6.937665984187150343e+02	5.374378086704436935e-09	7.255977838107003980e-04	3.131499832417865281e-02	3.130153426263384414e-02	3.130102567108090927e-02	0.000000000000000000e+00	2.399391282386991763e-06	1.658975827979075007e-06	6.223404671302672572e-11	4.058429344412780021e-06
4.273309857644975313e-02	7.247044870130758909e+02	5.493708481090712391e-09	6.944263443633843201e-04	3.063481895288696494e-02	3.062164734206635278e-02	3.062114979755247920e-02	0.000000000000000000e+00	2.197694790249701600e-06	1.519468703733020930e-06	5.826632412974991627e-11	3.717221760306852417e-06
4.180872537449911025e-02	7.570220225273931192e+02	5.615638320351987498e-09	6.646015524428389946e-04	2.996963154909474542e-02	2.995674594272482519e-02	2.995625920174811371e-02	0.000000000000000000e+00	2.012989856989939775e-06	1.391733567184727779e-06	5.455256349172753304e-11	3.404777976738159292e-06
4.090398027006400539e-02	7.907807290575304933e+02	5.740248888642048733e-09	6.360637672595053586e-04	2.931903178160199033e-02	2.930642590730492963e-02	2.930594973293225089e-02	0.000000000000000000e+00	1.843842825942581919e-06	1.274761634784556021e-06	5.107639557111222912e-11	3.118655537122708669e-06
4.001853527891995055e-02	8.260448743102882645e+02	5.867599338502769012e-09	6.087577650366307516e-04	2.868273123442538139e-02	2.867039894384183080e-02	2.866993310382470739e-02	0.000000000000000000e+00	1.688940095901019130e-06	1.167649509999226950e-06	4.782254023590553429e-11	2.856637428440482255e-06
3.915205243759754122e-02	8.628815919522211288e+02	5.997730797919918252e-09	5.826296126986843038e-04	2.806038618226615669e-02	2.804832147485573218e-02	2.804786574252941464e-02	0.000000000000000000e+00	1.547078986930380971e-06	1.069559778368390820e-06	4.477669916270433942e-11	2.616683541997934603e-06
3.830418926322248785e-02	9.013610094145051335e+02	6.130717476113428244e-09	5.576281714674902797e-04	2.745168339307761315e-02	2.743988040300184700e-02	2.743943455678987675e-02	0.000000000000000000e+00	1.417158918850764562e-06	9.797300153700081851e-07	4.192551034650779748e-11	2.396930859731119562e-06
3.747459701811289151e-02	9.415563813971385798e+02	6.266630280944629409e-09	5.337046408462089693e-04	2.685632479255114016e-02	2.684477778214817978e-02	2.684434160531581209e-02	0.000000000000000000e+00	1.298172190933484770e-06	8.974635311930680724e-07	3.925644934685687123e-11	2.195674978575899896e-06
3.666292356548848247e-02	9.835442293266423803e+02	6.405523957124235343e-09	5.108119710860401516e-04	2.627399596212795160e-02	2.626269932895195294e-02	2.626227260987215595e-02	0.000000000000000000e+00	1.189196315406241086e-06	8.221196019286257129e-07	3.675781492504969756e-11	2.011352675149791725e-06
3.586881480197054439e-02	1.027404487032749330e+03	6.547457231814692317e-09	4.889056101899429347e-04	2.570441747014391015e-02	2.569336573190278417e-02	2.569294826348720445e-02	0.000000000000000000e+00	1.089386792942711300e-06	7.531154415317962315e-07	3.441868898846902639e-11	1.842536653163495797e-06
3.509191699151625182e-02	1.073220652921410647e+03	6.692514634940179281e-09	4.679425920315407076e-04	2.514729279921411320e-02	2.513648060113182064e-02	2.513607218110893576e-02	0.000000000000000000e+00	9.979706232760982958e-07	6.899147690345833526e-07	3.222884120117467857e-11	1.687917621151882790e-06
3.433187770293562313e-02	1.121079948933828746e+03	6.840765219793026125e-09	4.478820679148606712e-04	2.460234731723515839e-02	2.459176942262923313e-02	2.459136985318841409e-02	0.000000000000000000e+00	9.142401999372776308e-07	6.320285099736624870e-07	3.017870020017391346e-11	1.546298888611140319e-06
3.358834647329916878e-02	1.171073486594103088e+03	6.992251014179911836e-09	4.286849165810143521e-04	2.406930916037106072e-02	2.405896044946195453e-02	2.405856953720847749e-02	0.000000000000000000e+00	8.375477220070626938e-07	5.790085667942107360e-07	2.825931292088501672e-11	1.416584548114194418e-06
3.286097534334277148e-02	1.223296440461639122e+03	7.147073054103994934e-09	4.103136612727878159e-04	2.354790871230105082e-02	2.353778418125165514e-02	2.353740173717040057e-02	0.000000000000000000e+00	7.673000945693869477e-07	5.304443921594218983e-07	2.646230643135124553e-11	1.297770949035240231e-06
3.214942064998406457e-02	1.277848229318499989e+03	7.305305584287583205e-09	3.927325686039463367e-04	2.303788936792357939e-02	2.302798412323390012e-02	2.302760996247765410e-02	0.000000000000000000e+00	7.029543939330152936e-07	4.859608040316865464e-07	2.477984681040278761e-11	1.188939977811512224e-06
3.145334379492462085e-02	1.334832705436643437e+03	7.467003601827722846e-09	3.759073991203699776e-04	2.253899506502215350e-02	2.252930432330363386e-02	2.252893826518454629e-02	8.127823712258016072e-10	6.440136161580718549e-07	4.452138665500880734e-07	2.320459795948448312e-11	1.089250687306119236e-06
3.077241063492017897e-02	1.394358352285360525e+03	7.632252935868529645e-09	3.598054572177501937e-04	2.205097965918153061e-02	2.204149874288484356e-02	2.204114061071304337e-02	1.315417633692399406e-07	5.900226881340618056e-07	4.078890466745884363e-07	2.172971326751048275e-11	9.979334645219178351e-07
3.010629254070503955e-02	1.456538491055291843e+03	7.801144681723301736e-09	3.443954446774909000e-04	2.157360032862503871e-02	2.156432466461508449e-02	2.156397428564485116e-02	2.274607868928568927e-08	5.405649721216952893e-07	3.736981979325128013e-07	2.034876725618608027e-11	9.142835188214643130e-07
2.945466714076575357e-02	1.521491496392210820e+03	7.973747824367341066e-09	3.296474503336638295e-04	2.110662085360406545e-02	2.109754597031977125e-02	2.109720317564224221e-02	9.664841300862665559e-08	4.952590369444447003e-07	3.423775846795453607e-07	1.905576163359185243e-11	8.376556773856237000e-07
2.881721835438399992e-02	1.589341021751227572e+03	8.150132372264701269e-09	3.155328868297178836e-04	2.064981162416152163e-02	2.064093314876893834e-02	2.064059777320458033e-02	1.666435508917139901e-07	4.537556555041104635e-07	3.136858043763625971e-07	1.784507457983718039e-11	7.674593049550528698e-07
2.819363523449515754e-02	1.660216234800487882e+03	8.330406111349301381e-09	3.020243709989336349e-04	2.020294596068518758e-02	2.019425961782480780e-02	2.019393149987611796e-02	8.735399899312968821e-08	4.157349961716877505e-07	2.874016766527535902e-07	1.671144953210377093e-11	7.031533842739734287e-07
2.758361327025295184e-02	1.734252063322469667e+03	8.514654983017846056e-09	2.890957383847674554e-04	1.976580416974594787e-02	1.975730577851960920e-02	1.975698476025724432e-02	1.176536966358548072e-07	3.809042155507749350e-07	2.633227862664256898e-07	1.564996764267629923e-11	6.442426517848432970e-07
2.698685537004797894e-02	1.811589452081028185e+03	8.702930176304757379e-09	2.767219737671727537e-04	1.933817124004971744e-02	1.932985671201361763e-02	1.932954263900062489e-02	8.940652310607862573e-08	3.489952200045042962e-07	2.412637618514471161e-07	1.465602221239313219e-11	5.902736378781638058e-07
2.640306972168380770e-02	1.892375631143190958e+03	8.895358404245552146e-09	2.648791380175603079e-04	1.891983703506053965e-02	1.891170237212521504e-02	1.891139509333769272e-02	9.573452240265286410e-08	3.197624540928166600e-07	2.210548531395130093e-07	1.372530550858787155e-11	5.408310325378382781e-07
2.583197139871364068e-02	1.976764396166515780e+03	9.092031768291415751e-09	2.535443442687491120e-04	1.851059651640540177e-02	1.850263780864363702e-02	1.850233717638793962e-02	2.298048501402405160e-07	2.929810810465208204e-07	2.025406253179933240e-07	1.285378613449692048e-11	4.955345601506486894e-07
2.527328200796662844e-02	2.064916401185627365e+03	9.293015023358931046e-09	2.426957052776240829e-04	1.811024942657305653e-02	1.810246285016575002e-02	1.810216872000085242e-02	1.806472501287745743e-07	2.684452119357795442e-07	1.855787374994608877e-07	1.203768806103141904e-11	4.540359871233014835e-07
2.472672843911090032e-02	2.156999464455261204e+03	9.498421734653542781e-09	2.323122710613354132e-04	1.771859971052466842e-02	1.771098152594993008e-02	1.771069375661909334e-02	9.509894596855286894e-08	2.459662549329294883e-07	1.700388176485474282e-07	1.127347782677076640e-11	4.160163460593036574e-07
2.419204396228627832e-02	2.253188887932141824e+03	9.708361774301130725e-09	2.223740056212779477e-04	1.733545580456933091e-02	1.732800235467558264e-02	1.732772080803349907e-02	7.997969859738864247e-08	2.253715069816047999e-07	1.558014694587439260e-07	1.055784915053702379e-11	3.811835342894992756e-07
2.366896815490998618e-02	2.353667791003840648e+03	9.922915609372305554e-09	2.128617508456180011e-04	1.696063092325479985e-02	1.695333863120168996e-02	1.695306317213675015e-02	5.619629835871067579e-08	2.065028101463508872e-07	1.427573585570058360e-07	9.887707477200775249e-12	3.492700564108338971e-07
2.315724619865945286e-02	2.458627459099974658e+03	1.014218041286861955e-08	2.037571745031838426e-04	1.659394228368284846e-02	1.658680765122281034e-02	1.658653814759216555e-02	1.069572993487028664e-07	1.892153016841019749e-07	1.308063386987816893e-07	9.260155643220933285e-12	3.200309005385268951e-07
2.265662872736045816e-02	2.568267707849400722e+03	1.036628550290126486e-08	1.950427348831046534e-04	1.623521110051328112e-02	1.622823070627146119e-02	1.622796702883606487e-02	1.459648969646035989e-07	1.733762932148415237e-07	1.198566814334714865e-07	8.672481231710313008e-12	2.932416471295447322e-07
2.216687224225759312e-02	2.682797263476666558e+03	1.059532916696694322e-08	1.867016546165933268e-04	1.588426278949182924e-02	1.587743328715924412e-02	1.587717530951556627e-02	4.391487322262725345e-08	1.588642612362240484e-07	1.098243755807802651e-07	8.122144913067105387e-12	2.686967589619173588e-07
2.168773896755179370e-02	2.802434160161916679e+03	1.082939115335573311e-08	1.787178871258939612e-04	1.554092691880353677e-02	1.553424503535246089e-02	1.553399263386512005e-02	6.075127225380294709e-08	1.455679032994195186e-07	1.006324767819247840e-07	7.606770135866000411e-12	2.462079868514801670e-07
2.121899596844607425e-02	2.927406155120648691e+03	1.106862157330167688e-08	1.710760717968694072e-04	1.520503653932213546e-02	1.519849907350712820e-02	1.519825212725224757e-02	2.244720624251559322e-08	1.333852559717499442e-07	9.221049674257063947e-08	7.124131678907104436e-12	2.256028768459994732e-07
2.076041575020746641e-02	3.057951162193628988e+03	1.131313535166293024e-08	1.637615158798597244e-04	1.487642861118687251e-02	1.487003243186515652e-02	1.486979082256691814e-02	2.210739135144737636e-08	1.222229281466127729e-07	8.449387329350727052e-08	6.672146603922993372e-12	2.067234735867239593e-07
2.031177623920247047e-02	3.194317704772324760e+03	1.156299928242200715e-08	1.567601666284301667e-04	1.455494398652114676e-02	1.454868603097778622e-02	1.454844964294516561e-02	1.212766782324566230e-08	1.119953800442462682e-07	7.742347195775754983e-08	6.248865073329868417e-12	1.894251008670771441e-07
1.987285986712190519e-02	3.336765388922139209e+03	1.181837971072074277e-08	1.500585709988685003e-04	1.424042675250731908e-02	1.423430402506480237e-02	1.423407274513904287e-02	1.182433735591850511e-08	1.026242440956806346e-07	7.094511650941394080e-08	5.852461206570880621e-12	1.735752130663011558e-07
1.944345410411998931e-02	3.485565397604147165e+03	1.207940136134663488e-08	1.436438595206962552e-04	1.393272460962333495e-02	1.392673418008798757e-02	1.392650789758393889e-02	4.004505852643383963e-08	9.403773629070764329e-08	6.500918198423570614e-08	5.481225728590451783e-12	1.590523995006719424e-07
1.902335133806310266e-02	3.641001006936188787e+03	1.234614805794793866e-08	1.375037206055348797e-04	1.363168878690555405e-02	1.362582778904902932e-02	1.362560639569775425e-02	5.647550330470049462e-08	8.617010126992441856e-08	5.957021112231153225e-08	5.133558469866694951e-12	1.457454459507058215e-07
1.861234843327993008e-02	3.803368125476193200e+03	1.261877237961086374e-08	1.316263713354501579e-04	1.333717371513055625e-02	1.333143934531523002e-02	1.333122273521209801e-02	3.457530175067688485e-08	7.896109892150417621e-08	5.458655927327718701e-08	4.807961100694845317e-12	1.335524661558820674e-07
1.821024675935372511e-02	3.972975857554277354e+03	1.289741990038038343e-08	1.260005365692758541e-04	1.304903705546433049e-02	1.304342657125281274e-02	1.304321464080496901e-02	4.586022138963532218e-09	7.235554347772652875e-08	5.002007594067882010e-08	4.503030740583676080e-12	1.223801224491459243e-07
1.781685222314245004e-02	4.150147091726198596e+03	1.318219289154876893e-08	1.206154287856278499e-04	1.276713972771479667e-02	1.276165044646898096e-02	1.276144309434243569e-02	9.637218229916717920e-09	6.630288074218744362e-08	4.583581258760928849e-08	4.217453984946198854e-12	1.121429107837816799e-07
1.743197504184194196e-02	4.335219115468314158e+03	1.347322874846877477e-08	1.154607250755530339e-04	1.249134573836977943e-02	1.248597503592351575e-02	1.248577216299299845e-02	8.054102978566782792e-09	6.075679668667419882e-08	4.200175190035784478e-08	3.950000998126007482e-12	1.027624985880301745e-07
1.705542954471390635e-02	4.528544257284313971e+03	1.377069557649181181e-08	1.105265457094004028e-04	1.222152203893646545e-02	1.221626734832952262e-02	1.221606885763066273e-02	9.084356938262599421e-10	5.567485993864097528e-08	3.848856065575220851e-08	3.699520207968908667e-12	9.416712011460114633e-08
1.668703426755318436e-02	4.730490557446110870e+03	1.407471572857902962e-08	1.058034374494591195e-04	1.195753859651141685e-02	1.195239740669289466e-02	1.195220320337323817e-02	1.617248157009695398e-09	5.101819829841274892e-08	3.526936614111128236e-08	3.464933405361242906e-12	8.629102937292940373e-08
1.632661174553234548e-02	4.941442468645801455e+03	1.438540973563670865e-08	1.012823536006971951e-04	1.169926824422298263e-02	1.169423809881808482e-02	1.169404809009051173e-02	1.395918841134900565e-09	4.675119829803246974e-08	3.231954842206601150e-08	3.245230985391595440e-12	7.907399195108386844e-08
1.597398838853094846e-02	5.161801587892616226e+03	1.470297008680372111e-08	9.695463599286983946e-05	1.144658659122073027e-02	1.144166508733853935e-02	1.144147918243623545e-02	6.309454130378051894e-11	4.284123125739450965e-08	2.961655098657960891e-08	3.039467553808733311e-12	7.246082171152792705e-08
1.562899454280189740e-02	5.391987421048040233e+03	1.502754091597605868e-08	9.281200002788824648e-05	1.119937206760403779e-02	1.119455685462339943e-02	1.119437496475398156e-02	2.686860597306903153e-10	3.925840440869725796e-08	2.713970867983090636e-08	2.846757916515885422e-12	6.640095984644467987e-08
1.529146437819422014e-02	5.632438181454782352e+03	1.535922384115882376e-08	8.884651813904343961e-05	1.095750584340362058e-02	1.095279462179551792e-02	1.095261666009657645e-02	2.090873622238118232e-10	3.597533077803741086e-08	2.487008862644015543e-08	2.666273219372383686e-12	6.084808567769693346e-08
1.496123552428364409e-02	5.883611624179827231e+03	1.569823779828863847e-08	8.505060112895917166e-05	1.072087156773755649e-02	1.071626208799927003e-02	1.071608796949806604e-02	6.658551584309184718e-11	3.296691630060003495e-08	2.279034306020108770e-08	2.497237211878667783e-12	5.575975659801300250e-08
1.463814926771630533e-02	6.145985917459800476e+03	1.604474566580088502e-08	8.141698681742087697e-05	1.048935551033681676e-02	1.048484557186469754e-02	1.048467521343561699e-02	1.459584626154240656e-10	3.021017019834394655e-08	2.088457823748080685e-08	2.338923043888863989e-12	5.109708735886864483e-08
1.432205050546612492e-02	6.420060553007650924e+03	1.639884318144309610e-08	7.793872623123081699e-05	1.026284652799911573e-02	1.025843397797663280e-02	1.025826729829918023e-02	1.480669795687805366e-10	2.768402864329278778e-08	1.913823253347839363e-08	2.190650127361021695e-12	4.682445182689854837e-08
1.401278737065278675e-02	6.706357296913610298e+03	1.676076282559841513e-08	7.460916685839745022e-05	1.004123579646836427e-02	1.003691852885197668e-02	1.003675544837243257e-02	0.000000000000000000e+00	2.536919079648237639e-08	1.753796309439779466e-08	2.051781051631439444e-12	4.290920567193180141e-08
1.371021142266013945e-02	7.005421182950783077e+03	1.713068348970659063e-08	7.142194276416121855e-05	9.824416946672845027e-03	9.820192901147625428e-03	9.820033342039622901e-03	0.000000000000000000e+00	2.324797309804985270e-08	1.607154510697616550e-08	1.921718957955458629e-12	3.932143992398396765e-08
1.341417754298802716e-02	7.317821550176158780e+03	1.750872209551894812e-08	6.837096187431485506e-05	9.612285990075554454e-03	9.608153151063943825e-03	9.607997037191055856e-03	0.000000000000000000e+00	2.130417333124977582e-08	1.472777782458552494e-08	1.799904939820519355e-12	3.603375106077512381e-08
1.312454369471915440e-02	7.644153126802629231e+03	1.789509758840047649e-08	6.545039246061117445e-05	9.404741146342522617e-03	9.400697542027814518e-03	9.400544798906626878e-03	0.000000000000000000e+00	1.952294535403927560e-08	1.349639796790683321e-08	1.685815558782266467e-12	3.302102913750488781e-08
1.284117098072468099e-02	7.985037162405221352e+03	1.829001549549079394e-08	6.265465325641105562e-05	9.201682885038789741e-03	9.197726586397756560e-03	9.197577141161341480e-03	0.000000000000000000e+00	1.789068630954095475e-08	1.236800175249117687e-08	1.578960641157868938e-12	3.026026702267328865e-08
1.256392361650733244e-02	8.341122610617048849e+03	1.869361594857754151e-08	5.997840305857398487e-05	9.003013906168380598e-03	8.999143026012308005e-03	8.998996807373992740e-03	0.000000000000000000e+00	1.639493261244371529e-08	1.133397298316843503e-08	1.478881174787308082e-12	2.773038447678693896e-08
1.229266874421646935e-02	8.713087364566496035e+03	1.910610224030618056e-08	5.741652924669791991e-05	8.808639006901885365e-03	8.804851698974873464e-03	8.804708637194182466e-03	0.000000000000000000e+00	1.502426381830175233e-08	1.038641659797866666e-08	1.385147282946438440e-12	2.541206556356336626e-08
1.202727639214695721e-02	9.101639547407672580e+03	1.952770889923499632e-08	5.496413821139677915e-05	8.618465052554272199e-03	8.614759510644037083e-03	8.614619537493102552e-03	0.000000000000000000e+00	1.376821539997707596e-08	9.518098369696457822e-09	1.297356382031220560e-12	2.328761112605556387e-08
1.176761947751774236e-02	9.507518860400743506e+03	1.995860153285435060e-08	5.261654654870717002e-05	8.432400978575966405e-03	8.428775435623774362e-03	8.428638484353713836e-03	0.000000000000000000e+00	1.261719897602230746e-08	8.722389758952618400e-09	1.215131467766608806e-12	2.134080386644269307e-08
1.151357369902629088e-02	9.931497991108813949e+03	2.039896541923717548e-08	5.036927160532760279e-05	8.250357713559865538e-03	8.246810440803567510e-03	8.246676446112113923e-03	0.000000000000000000e+00	1.156242869130751520e-08	7.993217020460678588e-09	1.138119473373388404e-12	1.955678383124156776e-08
1.126501743142081617e-02	1.037438408439202794e+04	2.084906668482156667e-08	4.821802247176413267e-05	8.072248103694258659e-03	8.068777409843826479e-03	8.068646307844189874e-03	0.000000000000000000e+00	1.059585383260435527e-08	7.325014619528787076e-09	1.065989735222584602e-12	1.792193444186836432e-08
1.102183174095734512e-02	1.083702027899924906e+04	2.130909884367148764e-08	4.615869239761930237e-05	7.897986923839007967e-03	7.894591154247287967e-03	7.894462882436817722e-03	0.000000000000000000e+00	9.710097563743022969e-09	6.712682879090477314e-09	9.984325910843025352e-13	1.642377887542458579e-08
1.078390029690222754e-02	1.132028731268275260e+04	2.177922651891471265e-08	4.418735061565348329e-05	7.727490814110317408e-03	7.724168349971049542e-03	7.724042847200953896e-03	0.000000000000000000e+00	8.898400364535650246e-09	6.151548878494023288e-09	9.351580361135371538e-13	1.505088440106578561e-08
1.055110926990683075e-02	1.182510519889140232e+04	2.225975029421528142e-08	4.230023442439922256e-05	7.560678207058396834e-03	7.557427464635562038e-03	7.557304671081792498e-03	0.000000000000000000e+00	8.154568199197584081e-09	5.637330621838638333e-09	8.758944624215937066e-13	1.379277471549864240e-08
1.032334734490087183e-02	1.235243497823471080e+04	2.275089428458397134e-08	4.049374253118966522e-05	7.397469336906545463e-03	7.394288766759723151e-03	7.394168623893712308e-03	0.000000000000000000e+00	7.472925397541711391e-09	5.166104464295600818e-09	8.203875080071021416e-13	1.263985024934532006e-08
1.010050565332796732e-02	1.290328054805135253e+04	2.325279942897820026e-08	3.876442800590136086e-05	7.237786190992715959e-03	7.234674277223326726e-03	7.234556727783517972e-03	0.000000000000000000e+00	6.848271199145817668e-09	4.734275070677463478e-09	7.683989569425636733e-13	1.158331466878022304e-08
9.882477633501692699e-03	1.347869057356610574e+04	2.376580392706936102e-08	3.710899099846430419e-05	7.081552409703939684e-03	7.078507669244510879e-03	7.078392657209508360e-03	0.000000000000000000e+00	6.275839766455035719e-09	4.338547772115138326e-09	7.197056942403853303e-13	1.061510724426441371e-08
9.669159097488267546e-03	1.407976048427283422e+04	2.429015419525962045e-08	3.552427333501357969e-05	6.928693334402888718e-03	6.925714316285713247e-03	6.925601786846658989e-03	0.000000000000000000e+00	5.751264102930546552e-09	3.975903622330613520e-09	6.740987738310891095e-13	9.727841824034990362e-09
9.460448141604278424e-03	1.470763455934442754e+04	2.482599789213232231e-08	3.400725213714788601e-05	6.779135943292642283e-03	6.776221227946014301e-03	6.776111127480002709e-03	0.000000000000000000e+00	5.270542552706756096e-09	3.643576238531067177e-09	6.313825092711052429e-13	8.914750173747092797e-09
9.256245024319480208e-03	1.536350810603965874e+04	2.537368044361435855e-08	3.255503350332542169e-05	6.632808763924685248e-03	6.629956962506750734e-03	6.629849238551664692e-03	0.000000000000000000e+00	4.830008065587432978e-09	3.339030554008112723e-09	5.913736174458823159e-13	8.169629993212992219e-09
9.056452200962118032e-03	1.604862973525413145e+04	2.593347620109012572e-08	3.116484757778636619e-05	6.489641898067934241e-03	6.486851651789847864e-03	6.486746253018794116e-03	0.000000000000000000e+00	4.426300386213597483e-09	3.059943592244830198e-09	5.539004479893807586e-13	7.486797878906415844e-09
8.860974284069435269e-03	1.676430373854734717e+04	2.650556248801721059e-08	2.983404327295607615e-05	6.349566993296833738e-03	6.346836972758136859e-03	6.346733848954339355e-03	0.000000000000000000e+00	4.056340381547222013e-09	2.804186719260856510e-09	5.188022453365783111e-13	6.861045903053414743e-09
8.669717915431527852e-03	1.751189257117110537e+04	2.709026895163263806e-08	2.856008262578198370e-05	6.212517151300975954e-03	6.209846055864396211e-03	6.209745157897577847e-03	0.000000000000000000e+00	3.717306362297549754e-09	2.569809274389002231e-09	4.859284424543654998e-13	6.287601565129006182e-09
8.482591767274413538e-03	1.829281944582632059e+04	2.768790789186857463e-08	2.734053626940659653e-05	6.078426928732864540e-03	6.075813485898743337e-03	6.075714765701498155e-03	0.000000000000000000e+00	3.406612636239453570e-09	2.355023743980071866e-09	4.551380228009252845e-13	5.762091518242326038e-09
8.299506505060208830e-03	1.910857104208602323e+04	2.829868951597471657e-08	2.617307882424273129e-05	5.947232310551383433e-03	5.944675275343574289e-03	5.944578685888170753e-03	0.000000000000000000e+00	3.121889772786887568e-09	2.158192118114624500e-09	4.262989152023799663e-13	5.280508189816714974e-09
8.120374732943511087e-03	1.996070033664264338e+04	2.892292452660655994e-08	2.505548437000031925e-05	5.818870670937122992e-03	5.816368825305688953e-03	5.816274320581503801e-03	0.000000000000000000e+00	2.860966490706691596e-09	1.977813369407112647e-09	3.992874242603544085e-13	4.839179147538065207e-09
7.945110967736401450e-03	2.085082955976756421e+04	2.956096669963895563e-08	2.398562228455898023e-05	5.693280754636304182e-03	5.690832906868239192e-03	5.690740441859502667e-03	0.000000000000000000e+00	2.621853103413268313e-09	1.812512008580500620e-09	3.739877011687440457e-13	4.434739099694937500e-09
7.773631581426853308e-03	2.178065328361121283e+04	3.021306236857638195e-08	2.296145306157820266e-05	5.570402635770817408e-03	5.568007619918474010e-03	5.567917150582676021e-03	0.000000000000000000e+00	2.402726303326843179e-09	1.661027565748288480e-09	3.502912433147981622e-13	4.064104160318446317e-09
7.605854755581664510e-03	2.275194164822352832e+04	3.087949967590212134e-08	2.198102437941480277e-05	5.450177685164429159e-03	5.447834360487998316e-03	5.447745843734830631e-03	0.000000000000000000e+00	2.201915238903575070e-09	1.522204965332892496e-09	3.280964275257836731e-13	3.724448300663993358e-09
7.441700437441168235e-03	2.376654373143495832e+04	3.156067794726285895e-08	2.104246734575429908e-05	5.332548538881278465e-03	5.330255789304794156e-03	5.330169182975599135e-03	0.000000000000000000e+00	2.017888759370584009e-09	1.394985708229546122e-09	3.073080731781684562e-13	3.413181775673308208e-09
7.281090323492444248e-03	2.482639106901514606e+04	3.225688340755529713e-08	2.014399305257744900e-05	5.217459086454822280e-03	5.215215820027227153e-03	5.215131082874642499e-03	0.000000000000000000e+00	1.849243754996283885e-09	1.278399811324188808e-09	2.878370362941915678e-13	3.127931403356766759e-09
7.123947810000631937e-03	2.593350133180940611e+04	3.296837763036234837e-08	1.928388908457349206e-05	5.104854435439733565e-03	5.102659583811187602e-03	5.102576675479362708e-03	0.000000000000000000e+00	1.694694433661935347e-09	1.171558394285303564e-09	2.695998250339269585e-13	2.866522427772272755e-09
6.970197940670005456e-03	2.708998216685386069e+04	3.369560974779670843e-08	1.846051616327254723e-05	4.994680873907050497e-03	4.992533391821359599e-03	4.992452272826785990e-03	0.000000000000000000e+00	1.553062495092572740e-09	1.073646886916218885e-09	2.525182394696278685e-13	2.626961900248261283e-09
6.819767395244785702e-03	2.829803520978158122e+04	3.443890993696625583e-08	1.767230515005886670e-05	4.886885862275784295e-03	4.884784727066350356e-03	4.884705358778815287e-03	0.000000000000000000e+00	1.423268164748218197e-09	9.839188307987570419e-10	2.365190387237235318e-13	2.407423514585699135e-09
6.672584448803987531e-03	2.955996027615834828e+04	3.519850870554096226e-08	1.691775401371865069e-05	4.781418004144558781e-03	4.779362215242861402e-03	4.779284559866887189e-03	0.000000000000000000e+00	1.304321947734267000e-09	9.016901786929845194e-10	2.215336257178494525e-13	2.206233660052969244e-09
6.528578914251086454e-03	3.087815973972717256e+04	3.597490969217314644e-08	1.619542484320096661e-05	4.678227005081051978e-03	4.676215583542853854e-03	4.676139604099798126e-03	0.000000000000000000e+00	1.195317061238047734e-09	8.263340630085702155e-10	2.074977503717740019e-13	2.021858621996989713e-09
6.387682134698249511e-03	3.225514310589665547e+04	3.676848588330139044e-08	1.550394123682184472e-05	4.577263667164711315e-03	4.575295655198607231e-03	4.575221315508854261e-03	0.000000000000000000e+00	1.095422538847150802e-09	7.572760287544006118e-10	1.943512365518125244e-13	1.852892918838103212e-09
6.249826948060986480e-03	3.369353178917990590e+04	3.757944849076006258e-08	1.484198565660033715e-05	4.478479863616107934e-03	4.476554324122986039e-03	4.476481588788552672e-03	0.000000000000000000e+00	1.003876887594886396e-09	6.939896485937274990e-10	1.820377233695515841e-13	1.698048573911983392e-09
6.114947631187864913e-03	3.519606410367895296e+04	3.840834401209242700e-08	1.420829679853249278e-05	4.381828498761600535e-03	4.379944514891316414e-03	4.379873349279100707e-03	0.000000000000000000e+00	9.199822634860698683e-10	6.359924963296984617e-10	1.705044211747005918e-13	1.556145264236942995e-09
5.982979891844344283e-03	3.676560047611527989e+04	3.925557624385498344e-08	1.360166729941569815e-05	4.287263502289136857e-03	4.285420176999647432e-03	4.285350547224780517e-03	0.000000000000000000e+00	8.430991651205125812e-10	5.828424785567599896e-10	1.597018871931004631e-13	1.426101345564465736e-09
5.853860837986417029e-03	3.840512889133069984e+04	4.012139888050195222e-08	1.302094142829667505e-05	4.194739807230460707e-03	4.192936262856441013e-03	4.192868135765991967e-03	0.000000000000000000e+00	7.726415544946027073e-10	5.341344616243482278e-10	1.495838132217675500e-13	1.306925599932172635e-09
5.727528928417732410e-03	4.011777058062521974e+04	4.100633948194517914e-08	1.246501279280560616e-05	4.104213314603163618e-03	4.102448692439812812e-03	4.102382035597062528e-03	0.000000000000000000e+00	7.080723764549361979e-10	4.894971741925278385e-10	1.401068253823697722e-13	1.197709657472846315e-09
5.603923956494599040e-03	4.190678596376192581e+04	4.191085680653670998e-08	1.193282228890584570e-05	4.015640881734070314e-03	4.013914341625943183e-03	4.013849123294858587e-03	0.000000000000000000e+00	6.488994708097323950e-10	4.485903812357039578e-10	1.312302991312865890e-13	1.097621082344567587e-09
5.482987022099141024e-03	4.377558085594855947e+04	4.283525169041459326e-08	1.142335608182397671e-05	3.928980302175854103e-03	3.927291022114332356e-03	3.927227211244356357e-03	0.000000000000000000e+00	5.946718189189967583e-10	4.111022892746690227e-10	1.229161849802140500e-13	1.005897024378645802e-09
5.364660494074114348e-03	4.572771295161538001e+04	4.378002804968269893e-08	1.093564363164577066e-05	3.844190278788710800e-03	3.842537454521035862e-03	3.842475020732323988e-03	0.000000000000000000e+00	5.449760999571267238e-10	3.767471656881616948e-10	1.151288446070059910e-13	9.218383944898953749e-10
5.248887994329564689e-03	4.776689859733040794e+04	4.474570500134233982e-08	1.046875589071156222e-05	3.761230412351556501e-03	3.759613256994769406e-03	3.759552170563601643e-03	0.000000000000000000e+00	4.994335443309884945e-10	3.452631634508288939e-10	1.078348987770861857e-13	8.448045426805944544e-10
5.135614365543645851e-03	4.989701986674675572e+04	4.573263554762146076e-08	1.002180350764632980e-05	3.680061178417191273e-03	3.678478922082019896e-03	3.678419153926596342e-03	0.000000000000000000e+00	4.576970427412131454e-10	3.164103225997817485e-10	1.010030837612683484e-13	7.742083684247562583e-10
5.024785639783605797e-03	5.212213195105083287e+04	4.674129461118734587e-08	9.593935111333501170e-06	3.600643904826829941e-03	3.599095794251245140e-03	3.599037315917843777e-03	0.000000000000000000e+00	4.194484977203172410e-10	2.899687393276856969e-10	9.460411694282320303e-14	7.095118411649457440e-10
4.916349013945266362e-03	5.444647087898081372e+04	4.777226766263987828e-08	9.184335693268413814e-06	3.522940754110609907e-03	3.521426052300945502e-03	3.521368835950365768e-03	0.000000000000000000e+00	3.843963990691768892e-10	2.657368898589147364e-10	8.861057133880853158e-14	6.502218994994304531e-10
4.810252830870940730e-03	5.687446158111227851e+04	4.882596545761272152e-08	8.792225077352514451e-06	3.446914709957129685e-03	3.445432695835024591e-03	3.445376714229249956e-03	0.000000000000000000e+00	3.522736033461647541e-10	2.435300953892550610e-10	8.299675832612813935e-14	5.958866954937459253e-10
4.706446554494527965e-03	5.941072631376337813e+04	4.990282794808540857e-08	8.416856429753594268e-06	3.372529559403006100e-03	3.371079527460001373e-03	3.371024753949153352e-03	0.000000000000000000e+00	3.228352966380737010e-10	2.231791137300508649e-10	7.773861741453887836e-14	5.460921489855391683e-10
4.604880735812160765e-03	6.206009345855627180e+04	5.100351335078193800e-08	8.057514798580237090e-06	3.299749868448237193e-03	3.298331128410856000e-03	3.298277536920542381e-03	0.000000000000000000e+00	2.958571252116704663e-10	2.045288470098288480e-10	7.281361255185698708e-14	5.004587858340511871e-10
4.505506996881043259e-03	6.482760671438706049e+04	5.212849622222634108e-08	7.713515778950516853e-06	3.228540970590140606e-03	3.227152847089902188e-03	3.227100412108752179e-03	0.000000000000000000e+00	2.711334874499339098e-10	1.874371608735601285e-10	6.820063589102498882e-14	4.586388489593850508e-10
4.408278005224770986e-03	6.771853469930319989e+04	5.327817498779611661e-08	7.384204198959174758e-06	3.158868948482807058e-03	3.157510780734122408e-03	3.157459477301619282e-03	0.000000000000000000e+00	2.484759657083603777e-10	1.717738004099961433e-10	6.387991714790389461e-14	4.203136460355044192e-10
4.313147450006486749e-03	7.073838098056787567e+04	5.445328767785737293e-08	7.068952866703334986e-06	3.090700616863339533e-03	3.089371758348750160e-03	3.089321562043341029e-03	0.000000000000000000e+00	2.277118897161476997e-10	1.574193970172324390e-10	5.983293877981881458e-14	3.851911196721600087e-10
4.220070026790524904e-03	7.389289455200593511e+04	5.565437925811740382e-08	6.767161397179064274e-06	3.024003511632404346e-03	3.022703329792514760e-03	3.022654216719899457e-03	0.000000000000000000e+00	2.086830217475357366e-10	1.442645594491394816e-10	5.604235687337703184e-14	3.530036235535486456e-10
4.129001409025120396e-03	7.718808077857756871e+04	5.688179913876642810e-08	6.478255044221756889e-06	2.958745869419406298e-03	2.957473745351603747e-03	2.957425692133353306e-03	0.000000000000000000e+00	1.912443487433950031e-10	1.322090387975190809e-10	5.249192646870607330e-14	3.235058794673828004e-10
4.039898224031879086e-03	8.063021282901520317e+04	5.813637283055894859e-08	6.201683596679292106e-06	2.894896610377106598e-03	2.893651938541676790e-03	2.893604922304131646e-03	0.000000000000000000e+00	1.752629765195814137e-10	1.211609640478136621e-10	4.916643181775258158e-14	2.964731069992128619e-10
3.952718037474976277e-03	8.422584361828806868e+04	5.941870309393235281e-08	5.936920346601227981e-06	2.832425327052611082e-03	2.831207514983640015e-03	2.831161513346991659e-03	0.000000000000000000e+00	1.606171178513291359e-10	1.110361425322141141e-10	4.605162136326584156e-14	2.716993120049065443e-10
3.867419335826912264e-03	8.798181828263183706e+04	6.072914202414650022e-08	5.683461092937840580e-06	2.771302271822742493e-03	2.770110739844420210e-03	2.770065730911992763e-03	0.000000000000000000e+00	1.471951644970013830e-10	1.017574184108452962e-10	4.313414671989573745e-14	2.489957170545666193e-10
3.783961501330042332e-03	9.190528721088735620e+04	6.206855099118165639e-08	5.440823164287900809e-06	2.711498338952057080e-03	2.710332519902696174e-03	2.710288482250522435e-03	0.000000000000000000e+00	1.348948355421932829e-10	9.325408391393696888e-11	4.040150525141124269e-14	2.281893209613816561e-10
3.702304793077204614e-03	9.600371965696352709e+04	6.343759345708357668e-08	5.208544500745034342e-06	2.652985051035666644e-03	2.651844389997547700e-03	2.651801302664163768e-03	0.000000000000000000e+00	1.236223979333778492e-10	8.546134048931347567e-11	3.784198649596359917e-14	2.091215804091872804e-10
3.622410329135241584e-03	1.002849179593337758e+05	6.483668981236325043e-08	4.986182776569826165e-06	2.595734546189369489e-03	2.594618500224096444e-03	2.594576342700546240e-03	0.000000000000000000e+00	1.132919522175066700e-10	7.831980502738029019e-11	3.544462200183595001e-14	1.916472018668887830e-10
3.544240065202145049e-03	1.047570323946383432e+05	6.626667174117907249e-08	4.773314549641641694e-06	2.539719562755861186e-03	2.538627600646292150e-03	2.538586352866377405e-03	0.000000000000000000e+00	1.038247774853307321e-10	7.177505701420601883e-11	3.319913822707232778e-14	1.756330336377638050e-10
3.467756783692280131e-03	1.094285766936694563e+05	6.772829105627397669e-08	4.569534474329032013e-06	2.484913431483461426e-03	2.483845033479000104e-03	2.483804675809660883e-03	0.000000000000000000e+00	9.514873226636353801e-11	6.577722436450749423e-11	3.109591270917668201e-14	1.609570525435801985e-10
3.392924071338474911e-03	1.143084442492777453e+05	6.922204391883501024e-08	4.374454515699909749e-06	2.431290059476294129e-03	2.430244717045085441e-03	2.430205230277036974e-03	0.000000000000000000e+00	8.719770403344703455e-11	6.028060285891579357e-11	2.912593266830014345e-14	1.475074328250311389e-10
3.319706298154439898e-03	1.194059250470552943e+05	7.074872442058286613e-08	4.187703200835240037e-06	2.378823915119249871e-03	2.377801130706852593e-03	2.377762496045473638e-03	0.000000000000000000e+00	7.991110497321139065e-11	5.524330756529509237e-11	2.728075628288546491e-14	1.351816932947893668e-10
3.248068602665290724e-03	1.247307233510272927e+05	7.230918169624556867e-08	4.008924917477126383e-06	2.327490017494523826e-03	2.326489304287139050e-03	2.326451503343521590e-03	0.000000000000000000e+00	7.323341053746527474e-11	5.062695383492621810e-11	2.555247657597800653e-14	1.238859168489674830e-10
3.177976875309451114e-03	1.302929761780207191e+05	7.390399612670813167e-08	3.837779236838989926e-06	2.277263924487806911e-03	2.276284806180614399e-03	2.276247820962820200e-03	0.000000000000000000e+00	6.711373630641345746e-11	4.639636478402100109e-11	2.393368752923321049e-14	1.135340347779636861e-10
3.109397742392031819e-03	1.361032725958809024e+05	7.553391558115445610e-08	3.673940265786598778e-06	2.228121721289652579e-03	2.227163731860096283e-03	2.227127544764587793e-03	0.000000000000000000e+00	6.150545022886700711e-11	4.251930323168827853e-11	2.241745234801321931e-14	1.040471709129033040e-10
3.042298561118363283e-03	1.421726738822742482e+05	7.719989591236967343e-08	3.517096051446570100e-06	2.180040016836622217e-03	2.179102700319224522e-03	2.179067294122359524e-03	0.000000000000000000e+00	5.636581805831281247e-11	3.896622658651372011e-11	2.099727395845368805e-14	9.535304191878498784e-11
2.976647389502950092e-03	1.485127345824544318e+05	7.890261054054336944e-08	3.366947951435723795e-06	2.132995922248747366e-03	2.132078832519188494e-03	2.132044190369067338e-03	0.000000000000000000e+00	5.165567641266329287e-11	3.571006082965239726e-11	1.966706682539333244e-14	8.738540430914107731e-11
2.912412973067072738e-03	1.551355245060799352e+05	8.064275112538226337e-08	3.223210070311591033e-06	2.086967041297337847e-03	2.086069741860645688e-03	2.086035847269104675e-03	0.000000000000000000e+00	4.733913455338500508e-11	3.272599435190164548e-11	1.842113092678581015e-14	8.008355003621342800e-11
2.849564730972387831e-03	1.620536517049625982e+05	8.242139112560160186e-08	3.085608717767447755e-06	2.041931460468649189e-03	2.041053524251648307e-03	2.041020361086424376e-03	0.000000000000000000e+00	4.338330098641805190e-11	2.999128895031407068e-11	1.725412735278100515e-14	7.339184406408490950e-11
2.788072741675824435e-03	1.692802864754817565e+05	8.423930716916928065e-08	2.953881888066858161e-06	1.997867738684512822e-03	1.997008747832701350e-03	1.996976300309757663e-03	0.000000000000000000e+00	3.975803284289475805e-11	2.748510657270258041e-11	1.616105543283644246e-14	6.725930047103017268e-11
2.727907731303743158e-03	1.768291864313702099e+05	8.609712391502088333e-08	2.827778766648047230e-06	1.954754898971532151e-03	1.953914444649537847e-03	1.953882697325525549e-03	0.000000000000000000e+00	3.643570632729255162e-11	2.518835062626341434e-11	1.513723135111396370e-14	6.163919418490708161e-11
2.669041064875669108e-03	1.847147226945954317e+05	8.799604350312066948e-08	2.707059262477827080e-06	1.912572422172214041e-03	1.911750104366955003e-03	1.911719042131778627e-03	0.000000000000000000e+00	3.339100643384582006e-11	2.308352060652980507e-11	1.417826814871768636e-14	5.648870530852434425e-11
2.611444720674493698e-03	1.929519072541994392e+05	8.993695637069612683e-08	2.591493525430609318e-06	1.871300228579254920e-03	1.870495655910995670e-03	1.870465263980676052e-03	0.000000000000000000e+00	3.060073335943515945e-11	2.115457826875956198e-11	1.328005671584879036e-14	5.176859168491056866e-11
2.555091281024849878e-03	2.015564215451815107e+05	9.192040791199036799e-08	2.480861517663944544e-06	1.830918671327539955e-03	1.830131460863789871e-03	1.830101724773434187e-03	0.000000000000000000e+00	2.804362598067281537e-11	1.938682559596384650e-11	1.243874826043864921e-14	4.744289032489710022e-11
2.499953919007944034e-03	2.105446463018299255e+05	9.394774188999312367e-08	2.374952594311404789e-06	1.791408526874302843e-03	1.790638303947806372e-03	1.790609209544732558e-03	0.000000000000000000e+00	2.570019984205543408e-11	1.776679279857492014e-11	1.165073781401431679e-14	4.347864337844437133e-11
2.446006385601037780e-03	2.199336927423357847e+05	9.601993250611041845e-08	2.273565102379735422e-06	1.752750985783577999e-03	1.751997383814268708e-03	1.751968917251280154e-03	0.000000000000000000e+00	2.355259869041726415e-11	1.628213567880037172e-11	1.091264878496495067e-14	3.984564701800260158e-11
2.393223002773762435e-03	2.297414351440564787e+05	9.813755876104703266e-08	2.176506007115185595e-06	1.714927647779182062e-03	1.714190308098262382e-03	1.714162455827003073e-03	0.000000000000000000e+00	2.158445862106770202e-11	1.492154171355476961e-11	1.022131856329622893e-14	3.651622165318576518e-11
2.341578650051034244e-03	2.399865448714429222e+05	1.003019927622397127e-07	2.083590521329976159e-06	1.677920512116012420e-03	1.677199083794173734e-03	1.677171832558638654e-03	0.000000000000000000e+00	1.978078328602091093e-11	1.367464378472086110e-11	9.573784939969474864e-15	3.346500085568174506e-11
2.291048745019275829e-03	2.506885259214115213e+05	1.025143165906995442e-07	1.994641739757644112e-06	1.641711963611261656e-03	1.641006103292910441e-03	1.640979440123184517e-03	0.000000000000000000e+00	1.812782934861229985e-11	1.253194099283554333e-11	8.967273316124236898e-15	3.066873761476396938e-11
2.241609235189551737e-03	2.618677520538293757e+05	1.047752199921318985e-07	1.909490309079939995e-06	1.606284766813730709e-03	1.605594138553720915e-03	1.605568050759811211e-03	0.000000000000000000e+00	1.661300191380884882e-11	1.148472636706798013e-11	8.399184865040291911e-15	2.810612746574186669e-11
2.193236586441283439e-03	2.735455055777996895e+05	1.070860266405737471e-07	1.827974105377786744e-06	1.571622057722864415e-03	1.570946332826791882e-03	1.570920807992595095e-03	0.000000000000000000e+00	1.522475855906362377e-11	1.052502052083576461e-11	7.867085396158127333e-15	2.575764616529554535e-11
2.145907771729923304e-03	2.857440178675850038e+05	1.094479619275595813e-07	1.749937925394466634e-06	1.537707335696936097e-03	1.537046192564910227e-03	1.537021218542311161e-03	0.000000000000000000e+00	1.395252138570078160e-11	9.645510852090148335e-12	7.368694924918199989e-15	2.360540093271585038e-11
2.099600266850757714e-03	2.984865116853068466e+05	1.118618384637266967e-07	1.675233201863976059e-06	1.504524460417487044e-03	1.503877584389208717e-03	1.503853149292228193e-03	0.000000000000000000e+00	1.278659658591921798e-11	8.839495939220027295e-12	6.901877970676398151e-15	2.163299440310992164e-11
2.054292032999373296e-03	3.117972453909759643e+05	1.143289181361914874e-07	1.603717709077327932e-06	1.472057639392564208e-03	1.471424722597776793e-03	1.471400814796922736e-03	0.000000000000000000e+00	1.171810037542641053e-11	8.100834337576622861e-12	6.464634329516646287e-15	1.982539934733254886e-11
2.009961504833361091e-03	3.257015591240401845e+05	1.168505837902478995e-07	1.535255290002061849e-06	1.440291419402017466e-03	1.439672160614634787e-03	1.439648768731392314e-03	0.000000000000000000e+00	1.073889127863578395e-11	7.423897767585837018e-12	6.055090492312951472e-15	1.816884413671393519e-11
1.966587581664222106e-03	3.402259230443504057e+05	1.194277847961268360e-07	1.469715599581301802e-06	1.409210680185824264e-03	1.408604784680773415e-03	1.408581897582197049e-03	0.000000000000000000e+00	9.841508139054765400e-12	6.803528260739408264e-12	5.671491634020642485e-15	1.665070789142819574e-11
1.924149617365590505e-03	3.553979877243898227e+05	1.220617072246671718e-07	1.406973856594690679e-06	1.378800627212558054e-03	1.378207806625732137e-03	1.378185413419154900e-03	0.000000000000000000e+00	9.019113271301249975e-12	6.234998860042752290e-12	5.312194095291471578e-15	1.525942432543929480e-11
1.882627411624799348e-03	3.712466367886982043e+05	1.247539074010787695e-07	1.346910607729039789e-06	1.349046785410466060e-03	1.348466757601369647e-03	1.348444847629215590e-03	0.000000000000000000e+00	8.265440383180341056e-12	5.713977618050851732e-12	4.975658349323319433e-15	1.398439365958051696e-11
1.842001205702785112e-03	3.878020419007036835e+05	1.275054857953231624e-07	1.289411507599677956e-06	1.319934996129114779e-03	1.319367485044818655e-03	1.319346047879463952e-03	0.000000000000000000e+00	7.574746914235348230e-12	5.236494648054881047e-12	4.660442445156345140e-15	1.281590200473538635e-11
1.802251664346565981e-03	4.050957202016421361e+05	1.303175360768173654e-07	1.234367088261254640e-06	1.291451404178295534e-03	1.290896139722962294e-03	1.290875165161805595e-03	0.000000000000000000e+00	6.941770114589296143e-12	4.798911760967219384e-12	4.365195756401188139e-15	1.174504707131291618e-11
1.763359868782276305e-03	4.231605943109124200e+05	1.331918049741145142e-07	1.181672554187053270e-06	1.263582452806996399e-03	1.263039170713565335e-03	1.263018648774182247e-03	0.000000000000000000e+00	6.361686993865602740e-12	4.397894777629071887e-12	4.088653214428546891e-15	1.076367042470910400e-11
1.725307307681657855e-03	4.420310550020930823e+05	1.361295608715750460e-07	1.131227582818683564e-06	1.236314877230201750e-03	1.235783318934856887e-03	1.235763239850257026e-03	0.000000000000000000e+00	5.830077575797960646e-12	4.030388126372487196e-12	3.829629888822282625e-15	9.864295332059270026e-12
1.688075868126729176e-03	4.617430266739388462e+05	1.391317873996142888e-07	1.082936133380225397e-06	1.209635698154384485e-03	1.209115610673806851e-03	1.209095964887797357e-03	0.000000000000000000e+00	5.342891220655528240e-12	3.693591561392304094e-12	3.587015909880486394e-15	9.040069797957712228e-12
1.651647830044677533e-03	4.823340357409961871e+05	1.422004405908526738e-07	1.036706267994619261e-06	1.183532217789680114e-03	1.183023353600014130e-03	1.183004131762628456e-03	0.000000000000000000e+00	4.896415801265015480e-12	3.384938853836796145e-12	3.359771733003707653e-15	8.284714426834815316e-12
1.616005859563473136e-03	5.038432820740361349e+05	1.453369738202231445e-07	9.924499785473876795e-07	1.157992015088676451e-03	1.157494132006542430e-03	1.157475324969544587e-03	0.000000000000000000e+00	4.487249429579822746e-12	3.102078246115773348e-12	3.146923692016737096e-15	7.592474599387613403e-12
1.581132993307909733e-03	5.263117136263062712e+05	1.485422401550588354e-07	9.500830096523664633e-07	1.133002934493321191e-03	1.132515795561668797e-03	1.132497394374242568e-03	0.000000000000000000e+00	4.112274444691913700e-12	2.842854469565581609e-12	2.947559780669642877e-15	6.958076474038164802e-12
1.547012634139768644e-03	5.497821043876820477e+05	1.518184252599706340e-07	9.095247032095092265e-07	1.108553082882425284e-03	1.108076456257696711e-03	1.108058452162182786e-03	0.000000000000000000e+00	3.768633708693660951e-12	2.605292357552741657e-12	2.760825770046901636e-15	6.376686892016449548e-12
1.513628542160896841e-03	5.742991358150925953e+05	1.551671035716925318e-07	8.706978435498153249e-07	1.084630823124677849e-03	1.084164481966743950e-03	1.084146866394483091e-03	0.000000000000000000e+00	3.453708826141795569e-12	2.387581788382046388e-12	2.585921542545266159e-15	5.843876536066386902e-12
1.480964826713983490e-03	5.999094818942815764e+05	1.585892278549688463e-07	8.335285102326452436e-07	1.061224768346589629e-03	1.060768490711151094e-03	1.060751255278418164e-03	0.000000000000000000e+00	3.165100193674556346e-12	2.188063893406976414e-12	2.422097663255098526e-15	5.355586184744788227e-12
1.449005943764592472e-03	6.266618979948104825e+05	1.620869833509779273e-07	7.979459428938670055e-07	1.038323780056519012e-03	1.037877348788314186e-03	1.037860485292285565e-03	0.000000000000000000e+00	2.900608758899597216e-12	2.005218446775280534e-12	2.268652193231256206e-15	4.908095857868109761e-12
1.417736685718694887e-03	6.546073136874709744e+05	1.656621347011068004e-07	7.638824030620037813e-07	1.015916960848154251e-03	1.015480163477301603e-03	1.015463663892139917e-03	0.000000000000000000e+00	2.658219233539667154e-12	1.837652260516769094e-12	2.124927665343082732e-15	4.497996421721779002e-12
1.387142170519264570e-03	6.837989297008060385e+05	1.693158152393119501e-07	7.312730412156115248e-07	9.939936465873883218e-04	9.935662752290923185e-04	9.935501317021565044e-04	0.000000000000000000e+00	2.436084710388947987e-12	1.684088550098811851e-12	1.990308250578052927e-15	4.122163568738338406e-12
1.357207837352426361e-03	7.142923192013173830e+05	1.730501280849176128e-07	7.000557765105752215e-07	9.725434033354446624e-04	9.721252545910212322e-04	9.721094594391287494e-04	0.000000000000000000e+00	2.232512616039612510e-12	1.543357223412468761e-12	1.864217133553662846e-15	3.777734056585635014e-12
1.327919438961766996e-03	7.461455335901723010e+05	1.768670714261221431e-07	6.701711778084357797e-07	9.515560218414931271e-04	9.511468967017647517e-04	9.511314424075423745e-04	0.000000000000000000e+00	2.045951809480675267e-12	1.414385961911080812e-12	1.746114037929173219e-15	3.462083885429685621e-12
1.299263034647308614e-03	7.794192130178180523e+05	1.807679799253957216e-07	6.415623503787817357e-07	9.310215125258776165e-04	9.306212162767243598e-04	9.306060954850403936e-04	0.000000000000000000e+00	1.874980763268921924e-12	1.296192050141215972e-12	1.635492911186187607e-15	3.172808306321324254e-12
1.271224988695857875e-03	8.141767018268946558e+05	1.847548526199849268e-07	6.141748325620971567e-07	9.109301043553404576e-04	9.105384464837357411e-04	9.105236519981504528e-04	0.000000000000000000e+00	1.718296761131702517e-12	1.187874907942651116e-12	1.531879775311343477e-15	2.907703548849665054e-12
1.243791958789435166e-03	8.504841691432183143e+05	1.888299441960805961e-07	5.879564868087077142e-07	8.912722365367747868e-04	8.908890306403911179e-04	8.908745554197424745e-04	0.000000000000000000e+00	1.574705938487201428e-12	1.088609205365229653e-12	1.434830674885837985e-15	2.664749974527317086e-12
1.216950888905662465e-03	8.884107348444110248e+05	1.929948124185739255e-07	5.628573998226465381e-07	8.720385534298076254e-04	8.716636171288107875e-04	8.716494542838824867e-04	0.000000000000000000e+00	1.443114184289481510e-12	9.976385730277299641e-13	1.343929773198385432e-15	2.442096687090409858e-12
1.190689004496681006e-03	9.280286011459851870e+05	1.972513288176986305e-07	5.388297889646180478e-07	8.532199010921253995e-04	8.528530559424538906e-04	8.528391987326993350e-04	0.000000000000000000e+00	1.322518813527999733e-12	9.142698452375102638e-13	1.258787576193540172e-15	2.238047446341703554e-12
1.164993806415036111e-03	9.694131900553865125e+05	2.016020310775753148e-07	5.158279113096769659e-07	8.348073229269050701e-04	8.344483943354198989e-04	8.344348361657574027e-04	0.000000000000000000e+00	1.212000927708571224e-12	8.378677787182756781e-13	1.179039263792605253e-15	2.051047745690639569e-12
1.139853064988617269e-03	1.012643286955693504e+06	2.060487248797458616e-07	4.938079766019513385e-07	8.167920554370542482e-04	8.164408725785159355e-04	8.164276069961923449e-04	0.000000000000000000e+00	1.110718413736548208e-12	7.678502126713733307e-13	1.104343126963411629e-15	1.879672969534884647e-12
1.115254817865677728e-03	1.057801190592262428e+06	2.105931264407152847e-07	4.727280670100466589e-07	7.991655266810036157e-04	7.988219224157111021e-04	7.988089431071908938e-04	0.000000000000000000e+00	1.017899541066338189e-12	7.036836424243057128e-13	1.034379113911941527e-15	1.722617562604555944e-12
1.091187359375543403e-03	1.104972869747928809e+06	2.152380839676390517e-07	4.525480528977809545e-07	7.819193486488384840e-04	7.815831594435479653e-04	7.815704602315259441e-04	0.000000000000000000e+00	9.328370604533808953e-13	6.448791398417942388e-13	9.688474434645094854e-16	1.578685047738639648e-12
1.067639235450839382e-03	1.154248126904976554e+06	2.199856773857917850e-07	4.332295169667455035e-07	7.650453136236858367e-04	7.647163794740924770e-04	7.647039543145655628e-04	0.000000000000000000e+00	8.548828186917742396e-13	5.909886304426379024e-13	9.074673228336020005e-16	1.446778916457245782e-12
1.044599238518426803e-03	1.205720769205468707e+06	2.248374385141118528e-07	4.147356814793546025e-07	7.485353905206789879e-04	7.482135548754736531e-04	7.482013978548721902e-04	0.000000000000000000e+00	7.834428222436757270e-13	5.416014808397271821e-13	8.499757459424890378e-16	1.325894278829345366e-12
1.022056403031399189e-03	1.259488787035396555e+06	2.297965574729669824e-07	3.970313389699697594e-07	7.323817216852905685e-04	7.320668313715924126e-04	7.320549367039636294e-04	0.000000000000000000e+00	7.179727144144793061e-13	4.963413720681892516e-13	7.961263689014898351e-16	1.215110212851570118e-12
9.999999999999993703e-04	1.315654540572623489e+06	2.348654180597668433e-07	3.800827850061684021e-07	7.165766189743151809e-04	7.162685241247901662e-04	7.162568861490448439e-04	0.000000000000000000e+00	6.579736267392888490e-13	4.548634316093658546e-13	7.456884538133329842e-16	1.113582746802467869e-12
