q,p_MeV,native_dq_weight,physical_dp_weight,phi_e,phi_mu,phi_tau
1.000000000000000021e-02,1.277497250000000353e-03,6.881184895833332427e-02,8.790694781168621047e-03,1.326648043932560272e-10,6.633293667477228136e-11,0.000000000000000000e+00
2.164355468750000233e-01,2.764958159350586892e-02,2.752473958333334081e-01,3.516277912467449807e-02,6.211494841888890167e-08,3.106289316663738125e-08,0.000000000000000000e+00
4.228710937500000377e-01,5.402166593701173553e-02,1.376236979166663432e-01,1.758138956233720393e-02,2.369943908856192914e-07,1.185376115004253753e-07,0.000000000000000000e+00
6.293066406250000799e-01,8.039375028051760907e-02,2.752473958333345183e-01,3.516277912467463684e-02,5.246017199035236006e-07,2.624340638376851673e-07,0.000000000000000000e+00
8.357421875000000666e-01,1.067658346240234618e-01,1.376236979166657326e-01,1.758138956233712413e-02,9.247676631715400880e-07,4.626958260780627486e-07,0.000000000000000000e+00
1.042177734375000053e+00,1.331379189675293284e-01,2.752473958333315207e-01,3.516277912467425520e-02,1.437322948388608349e-06,7.192664741212047789e-07,0.000000000000000000e+00
1.248613281250000151e+00,1.595100033110352089e-01,1.376236979166632068e-01,1.758138956233680147e-02,2.062098303253667317e-06,1.032089583866757640e-06,0.000000000000000000e+00
1.455048828125000027e+00,1.858820876545410616e-01,2.752473958333381820e-01,3.516277912467510869e-02,2.798924455465654972e-06,1.401108731214367131e-06,0.000000000000000000e+00
1.661484375000000124e+00,2.122541719980469421e-01,1.376236979166703678e-01,1.758138956233771741e-02,3.647632132723511520e-06,1.826267492063679741e-06,0.000000000000000000e+00
1.867919921875000222e+00,2.386262563415527949e-01,2.752473958333385151e-01,3.516277912467515032e-02,4.608052062726174834e-06,2.307509442314342061e-06,0.000000000000000000e+00
2.074355468749999876e+00,2.649983406850586753e-01,1.376236979166770569e-01,1.758138956233857089e-02,5.680014973172583636e-06,2.844778157865999840e-06,0.000000000000000000e+00
2.280791015624999751e+00,2.913704250285644726e-01,2.752473958333170323e-01,3.516277912467240252e-02,6.863351591761676225e-06,3.438017214618298823e-06,0.000000000000000000e+00
2.487226562500000071e+00,3.177425093720703808e-01,1.376236979166221563e-01,1.758138956233155914e-02,8.157892646192395982e-06,4.087170188470887933e-06,0.000000000000000000e+00
2.693662109374999947e+00,3.441145937155762335e-01,2.752473958333593318e-01,3.516277912467780792e-02,9.563468864163675274e-06,4.792180655323410164e-06,0.000000000000000000e+00
2.900097656249999822e+00,3.704866780590820863e-01,1.376236979167419772e-01,1.758138956234686634e-02,1.107991097337445664e-05,5.552992191075514863e-06,0.000000000000000000e+00
3.106533203125000142e+00,3.968587624025879945e-01,2.752473958333170323e-01,3.516277912467240252e-02,1.270704970152368091e-05,6.369548371626847564e-06,0.000000000000000000e+00
3.312968750000000018e+00,4.232308467460938473e-01,1.376236979167211882e-01,1.758138956234420874e-02,1.444471577631028554e-05,7.241792772877053801e-06,0.000000000000000000e+00
3.519404296874999893e+00,4.496029310895997000e-01,2.752473958334004100e-01,3.516277912468306066e-02,1.629273992543319951e-05,8.169668970725776569e-06,0.000000000000000000e+00
3.725839843750000213e+00,4.759750154331056082e-01,1.376236979165335605e-01,1.758138956232023833e-02,1.825095287659138230e-05,9.153120541072669872e-06,0.000000000000000000e+00
3.932275390625000089e+00,5.023470997766115165e-01,2.752473958332759540e-01,3.516277912466715672e-02,2.031918535748375950e-05,1.019209105981737586e-05,0.000000000000000000e+00
4.138710937499999964e+00,5.287191841201173137e-01,1.376236979167628771e-01,1.758138956234953434e-02,2.249726809580926686e-05,1.128652410285953752e-05,0.000000000000000000e+00
4.345146484375000284e+00,5.550912684636232219e-01,2.752473958331926318e-01,3.516277912465651245e-02,2.478503181926685031e-05,1.243636324609880463e-05,0.000000000000000000e+00
4.551582031249999716e+00,5.814633528071290192e-01,1.376236979165961494e-01,1.758138956232823541e-02,2.718230725555544221e-05,1.364155206543482187e-05,0.000000000000000000e+00
4.758017578125000036e+00,6.078354371506349274e-01,2.752473958334414883e-01,3.516277912468830646e-02,2.968892513237398511e-05,1.490203413676723901e-05,0.000000000000000000e+00
4.964453125000000355e+00,6.342075214941408356e-01,1.376236979167211882e-01,1.758138956234420874e-02,3.230471617742143847e-05,1.621775303599570583e-05,0.000000000000000000e+00
5.170888671874999787e+00,6.605796058376466329e-01,2.752473958331092541e-01,3.516277912464586125e-02,3.502951111839669061e-05,1.758865233901985006e-05,0.000000000000000000e+00
5.377324218750000107e+00,6.869516901811525411e-01,1.376236979166376717e-01,1.758138956233354019e-02,3.786314068299873151e-05,1.901467562173934182e-05,0.000000000000000000e+00
5.583759765625000426e+00,7.133237745246584494e-01,2.752473958332759540e-01,3.516277912466715672e-02,4.080543559892648337e-05,2.049576646005381054e-05,0.000000000000000000e+00
5.790195312499999858e+00,7.396958588681642466e-01,1.376236979163877328e-01,1.758138956230161087e-02,4.385622659387886839e-05,2.203186842986291276e-05,0.000000000000000000e+00
5.996630859375000178e+00,7.660679432116701548e-01,2.752473958327745773e-01,3.516277912460311073e-02,4.701534439555484266e-05,2.362292510706628471e-05,0.000000000000000000e+00
6.203066406250000497e+00,7.924400275551760631e-01,1.376236979165544605e-01,1.758138956232290981e-02,5.028261973165334194e-05,2.526888006756358970e-05,0.000000000000000000e+00
6.409501953124999929e+00,8.188121118986817493e-01,2.752473958337761650e-01,3.516277912473105699e-02,5.365788332987328165e-05,2.696967688725444024e-05,0.000000000000000000e+00
6.615937500000000249e+00,8.451841962421876575e-01,1.376236979163875662e-01,1.758138956230159006e-02,5.714096591791364499e-05,2.872525914203852675e-05,0.000000000000000000e+00
6.822373046875000568e+00,8.715562805856935658e-01,2.752473958344431315e-01,3.516277912481626661e-02,6.073169822347335416e-05,3.053557040781546851e-05,0.000000000000000000e+00
7.028808593750000000e+00,8.979283649291993630e-01,1.376236979165544883e-01,1.758138956232291328e-02,6.442991097425133137e-05,3.240055426048490174e-05,0.000000000000000000e+00
7.235244140625000320e+00,9.243004492727052712e-01,2.752473958334414883e-01,3.516277912468830646e-02,6.823543489794653947e-05,3.432015427594651348e-05,0.000000000000000000e+00
7.441679687500000639e+00,9.506725336162111795e-01,1.376236979170546715e-01,1.758138956238681008e-02,7.214810072225790068e-05,3.629431403009991284e-05,0.000000000000000000e+00
7.648115234375000071e+00,9.770446179597169767e-01,2.752473958321088321e-01,3.516277912451806070e-02,7.616773917488435075e-05,3.832297709884475637e-05,0.000000000000000000e+00
7.854550781250000391e+00,1.003416702303222996e+00,1.376236979167210495e-01,1.758138956234419140e-02,8.029418098352486609e-05,4.040608705808070060e-05,0.000000000000000000e+00
8.060986328125000711e+00,1.029788786646728793e+00,2.752473958347765870e-01,3.516277912485886448e-02,8.452725687587832825e-05,4.254358748370737499e-05,0.000000000000000000e+00
8.267421875000000142e+00,1.056160870990234590e+00,1.376236979163880381e-01,1.758138956230164904e-02,8.886679757964370009e-05,4.473542195162443608e-05,0.000000000000000000e+00
8.473857421874999574e+00,1.082532955333740388e+00,2.752473958341084548e-01,3.516277912477350914e-02,9.331263382251991738e-05,4.698153403773152687e-05,0.000000000000000000e+00
8.680292968750000782e+00,1.108905039677246407e+00,1.376236979163875662e-01,1.758138956230159006e-02,9.786459633220595652e-05,4.928186731792830389e-05,0.000000000000000000e+00
8.886728515625000213e+00,1.135277124020752204e+00,2.752473958334438753e-01,3.516277912468861178e-02,1.025225158364006991e-04,5.163636536811439659e-05,0.000000000000000000e+00
9.093164062499999645e+00,1.161649208364258001e+00,1.376236979173879882e-01,1.758138956242939407e-02,1.072862230628030943e-04,5.404497176418944797e-05,0.000000000000000000e+00
9.299599609375000853e+00,1.188021292707764021e+00,2.752473958341084548e-01,3.516277912477350914e-02,1.121555487391121594e-04,5.650763008205314167e-05,0.000000000000000000e+00
9.506035156250000284e+00,1.214393377051269818e+00,1.376236979163878993e-01,1.758138956230163169e-02,1.171303235930267215e-04,5.902428389760509358e-05,0.000000000000000000e+00
9.712470703124999716e+00,1.240765461394775615e+00,2.752473958327745773e-01,3.516277912460311073e-02,1.222103783522457572e-04,6.159487678674492638e-05,0.000000000000000000e+00
9.918906250000000924e+00,1.267137545738281634e+00,1.376236979177214437e-01,1.758138956247199194e-02,1.273955437444682700e-04,6.421935232537235758e-05,0.000000000000000000e+00
1.012534179687500036e+01,1.293509630081787432e+00,2.752473958341107863e-01,3.516277912477380752e-02,1.326856504973931007e-04,6.689765408938696243e-05,0.000000000000000000e+00
1.033177734374999979e+01,1.319881714425293229e+00,1.376236979130529281e-01,1.758138956187559054e-02,1.380805293387192664e-04,6.962972565468840424e-05,0.000000000000000000e+00
1.053821289062500099e+01,1.346253798768799248e+00,2.752473958367761542e-01,3.516277912511430598e-02,1.435800109961456487e-04,7.241551059717637345e-05,0.000000000000000000e+00
1.074464843750000043e+01,1.372625883112305045e+00,1.376236979157209606e-01,1.758138956221642901e-02,1.491839261973712375e-04,7.525495249275046560e-05,0.000000000000000000e+00
1.095108398437499986e+01,1.398997967455810842e+00,2.752473958341084548e-01,3.516277912477350914e-02,1.548921056700948602e-04,7.814799491731031693e-05,0.000000000000000000e+00
1.115751953125000107e+01,1.425370051799316862e+00,1.376236979170545327e-01,1.758138956238679274e-02,1.607043801420156965e-04,8.109458144675565851e-05,0.000000000000000000e+00
1.136395507812500050e+01,1.451742136142822659e+00,2.752473958327769643e-01,3.516277912460340910e-02,1.666205803408324110e-04,8.409465565698604525e-05,0.000000000000000000e+00
1.157039062499999993e+01,1.478114220486328456e+00,1.376236979170545327e-01,1.758138956238679274e-02,1.726405369942440751e-04,8.714816112390115401e-05,0.000000000000000000e+00
1.177682617187500114e+01,1.504486304829834475e+00,2.752473958354422767e-01,3.516277912494390756e-02,1.787640808299496517e-04,9.025504142340063458e-05,0.000000000000000000e+00
1.198326171875000057e+01,1.530858389173340273e+00,1.376236979190555987e-01,1.758138956264242853e-02,1.849910425756479679e-04,9.341524013138412317e-05,0.000000000000000000e+00
1.218969726562500000e+01,1.557230473516846070e+00,2.752473958354422767e-01,3.516277912494390756e-02,1.913212529590380682e-04,9.662870082375129665e-05,0.000000000000000000e+00
1.239613281250000121e+01,1.583602557860352089e+00,1.376236979150537165e-01,1.758138956213119164e-02,1.977545427078189152e-04,9.989536707640180480e-05,0.000000000000000000e+00
1.260256835937500064e+01,1.609974642203857886e+00,2.752473958301092094e-01,3.516277912426260532e-02,2.042907425496893635e-04,1.032151824652352432e-04,0.000000000000000000e+00
1.280900390625000007e+01,1.636346726547363684e+00,1.376236979137198668e-01,1.758138956196078975e-02,2.109296832123483487e-04,1.065880905661512751e-04,0.000000000000000000e+00
1.301543945312500128e+01,1.662718810890869703e+00,2.752473958327745773e-01,3.516277912460311073e-02,2.176711954234949152e-04,1.100140349550495910e-04,0.000000000000000000e+00
1.322187500000000071e+01,1.689090895234375500e+00,1.376236979190555987e-01,1.758138956264242853e-02,2.245151099108278630e-04,1.134929592078297728e-04,0.000000000000000000e+00
1.342831054687500014e+01,1.715462979577881297e+00,2.752473958274391230e-01,3.516277912392150318e-02,2.314612574020461823e-04,1.170248069003914976e-04,0.000000000000000000e+00
1.363474609375000135e+01,1.741835063921387317e+00,1.376236979177214437e-01,1.758138956247199194e-02,2.385094686248488899e-04,1.206095216086344149e-04,0.000000000000000000e+00
1.384118164062500078e+01,1.768207148264893114e+00,2.752473958354446637e-01,3.516277912494421287e-02,2.456595743069348134e-04,1.242470469084581747e-04,0.000000000000000000e+00
1.404761718750000021e+01,1.794579232608398911e+00,1.376236979163875662e-01,1.758138956230159006e-02,2.529114051760029155e-04,1.279373263757623859e-04,0.000000000000000000e+00
1.425405273437500142e+01,1.820951316951904930e+00,2.752473958407777310e-01,3.516277912562550817e-02,2.602647919597521863e-04,1.316803035864467662e-04,0.000000000000000000e+00
1.446048828125000085e+01,1.847323401295410505e+00,1.376236979150540218e-01,1.758138956213122980e-02,2.677195653858815342e-04,1.354759221164108705e-04,0.000000000000000000e+00
1.466692382812500028e+01,1.873695485638916303e+00,2.752473958301068224e-01,3.516277912426230001e-02,2.752755561820899224e-04,1.393241255415544162e-04,0.000000000000000000e+00
1.487335937500000149e+01,1.900067569982422322e+00,1.376236979150537165e-01,1.758138956213119164e-02,2.829325950760762593e-04,1.432248574377770667e-04,0.000000000000000000e+00
1.507979492187500092e+01,1.926439654325928119e+00,2.752473958301092094e-01,3.516277912426260532e-02,2.906905127955394536e-04,1.471780613809783769e-04,0.000000000000000000e+00
1.528623046875000036e+01,1.952811738669433916e+00,1.376236979097182622e-01,1.758138956144958756e-02,2.985491400681785225e-04,1.511836809470580643e-04,0.000000000000000000e+00
1.549266601562500156e+01,1.979183823012939936e+00,2.752473958354422767e-01,3.516277912494390756e-02,3.065083076216923745e-04,1.552416597119157923e-04,0.000000000000000000e+00
1.569910156250000099e+01,2.005555907356446177e+00,1.376236979097182622e-01,1.758138956144958756e-02,3.145678461837800809e-04,1.593519412514512242e-04,0.000000000000000000e+00
1.590553710937500043e+01,2.031927991699951974e+00,2.752473958247690367e-01,3.516277912358040103e-02,3.227275864821402794e-04,1.635144691415638606e-04,0.000000000000000000e+00
1.611197265625000341e+01,2.058300076043458215e+00,1.376236979150528283e-01,1.758138956213107715e-02,3.309873592444722581e-04,1.677291869581535276e-04,0.000000000000000000e+00
1.631840820312500284e+01,2.084672160386964013e+00,2.752473958354446637e-01,3.516277912494421287e-02,3.393469951984744918e-04,1.719960382771196445e-04,0.000000000000000000e+00
1.652484375000000227e+01,2.111044244730469810e+00,1.376236979150546047e-01,1.758138956213130266e-02,3.478063250718462147e-04,1.763149666743620643e-04,0.000000000000000000e+00
1.673127929687500171e+01,2.137416329073975607e+00,2.752473958301092094e-01,3.516277912426260532e-02,3.563651795922864437e-04,1.806859157257803691e-04,0.000000000000000000e+00
1.693771484375000114e+01,2.163788413417481404e+00,1.376236979203882826e-01,1.758138956281268123e-02,3.650233894874940332e-04,1.851088290072741950e-04,0.000000000000000000e+00
1.714415039062500412e+01,2.190160497760987646e+00,2.752473958354399453e-01,3.516277912494360919e-02,3.737807854851678919e-04,1.895836500947432326e-04,0.000000000000000000e+00
1.735058593750000355e+01,2.216532582104493443e+00,1.376236979150540218e-01,1.758138956213122980e-02,3.826371983130069285e-04,1.941103225640870367e-04,0.000000000000000000e+00
1.755702148437500298e+01,2.242904666447999240e+00,2.752473958407801180e-01,3.516277912562581348e-02,3.915924586987102143e-04,1.986887899912053790e-04,0.000000000000000000e+00
1.776345703125000242e+01,2.269276750791504593e+00,1.376236979230577862e-01,1.758138956315370705e-02,4.006463973699763326e-04,2.033189959519976790e-04,0.000000000000000000e+00
1.796989257812500185e+01,2.295648835135010390e+00,2.752473958354446637e-01,3.516277912494421287e-02,4.097988450545047342e-04,2.080008840223638710e-04,0.000000000000000000e+00
1.817632812500000128e+01,2.322020919478516188e+00,1.376236979203882826e-01,1.758138956281268123e-02,4.190496324799941109e-04,2.127343977782034557e-04,0.000000000000000000e+00
1.838276367187500426e+01,2.348393003822022429e+00,2.752473958354399453e-01,3.516277912494360919e-02,4.283985903741433714e-04,2.175194807954161235e-04,0.000000000000000000e+00
1.858919921875000369e+01,2.374765088165528226e+00,1.376236979203894761e-01,1.758138956281283041e-02,4.378455494646515326e-04,2.223560766499014835e-04,0.000000000000000000e+00
1.879563476562500313e+01,2.401137172509034023e+00,2.752473958247737551e-01,3.516277912358100471e-02,4.473903404792174492e-04,2.272441289175591449e-04,0.000000000000000000e+00
1.900207031250000256e+01,2.427509256852539821e+00,1.376236979123868776e-01,1.758138956179050236e-02,4.570327941455400839e-04,2.321835811742887709e-04,0.000000000000000000e+00
1.920850585937500199e+01,2.453881341196045618e+00,2.752473958247737551e-01,3.516277912358100471e-02,4.667727411913184538e-04,2.371743769959901063e-04,0.000000000000000000e+00
1.941494140625000142e+01,2.480253425539551415e+00,1.376236979230560098e-01,1.758138956315348153e-02,4.766100123442513050e-04,2.422164599585626787e-04,0.000000000000000000e+00
1.962137695312500441e+01,2.506625509883057656e+00,2.752473958461108539e-01,3.516277912630681041e-02,4.865444383320380339e-04,2.473097736379062600e-04,0.000000000000000000e+00
1.982781250000000384e+01,2.532997594226563454e+00,1.376236979070508404e-01,1.758138956110882542e-02,4.965758498823768987e-04,2.524542616099203509e-04,0.000000000000000000e+00
2.003424804687500327e+01,2.559369678570069251e+00,2.752473958354446637e-01,3.516277912494421287e-02,5.067040777229674586e-04,2.576498674505046959e-04,0.000000000000000000e+00
2.024068359375000270e+01,2.585741762913575048e+00,1.376236979230577862e-01,1.758138956315370705e-02,5.169289525815081885e-04,2.628965347355589313e-04,0.000000000000000000e+00
2.044711914062500213e+01,2.612113847257080845e+00,2.752473958461155723e-01,3.516277912630741409e-02,5.272503051856981598e-04,2.681942070409825849e-04,0.000000000000000000e+00
2.065355468750000156e+01,2.638485931600586643e+00,1.376236979177205555e-01,1.758138956247187745e-02,5.376679662632365521e-04,2.735428279426754556e-04,0.000000000000000000e+00
2.085999023437500455e+01,2.664858015944092884e+00,2.752473958354399453e-01,3.516277912494360919e-02,5.481817665418222199e-04,2.789423410165372337e-04,0.000000000000000000e+00
2.106642578125000398e+01,2.691230100287598681e+00,1.376236979337280841e-01,1.758138956451683541e-02,5.587915367491539092e-04,2.843926898384673387e-04,0.000000000000000000e+00
2.127286132812500341e+01,2.717602184631104478e+00,2.752473958247737551e-01,3.516277912358100471e-02,5.694971076129304744e-04,2.898938179843655693e-04,0.000000000000000000e+00
2.147929687500000284e+01,2.743974268974610276e+00,1.376236979017159689e-01,1.758138956042729767e-02,5.802983098608512037e-04,2.954456690301315077e-04,0.000000000000000000e+00
2.168573242187500227e+01,2.770346353318116073e+00,2.752473958354446637e-01,3.516277912494421287e-02,5.911949742206149515e-04,3.010481865516649526e-04,0.000000000000000000e+00
2.189216796875000171e+01,2.796718437661621870e+00,1.376236979177205555e-01,1.758138956247187745e-02,6.021869314199204638e-04,3.067013141248653776e-04,0.000000000000000000e+00
2.209860351562500469e+01,2.823090522005128111e+00,2.752473958247690367e-01,3.516277912358040103e-02,6.132740121864668119e-04,3.124049953256324732e-04,0.000000000000000000e+00
2.230503906250000412e+01,2.849462606348633908e+00,1.376236979070508404e-01,1.758138956110882542e-02,6.244560472479529587e-04,3.181591737298659298e-04,0.000000000000000000e+00
2.251147460937500355e+01,2.875834690692139706e+00,2.752473958461155723e-01,3.516277912630741409e-02,6.357328673320778670e-04,3.239637929134654378e-04,0.000000000000000000e+00
2.271791015625000298e+01,2.902206775035645503e+00,1.376236979123868776e-01,1.758138956179050236e-02,6.471043031665402829e-04,3.298187964523304708e-04,0.000000000000000000e+00
2.292434570312500242e+01,2.928578859379151300e+00,2.752473958247737551e-01,3.516277912358100471e-02,6.585701854790390608e-04,3.357241279223607193e-04,0.000000000000000000e+00
2.313078125000000185e+01,2.954950943722657097e+00,1.376236979070496469e-01,1.758138956110867276e-02,6.701303449972737056e-04,3.416797308994559820e-04,0.000000000000000000e+00
2.333721679687500483e+01,2.981323028066163339e+00,2.752473958567817069e-01,3.516277912767001163e-02,6.817846124489430719e-04,3.476855489595159494e-04,0.000000000000000000e+00
2.354365234375000426e+01,3.007695112409669136e+00,1.376236978857090509e-01,1.758138955838241604e-02,6.935328185617453635e-04,3.537415256784399325e-04,0.000000000000000000e+00
2.375008789062500369e+01,3.034067196753174933e+00,2.752473958354446637e-01,3.516277912494421287e-02,7.053747940633800853e-04,3.598476046321277843e-04,0.000000000000000000e+00
2.395652343750000313e+01,3.060439281096680730e+00,1.376236979177223319e-01,1.758138956247210644e-02,7.173103696815459835e-04,3.660037293964791411e-04,0.000000000000000000e+00
2.416295898437500256e+01,3.086811365440186528e+00,2.752473958141028465e-01,3.516277912221779656e-02,7.293393761439421292e-04,3.722098435473936932e-04,0.000000000000000000e+00
2.436939453125000199e+01,3.113183449783692325e+00,1.376236978963787383e-01,1.758138955974546808e-02,7.414616441782675938e-04,3.784658906607710227e-04,0.000000000000000000e+00
2.457583007812500497e+01,3.139555534127198566e+00,2.752473957714144936e-01,3.516277911676437412e-02,7.536770045122211234e-04,3.847718143125108199e-04,0.000000000000000000e+00
2.478226562500000441e+01,3.165927618470704363e+00,1.376236979177217490e-01,1.758138956247203011e-02,7.659852878735015722e-04,3.911275580785126670e-04,0.000000000000000000e+00
2.498870117187500384e+01,3.192299702814210161e+00,2.752473958354446637e-01,3.516277912494421287e-02,7.783863249898077949e-04,3.975330655346762544e-04,0.000000000000000000e+00
2.519513671875000327e+01,3.218671787157715958e+00,1.376236978963805424e-01,1.758138955974569706e-02,7.908799465888390794e-04,4.039882802569012723e-04,0.000000000000000000e+00
2.540157226562500270e+01,3.245043871501221755e+00,2.752473958354446637e-01,3.516277912494421287e-02,8.034659833982942803e-04,4.104931458210871946e-04,0.000000000000000000e+00
2.560800781250000213e+01,3.271415955844727552e+00,1.376236979070496469e-01,1.758138956110867276e-02,8.161442661458723604e-04,4.170476058031339283e-04,0.000000000000000000e+00
2.581444335937500512e+01,3.297788040188233794e+00,2.752473958354399453e-01,3.516277912494360919e-02,8.289146255592720657e-04,4.236516037789410014e-04,0.000000000000000000e+00
2.602087890625000455e+01,3.324160124531739591e+00,1.376236979070508404e-01,1.758138956110882542e-02,8.417768923661923591e-04,4.303050833244079416e-04,0.000000000000000000e+00
2.622731445312500398e+01,3.350532208875245388e+00,2.752473958567864809e-01,3.516277912767062225e-02,8.547308972943323119e-04,4.370079880154344935e-04,0.000000000000000000e+00
2.643375000000000341e+01,3.376904293218751185e+00,1.376236979283932405e-01,1.758138956383531112e-02,8.677764710713905616e-04,4.437602614279202392e-04,0.000000000000000000e+00
2.664018554687500284e+01,3.403276377562256982e+00,2.752473958354446637e-01,3.516277912494421287e-02,8.809134444250665049e-04,4.505618471377649775e-04,0.000000000000000000e+00
2.684662109375000227e+01,3.429648461905762780e+00,1.376236978963799595e-01,1.758138955974562420e-02,8.941416480830588877e-04,4.574126887208682904e-04,0.000000000000000000e+00
2.705305664062500171e+01,3.456020546249268577e+00,2.752473958567817069e-01,3.516277912767001163e-02,9.074609127730665645e-04,4.643127297531296515e-04,0.000000000000000000e+00
2.725949218750000469e+01,3.482392630592774818e+00,1.376236979283914641e-01,1.758138956383508214e-02,9.208710692227888234e-04,4.712619138104491849e-04,0.000000000000000000e+00
2.746592773437500412e+01,3.508764714936280615e+00,2.752473958141028465e-01,3.516277912221779656e-02,9.343719481599238683e-04,4.782601844687259306e-04,0.000000000000000000e+00
2.767236328125000355e+01,3.535136799279786413e+00,1.376236979283932405e-01,1.758138956383531112e-02,9.479633803121713127e-04,4.853074853038599583e-04,0.000000000000000000e+00
2.787879882812500298e+01,3.561508883623292210e+00,2.752473958567864809e-01,3.516277912767062225e-02,9.616451964072297940e-04,4.924037598917506333e-04,0.000000000000000000e+00
2.808523437500000242e+01,3.587880967966798007e+00,1.376236979177217212e-01,1.758138956247202664e-02,9.754172271727982752e-04,4.995489518082978087e-04,0.000000000000000000e+00
2.829166992187500185e+01,3.614253052310303804e+00,2.752473958354399453e-01,3.516277912494360919e-02,9.892793033365759360e-04,5.067430046294010663e-04,0.000000000000000000e+00
2.849810546875000483e+01,3.640625136653810046e+00,1.376236979390623727e-01,1.758138956519829030e-02,1.003231255626261522e-03,5.139858619309600968e-04,0.000000000000000000e+00
2.870454101562500426e+01,3.666997220997315843e+00,2.752473958567864809e-01,3.516277912767062225e-02,1.017272914769553780e-03,5.212774672888744821e-04,0.000000000000000000e+00
2.891097656250000369e+01,3.693369305340821640e+00,1.376236978750387252e-01,1.758138955701928768e-02,1.031404111494151890e-03,5.286177642790438041e-04,0.000000000000000000e+00
2.911741210937500313e+01,3.719741389684327437e+00,2.752473958781282981e-01,3.516277913039703162e-02,1.045624676527754813e-03,5.360066964773678617e-04,0.000000000000000000e+00
2.932384765625000256e+01,3.746113474027833234e+00,1.376236979283926298e-01,1.758138956383523133e-02,1.059934440598061080e-03,5.434442074597461286e-04,0.000000000000000000e+00
2.953028320312500199e+01,3.772485558371339032e+00,2.752473957927563109e-01,3.516277911949078350e-02,1.074333234432770304e-03,5.509302408020785120e-04,0.000000000000000000e+00
2.973671875000000497e+01,3.798857642714845273e+00,1.376236979177205555e-01,1.758138956247187745e-02,1.088820888759581230e-03,5.584647400802643770e-04,0.000000000000000000e+00
2.994315429687500441e+01,3.825229727058351070e+00,2.752473958781282981e-01,3.516277913039703162e-02,1.103397234306192605e-03,5.660476488702036310e-04,0.000000000000000000e+00
3.014958984375000384e+01,3.851601811401856867e+00,1.376236979390641491e-01,1.758138956519851581e-02,1.118062101800303175e-03,5.736789107477955306e-04,0.000000000000000000e+00
3.035602539062500327e+01,3.877973895745362665e+00,2.752473958354446637e-01,3.516277912494421287e-02,1.132815321969612120e-03,5.813584692889400916e-04,0.000000000000000000e+00
3.056246093750000270e+01,3.904345980088868018e+00,1.376236978536963251e-01,1.758138955429280198e-02,1.147656725541818402e-03,5.890862680695366791e-04,0.000000000000000000e+00
3.076889648437500213e+01,3.930718064432373815e+00,2.752473959208071586e-01,3.516277913584924669e-02,1.162586143244620767e-03,5.968622506654852004e-04,0.000000000000000000e+00
3.097533203125000512e+01,3.957090148775880056e+00,1.376236979604041621e-01,1.758138956792469620e-02,1.177603405805718829e-03,6.046863606526852375e-04,0.000000000000000000e+00
3.118176757812500455e+01,3.983462233119385854e+00,2.752473958354446637e-01,3.516277912494421287e-02,1.192708343952810683e-03,6.125585416070364808e-04,0.000000000000000000e+00
3.138820312500000398e+01,4.009834317462892095e+00,1.376236979177223319e-01,1.758138956247210644e-02,1.207900788413595944e-03,6.204787371044386208e-04,0.000000000000000000e+00
3.159463867187500341e+01,4.036206401806397892e+00,2.752473958781282981e-01,3.516277913039703162e-02,1.223180569915772922e-03,6.284468907207909141e-04,0.000000000000000000e+00
3.180107421875000284e+01,4.062578486149903689e+00,1.376236979817477557e-01,1.758138957065133456e-02,1.238547519187040580e-03,6.364629460319932682e-04,0.000000000000000000e+00
3.200750976562500227e+01,4.088950570493409487e+00,2.752473958781282981e-01,3.516277913039703162e-02,1.254001466955098534e-03,6.445268466139454817e-04,0.000000000000000000e+00
3.221394531250000171e+01,4.115322654836915284e+00,1.376236979604059663e-01,1.758138956792492866e-02,1.269542243947645310e-03,6.526385360425469200e-04,0.000000000000000000e+00
3.242038085937500114e+01,4.141694739180421081e+00,2.752473957927610848e-01,3.516277911949139412e-02,1.285169680892379656e-03,6.607979578936973818e-04,0.000000000000000000e+00
3.262681640625000057e+01,4.168066823523926878e+00,1.376236978963805146e-01,1.758138955974569359e-02,1.300883608517000752e-03,6.690050557432965575e-04,0.000000000000000000e+00
3.283325195312500000e+01,4.194438907867432675e+00,2.752473958781282981e-01,3.516277913039703162e-02,1.316683857549207559e-03,6.772597731672439208e-04,0.000000000000000000e+00
3.303968749999999943e+01,4.220810992210938473e+00,1.376236978536969080e-01,1.758138955429287484e-02,1.332570258716698824e-03,6.855620537414392705e-04,0.000000000000000000e+00
3.324612304687499886e+01,4.247183076554444270e+00,2.752473958354446637e-01,3.516277912494421287e-02,1.348542642747173510e-03,6.939118410417822970e-04,0.000000000000000000e+00
3.345255859374999829e+01,4.273555160897950067e+00,1.376236979390641491e-01,1.758138956519851581e-02,1.364600840368330797e-03,7.023090786441723654e-04,0.000000000000000000e+00
3.365899414062499773e+01,4.299927245241455864e+00,2.752473957927610848e-01,3.516277911949139412e-02,1.380744682307869647e-03,7.107537101245096000e-04,0.000000000000000000e+00
3.386542968749999716e+01,4.326299329584961662e+00,1.376236979604024135e-01,1.758138956792447416e-02,1.396973999293488590e-03,7.192456790586930406e-04,0.000000000000000000e+00
3.407186523437500369e+01,4.352671413928468347e+00,2.752473957500679580e-01,3.516277911403736106e-02,1.413288622052887456e-03,7.277849290226231366e-04,0.000000000000000000e+00
3.427830078125000313e+01,4.379043498271974144e+00,1.376236979390629833e-01,1.758138956519836663e-02,1.429688381313764340e-03,7.363714035921988194e-04,0.000000000000000000e+00
3.448473632812500256e+01,4.405415582615479941e+00,2.752473958354446637e-01,3.516277912494421287e-02,1.446173107803817989e-03,7.450050463433198879e-04,0.000000000000000000e+00
3.469117187500000199e+01,4.431787666958985739e+00,1.376236979177223319e-01,1.758138956247210644e-02,1.462742632250747798e-03,7.536858008518859241e-04,0.000000000000000000e+00
3.489760742187500142e+01,4.458159751302491536e+00,2.752473958354446637e-01,3.516277912494421287e-02,1.479396785382252298e-03,7.624136106937968354e-04,0.000000000000000000e+00
3.510404296875000085e+01,4.484531835645997333e+00,1.376236978963805424e-01,1.758138955974569706e-02,1.496135397926030884e-03,7.711884194449520951e-04,0.000000000000000000e+00
3.531047851562500028e+01,4.510903919989503130e+00,2.752473958781282981e-01,3.516277913039703162e-02,1.512958300609782737e-03,7.800101706812515023e-04,0.000000000000000000e+00
3.551691406249999972e+01,4.537276004333008927e+00,1.376236979177223319e-01,1.758138956247210644e-02,1.529865324161206385e-03,7.888788079785945305e-04,0.000000000000000000e+00
3.572334960937499915e+01,4.563648088676514725e+00,2.752473958781282981e-01,3.516277913039703162e-02,1.546856299308000575e-03,7.977942749128809786e-04,0.000000000000000000e+00
3.592978515624999858e+01,4.590020173020020522e+00,1.376236978750387252e-01,1.758138955701928768e-02,1.563931056777864920e-03,8.067565150600104285e-04,0.000000000000000000e+00
3.613622070312499801e+01,4.616392257363526319e+00,2.752473957927610848e-01,3.516277911949139412e-02,1.581089427298497298e-03,8.157654719958822454e-04,0.000000000000000000e+00
3.634265624999999744e+01,4.642764341707032116e+00,1.376236978750351725e-01,1.758138955701883319e-02,1.598331241597597758e-03,8.248210892963966619e-04,0.000000000000000000e+00
3.654909179687500398e+01,4.669136426050538802e+00,2.752473959208024401e-01,3.516277913584864301e-02,1.615656330402865260e-03,8.339233105374531515e-04,0.000000000000000000e+00
3.675552734375000341e+01,4.695508510394044599e+00,1.376236978536957145e-01,1.758138955429272218e-02,1.633064524441997468e-03,8.430720792949509710e-04,0.000000000000000000e+00
3.696196289062500284e+01,4.721880594737550396e+00,2.752473957927610848e-01,3.516277911949139412e-02,1.650555654442694212e-03,8.522673391447900277e-04,0.000000000000000000e+00
3.716839843750000227e+01,4.748252679081056193e+00,1.376236978963805146e-01,1.758138955974569359e-02,1.668129551132654454e-03,8.615090336628700119e-04,0.000000000000000000e+00
3.737483398437500171e+01,4.774624763424561991e+00,2.752473958781282981e-01,3.516277913039703162e-02,1.685786045239576507e-03,8.707971064250902889e-04,0.000000000000000000e+00
3.758126953125000114e+01,4.800996847768067788e+00,1.376236978963805146e-01,1.758138955974569359e-02,1.703524967491160417e-03,8.801315010073508744e-04,0.000000000000000000e+00
3.778770507812500057e+01,4.827368932111573585e+00,2.752473958781282981e-01,3.516277913039703162e-02,1.721346148615104281e-03,8.895121609855512418e-04,0.000000000000000000e+00
3.799414062500000000e+01,4.853741016455079382e+00,1.376236978963805146e-01,1.758138955974569359e-02,1.739249419339107278e-03,8.989390299355911901e-04,0.000000000000000000e+00
3.820057617187499943e+01,4.880113100798585180e+00,2.752473957927610848e-01,3.516277911949139412e-02,1.757234610390867938e-03,9.084120514333701929e-04,0.000000000000000000e+00
3.840701171874999886e+01,4.906485185142090977e+00,1.376236979390641491e-01,1.758138956519851581e-02,1.775301552498086089e-03,9.179311690547877238e-04,0.000000000000000000e+00
3.861344726562499829e+01,4.932857269485596774e+00,2.752473958781282981e-01,3.516277913039703162e-02,1.793450076388460046e-03,9.274963263757437983e-04,0.000000000000000000e+00
3.881988281249999773e+01,4.959229353829102571e+00,1.376236978963769619e-01,1.758138955974523909e-02,1.811680012789688770e-03,9.371074669721378902e-04,0.000000000000000000e+00
3.902631835937500426e+01,4.985601438172609257e+00,2.752473957073843791e-01,3.516277910858454231e-02,1.829991192429472092e-03,9.467645344198700151e-04,0.000000000000000000e+00
3.923275390625000369e+01,5.011973522516115054e+00,1.376236979817465622e-01,1.758138957065118191e-02,1.848383446035507457e-03,9.564674722948393213e-04,0.000000000000000000e+00
3.943918945312500313e+01,5.038345606859620851e+00,2.752473957073938160e-01,3.516277910858574968e-02,1.866856604335494479e-03,9.662162241729451741e-04,0.000000000000000000e+00
3.964562500000000256e+01,5.064717691203126648e+00,1.376236979817477835e-01,1.758138957065133803e-02,1.885410498057131902e-03,9.760107336300878058e-04,0.000000000000000000e+00
3.985206054687500199e+01,5.091089775546632445e+00,2.752473957073938160e-01,3.516277910858574968e-02,1.904044957928119342e-03,9.858509442421667986e-04,0.000000000000000000e+00
4.005849609375000142e+01,5.117461859890138243e+00,1.376236978536969080e-01,1.758138955429287484e-02,1.922759814676154675e-03,9.957367995850816261e-04,0.000000000000000000e+00
4.026493164062500085e+01,5.143833944233644040e+00,2.752473957927610848e-01,3.516277911949139412e-02,1.941554899028938167e-03,1.005668243234732195e-03,0.000000000000000000e+00
4.047136718750000028e+01,5.170206028577149837e+00,1.376236978536969080e-01,1.758138955429287484e-02,1.960430041714168129e-03,1.015645218767018089e-03,0.000000000000000000e+00
4.067780273437499972e+01,5.196578112920655634e+00,2.752473960488627802e-01,3.516277915220831357e-02,1.979385073459542874e-03,1.025667669757838237e-03,0.000000000000000000e+00
4.088423828124999915e+01,5.222950197264161432e+00,1.376236979817477835e-01,1.758138957065133803e-02,1.998419824992762016e-03,1.035735539783093307e-03,0.000000000000000000e+00
4.109067382812499858e+01,5.249322281607667229e+00,2.752473958781282981e-01,3.516277913039703162e-02,2.017534127041524083e-03,1.045848772418682448e-03,0.000000000000000000e+00
4.129710937499999801e+01,5.275694365951173026e+00,1.376236979817465622e-01,1.758138957065118191e-02,2.036727810333528472e-03,1.056007311240505456e-03,0.000000000000000000e+00
4.150354492187499744e+01,5.302066450294678823e+00,2.752473957927515924e-01,3.516277911949017981e-02,2.056000705596474146e-03,1.066211099824461916e-03,0.000000000000000000e+00
4.170998046875000398e+01,5.328438534638185509e+00,1.376236979390605963e-01,1.758138956519806131e-02,2.075352643558060067e-03,1.076460081746451842e-03,0.000000000000000000e+00
4.191641601562500341e+01,5.354810618981691306e+00,2.752473957927610848e-01,3.516277911949139412e-02,2.094783454945984766e-03,1.086754200582373949e-03,0.000000000000000000e+00
4.212285156250000284e+01,5.381182703325197103e+00,1.376236978963805146e-01,1.758138955974569359e-02,2.114292970487947204e-03,1.097093399908128470e-03,0.000000000000000000e+00
4.232928710937500227e+01,5.407554787668702900e+00,2.752473958781282981e-01,3.516277913039703162e-02,2.133881020911646345e-03,1.107477623299615204e-03,0.000000000000000000e+00
4.253572265625000171e+01,5.433926872012208698e+00,1.376236978963805146e-01,1.758138955974569359e-02,2.153547436944781585e-03,1.117906814332733515e-03,0.000000000000000000e+00
4.274215820312500114e+01,5.460298956355714495e+00,2.752473958781282981e-01,3.516277913039703162e-02,2.173292049315051020e-03,1.128380916583382985e-03,0.000000000000000000e+00
4.294859375000000057e+01,5.486671040699220292e+00,1.376236978963805146e-01,1.758138955974569359e-02,2.193114688750154914e-03,1.138899873627463631e-03,0.000000000000000000e+00
4.315502929687500000e+01,5.513043125042726089e+00,2.752473956220266027e-01,3.516277909768011217e-02,2.213015185977790494e-03,1.149463629040874601e-03,0.000000000000000000e+00
4.336146484374999943e+01,5.539415209386231886e+00,1.376236978963805146e-01,1.758138955974569359e-02,2.232993371725657591e-03,1.160072126399516127e-03,0.000000000000000000e+00
4.356790039062499886e+01,5.565787293729737684e+00,2.752473958781282981e-01,3.516277913039703162e-02,2.253049076721456035e-03,1.170725309279287791e-03,0.000000000000000000e+00
4.377433593749999829e+01,5.592159378073243481e+00,1.376236978536957145e-01,1.758138955429272218e-02,2.273182131692883055e-03,1.181423121256088308e-03,0.000000000000000000e+00
4.398077148437499773e+01,5.618531462416749278e+00,2.752473957927515924e-01,3.516277911949017981e-02,2.293392367367638480e-03,1.192165505905818561e-03,0.000000000000000000e+00
4.418720703125000426e+01,5.644903546760255963e+00,1.376236980244278096e-01,1.758138957610370229e-02,2.313679614473422574e-03,1.202952406804377915e-03,0.000000000000000000e+00
4.439364257812500369e+01,5.671275631103761761e+00,2.752473957073938160e-01,3.516277910858574968e-02,2.334043703737931699e-03,1.213783767527665302e-03,0.000000000000000000e+00
4.460007812500000313e+01,5.697647715447267558e+00,1.376236979817477557e-01,1.758138957065133456e-02,2.354484465888866118e-03,1.224659531651580736e-03,0.000000000000000000e+00
4.480651367187500256e+01,5.724019799790773355e+00,2.752473959634955114e-01,3.516277914130266913e-02,2.375001731653924794e-03,1.235579642752024235e-03,0.000000000000000000e+00
4.501294921875000199e+01,5.750391884134279152e+00,1.376236978536969080e-01,1.758138955429287484e-02,2.395595331760806256e-03,1.246544044404894946e-03,0.000000000000000000e+00
4.521938476562500142e+01,5.776763968477784950e+00,2.752473959634955114e-01,3.516277914130266913e-02,2.416265096937209467e-03,1.257552680186092668e-03,0.000000000000000000e+00
4.542582031250000085e+01,5.803136052821290747e+00,1.376236978963805146e-01,1.758138955974569359e-02,2.437010857910833390e-03,1.268605493671517200e-03,0.000000000000000000e+00
4.563225585937500028e+01,5.829508137164796544e+00,2.752473959634955114e-01,3.516277914130266913e-02,2.457832445409377422e-03,1.279702428437067907e-03,0.000000000000000000e+00
4.583869140624999972e+01,5.855880221508302341e+00,1.376236980244313901e-01,1.758138957610415679e-02,2.478729690160540525e-03,1.290843428058644805e-03,0.000000000000000000e+00
4.604512695312499915e+01,5.882252305851808138e+00,2.752473959634955114e-01,3.516277914130266913e-02,2.499702422892021662e-03,1.302028436112147259e-03,0.000000000000000000e+00
4.625156249999999858e+01,5.908624390195313936e+00,1.376236979390629556e-01,1.758138956519836316e-02,2.520750474331518928e-03,1.313257396173475285e-03,0.000000000000000000e+00
4.645799804687499801e+01,5.934996474538819733e+00,2.752473958781188057e-01,3.516277913039581732e-02,2.541873675206732588e-03,1.324530251818528247e-03,0.000000000000000000e+00
4.666443359375000455e+01,5.961368558882326418e+00,1.376236979390605963e-01,1.758138956519806131e-02,2.563071856245360738e-03,1.335846946623205946e-03,0.000000000000000000e+00
4.687086914062500398e+01,5.987740643225832216e+00,2.752473958781282981e-01,3.516277913039703162e-02,2.584344848175101905e-03,1.347207424163407528e-03,0.000000000000000000e+00
4.707730468750000341e+01,6.014112727569338013e+00,1.376236980244313624e-01,1.758138957610415332e-02,2.605692481723655054e-03,1.358611628015033010e-03,0.000000000000000000e+00
4.728374023437500284e+01,6.040484811912843810e+00,2.752473957073938160e-01,3.516277910858574968e-02,2.627114587618720014e-03,1.370059501753982190e-03,0.000000000000000000e+00
4.749017578125000227e+01,6.066856896256349607e+00,1.376236979390641491e-01,1.758138956519851581e-02,2.648610996587994881e-03,1.381550988956154434e-03,0.000000000000000000e+00
4.769661132812500171e+01,6.093228980599855404e+00,2.752473957073938160e-01,3.516277910858574968e-02,2.670181539359179051e-03,1.393086033197449541e-03,0.000000000000000000e+00
4.790304687500000114e+01,6.119601064943361202e+00,1.376236976829624536e-01,1.758138953248159636e-02,2.691826046659972355e-03,1.404664578053767309e-03,0.000000000000000000e+00
4.810948242187500057e+01,6.145973149286866999e+00,2.752473960488627802e-01,3.516277915220831357e-02,2.713544349218072020e-03,1.416286567101006887e-03,0.000000000000000000e+00
4.831591796875000000e+01,6.172345233630372796e+00,1.376236978536969080e-01,1.758138955429287484e-02,2.735336277761177444e-03,1.427951943915068290e-03,0.000000000000000000e+00
4.852235351562499943e+01,6.198717317973878593e+00,2.752473958781282981e-01,3.516277913039703162e-02,2.757201663016988023e-03,1.439660652071851100e-03,0.000000000000000000e+00
4.872878906249999886e+01,6.225089402317384391e+00,1.376236981097974099e-01,1.758138958700964510e-02,2.779140335713203153e-03,1.451412635147255334e-03,0.000000000000000000e+00
4.893522460937499829e+01,6.251461486660890188e+00,2.752473957073843791e-01,3.516277910858454231e-02,2.801152126577520496e-03,1.463207836717179706e-03,0.000000000000000000e+00
4.914166015625000483e+01,6.277833571004396873e+00,1.376236978536933553e-01,1.758138955429242034e-02,2.823236866337640750e-03,1.475046200357525315e-03,0.000000000000000000e+00
4.934809570312500426e+01,6.304205655347902670e+00,2.752473957073938160e-01,3.516277910858574968e-02,2.845394385721260709e-03,1.486927669644190009e-03,0.000000000000000000e+00
4.955453125000000369e+01,6.330577739691408468e+00,1.376236978536969080e-01,1.758138955429287484e-02,2.867624515456080637e-03,1.498852188153074671e-03,0.000000000000000000e+00
4.976096679687500313e+01,6.356949824034913377e+00,2.752473958781282981e-01,3.516277913039703162e-02,2.889927086269798197e-03,1.510819699460078450e-03,0.000000000000000000e+00
4.996740234375000256e+01,6.383321908378419174e+00,1.376236979390641491e-01,1.758138956519851581e-02,2.912301928890114518e-03,1.522830147141101360e-03,0.000000000000000000e+00
5.017383789062500199e+01,6.409693992721924971e+00,2.752473958781282981e-01,3.516277913039703162e-02,2.934748874044726830e-03,1.534883474772042334e-03,0.000000000000000000e+00
5.038027343750000142e+01,6.436066077065430768e+00,1.376236979390641491e-01,1.758138956519851581e-02,2.957267752461335397e-03,1.546979625928802471e-03,0.000000000000000000e+00
5.058670898437500085e+01,6.462438161408936566e+00,2.752473958781282981e-01,3.516277913039703162e-02,2.979858394867637445e-03,1.559118544187279619e-03,0.000000000000000000e+00
5.079314453125000028e+01,6.488810245752442363e+00,1.376236978536969080e-01,1.758138955429287484e-02,3.002520631991333240e-03,1.571300173123374661e-03,0.000000000000000000e+00
5.099958007812499972e+01,6.515182330095948160e+00,2.752473958781282981e-01,3.516277913039703162e-02,3.025254294560120877e-03,1.583524456312986961e-03,0.000000000000000000e+00
5.120601562499999915e+01,6.541554414439453957e+00,1.376236979390629556e-01,1.758138956519836316e-02,3.048059213301699752e-03,1.595791337332015886e-03,0.000000000000000000e+00
5.141245117187499858e+01,6.567926498782959754e+00,2.752473960488532878e-01,3.516277915220710620e-02,3.070935218943769262e-03,1.608100759756361667e-03,0.000000000000000000e+00
5.161888671875000512e+01,6.594298583126466440e+00,1.376236977683261142e-01,1.758138954338677937e-02,3.093882142214028803e-03,1.620452667161923887e-03,0.000000000000000000e+00
5.182532226562500455e+01,6.620670667469972237e+00,2.752473958781282981e-01,3.516277913039703162e-02,3.116899813840175171e-03,1.632847003124601260e-03,0.000000000000000000e+00
5.203175781250000398e+01,6.647042751813478034e+00,1.376236978536969080e-01,1.758138955429287484e-02,3.139988064549908628e-03,1.645283711220293802e-03,0.000000000000000000e+00
5.223819335937500341e+01,6.673414836156983831e+00,2.752473957073938160e-01,3.516277910858574968e-02,3.163146725070927704e-03,1.657762735024901745e-03,0.000000000000000000e+00
5.244462890625000284e+01,6.699786920500489629e+00,1.376236979390641491e-01,1.758138956519851581e-02,3.186375626130931796e-03,1.670284018114324238e-03,0.000000000000000000e+00
5.265106445312500227e+01,6.726159004843995426e+00,2.752473957073938160e-01,3.516277910858574968e-02,3.209674598457619866e-03,1.682847504064461297e-03,0.000000000000000000e+00
5.285750000000000171e+01,6.752531089187501223e+00,1.376236981097986034e-01,1.758138958700979429e-02,3.233043472778690010e-03,1.695453136451211635e-03,0.000000000000000000e+00
5.306393554687500114e+01,6.778903173531007020e+00,2.752473957073938160e-01,3.516277910858574968e-02,3.256482079821842925e-03,1.708100858850476571e-03,0.000000000000000000e+00
5.327037109375000057e+01,6.805275257874512818e+00,1.376236981097986034e-01,1.758138958700979429e-02,3.279990250314776274e-03,1.720790614838154384e-03,0.000000000000000000e+00
5.347680664062500000e+01,6.831647342218018615e+00,2.752473957073938160e-01,3.516277910858574968e-02,3.303567814985188152e-03,1.733522347990144874e-03,0.000000000000000000e+00
5.368324218749999943e+01,6.858019426561524412e+00,1.376236978536969080e-01,1.758138955429287484e-02,3.327214604560778822e-03,1.746296001882348056e-03,0.000000000000000000e+00
5.388967773437499886e+01,6.884391510905030209e+00,2.752473957073938160e-01,3.516277910858574968e-02,3.350930449769247681e-03,1.759111520090663730e-03,0.000000000000000000e+00
5.409611328124999829e+01,6.910763595248536006e+00,1.376236981951622917e-01,1.758138959791498424e-02,3.374715181338291525e-03,1.771968846190990826e-03,0.000000000000000000e+00
5.430254882812500483e+01,6.937135679592042692e+00,2.752473955366498970e-01,3.516277908677326036e-02,3.398568629995612784e-03,1.784867923759230228e-03,0.000000000000000000e+00
5.450898437500000426e+01,6.963507763935548489e+00,1.376236981097974099e-01,1.758138958700964510e-02,3.422490626468906953e-03,1.797808696371280433e-03,0.000000000000000000e+00
5.471541992187500369e+01,6.989879848279054286e+00,2.752473960488627802e-01,3.516277915220831357e-02,3.446481001485873861e-03,1.810791107603041241e-03,0.000000000000000000e+00
5.492185546875000313e+01,7.016251932622560084e+00,1.376236977683296669e-01,1.758138954338723386e-02,3.470539585774212905e-03,1.823815101030412233e-03,0.000000000000000000e+00
5.512829101562500256e+01,7.042624016966065881e+00,2.752473957073938160e-01,3.516277910858574968e-02,3.494666210061623483e-03,1.836880620229293642e-03,0.000000000000000000e+00
5.533472656250000199e+01,7.068996101309571678e+00,1.376236978536969080e-01,1.758138955429287484e-02,3.518860705075804556e-03,1.849987608775584833e-03,0.000000000000000000e+00
5.554116210937500142e+01,7.095368185653077475e+00,2.752473960488627802e-01,3.516277915220831357e-02,3.543122901544453352e-03,1.863136010245185171e-03,0.000000000000000000e+00
5.574759765625000085e+01,7.121740269996583272e+00,1.376236981097986312e-01,1.758138958700980123e-02,3.567452630195270570e-03,1.876325768213994239e-03,0.000000000000000000e+00
5.595403320312500028e+01,7.148112354340089070e+00,2.752473955366593339e-01,3.516277908677446773e-02,3.591849721755954739e-03,1.889556826257912919e-03,0.000000000000000000e+00
5.616046874999999972e+01,7.174484438683594867e+00,1.376236982805330855e-01,1.758138960882107971e-02,3.616314006954204820e-03,1.902829127952839492e-03,0.000000000000000000e+00
5.636690429687499915e+01,7.200856523027100664e+00,2.752473955366593339e-01,3.516277908677446773e-02,3.640845316517719345e-03,1.916142616874673757e-03,0.000000000000000000e+00
5.657333984374999858e+01,7.227228607370606461e+00,1.376236980244278374e-01,1.758138957610370576e-02,3.665443481174197275e-03,1.929497236599315730e-03,0.000000000000000000e+00
5.677977539062500512e+01,7.253600691714113147e+00,2.752473960488532878e-01,3.516277915220710620e-02,3.690108331651338874e-03,1.942892930702665860e-03,0.000000000000000000e+00
5.698621093750000455e+01,7.279972776057618944e+00,1.376236980244301966e-01,1.758138957610400413e-02,3.714839698676840069e-03,1.956329642760621778e-03,0.000000000000000000e+00
5.719264648437500398e+01,7.306344860401124741e+00,2.752473962195972068e-01,3.516277917401958858e-02,3.739637412978403293e-03,1.969807316349085017e-03,0.000000000000000000e+00
5.739908203125000341e+01,7.332716944744630538e+00,1.376236978536969080e-01,1.758138955429287484e-02,3.764501305283724907e-03,1.983325895043954075e-03,0.000000000000000000e+00
5.760551757812500284e+01,7.359089029088136336e+00,2.752473955366593339e-01,3.516277908677446773e-02,3.789431206320504741e-03,1.996885322421128751e-03,0.000000000000000000e+00
5.781195312500000227e+01,7.385461113431642133e+00,1.376236975122279715e-01,1.758138951067031094e-02,3.814426946816442624e-03,2.010485542056509277e-03,0.000000000000000000e+00
5.801838867187500171e+01,7.411833197775147930e+00,2.752473957073938160e-01,3.516277910858574968e-02,3.839488357499236219e-03,2.024126497525994585e-03,0.000000000000000000e+00
5.822482421875000114e+01,7.438205282118653727e+00,1.376236981951658445e-01,1.758138959791543873e-02,3.864615269096584923e-03,2.037808132405484907e-03,0.000000000000000000e+00
5.843125976562500057e+01,7.464577366462159524e+00,2.752473955366593339e-01,3.516277908677446773e-02,3.889807512336187698e-03,2.051530390270879609e-03,0.000000000000000000e+00
5.863769531250000000e+01,7.490949450805665322e+00,1.376236974268607582e-01,1.758138949976467344e-02,3.915064917945743940e-03,2.065293214698078490e-03,0.000000000000000000e+00
5.884413085937499943e+01,7.517321535149171119e+00,2.752473955366593339e-01,3.516277908677446773e-02,3.940387316652951312e-03,2.079096549262981347e-03,0.000000000000000000e+00
5.905056640624999886e+01,7.543693619492676916e+00,1.376236979390605963e-01,1.758138956519806131e-02,3.965774539185510511e-03,2.092940337541487113e-03,0.000000000000000000e+00
5.925700195312500540e+01,7.570065703836183602e+00,2.752473962195877699e-01,3.516277917401838815e-02,3.991226416271118765e-03,2.106824523109496455e-03,0.000000000000000000e+00
5.946343750000000483e+01,7.596437788179689399e+00,1.376236974268595648e-01,1.758138949976452078e-02,4.016742778637476773e-03,2.120749049542908302e-03,0.000000000000000000e+00
5.966987304687500426e+01,7.622809872523195196e+00,2.752473955366593339e-01,3.516277908677446773e-02,4.042323457012281761e-03,2.134713860417622022e-03,0.000000000000000000e+00
5.987630859375000369e+01,7.649181956866700993e+00,1.376236977683296669e-01,1.758138954338723386e-02,4.067968282123232693e-03,2.148718899309537845e-03,0.000000000000000000e+00
6.008274414062500313e+01,7.675554041210206790e+00,2.752473955366593339e-01,3.516277908677446773e-02,4.093677084698031134e-03,2.162764109794555571e-03,0.000000000000000000e+00
6.028917968750000256e+01,7.701926125553712588e+00,1.376236977683296669e-01,1.758138954338723386e-02,4.119449695464372577e-03,2.176849435448574132e-03,0.000000000000000000e+00
6.049561523437500199e+01,7.728298209897218385e+00,2.752473958781282981e-01,3.516277913039703162e-02,4.145285945149957720e-03,2.190974819847493760e-03,0.000000000000000000e+00
6.070205078125000142e+01,7.754670294240724182e+00,1.376236979390641491e-01,1.758138956519851581e-02,4.171185664482485525e-03,2.205140206567213820e-03,0.000000000000000000e+00
6.090848632812500085e+01,7.781042378584229979e+00,2.752473965610661710e-01,3.516277921764215941e-02,4.197148684189654956e-03,2.219345539183634544e-03,0.000000000000000000e+00
6.111492187500000028e+01,7.807414462927735777e+00,1.376236979390641491e-01,1.758138956519851581e-02,4.223174834999163241e-03,2.233590761272654431e-03,0.000000000000000000e+00
6.132135742187499972e+01,7.833786547271241574e+00,2.752473955366593339e-01,3.516277908677446773e-02,4.249263947638710209e-03,2.247875816410174147e-03,0.000000000000000000e+00
6.152779296874999915e+01,7.860158631614747371e+00,1.376236981097950507e-01,1.758138958700934326e-02,4.275415852835997427e-03,2.262200648172093490e-03,0.000000000000000000e+00
6.173422851562500568e+01,7.886530715958254056e+00,2.752473962195877699e-01,3.516277917401838815e-02,4.301630381318722121e-03,2.276565200134311392e-03,0.000000000000000000e+00
6.194066406250000512e+01,7.912902800301759854e+00,1.376236977683285012e-01,1.758138954338708468e-02,4.327907363814581521e-03,2.290969415872727653e-03,0.000000000000000000e+00
6.214709960937500455e+01,7.939274884645265651e+00,2.752473955366593339e-01,3.516277908677446773e-02,4.354246631051277190e-03,2.305413238963241636e-03,0.000000000000000000e+00
6.235353515625000398e+01,7.965646968988771448e+00,1.376236977683296669e-01,1.758138954338723386e-02,4.380648013756504623e-03,2.319896612981753575e-03,0.000000000000000000e+00
6.255997070312500341e+01,7.992019053332277245e+00,2.752473965610661710e-01,3.516277921764215941e-02,4.407111342657966252e-03,2.334419481504162834e-03,0.000000000000000000e+00
6.276640625000000284e+01,8.018391137675783042e+00,1.376236977683296669e-01,1.758138954338723386e-02,4.433636448483359305e-03,2.348981788106368779e-03,0.000000000000000000e+00
6.297284179687500227e+01,8.044763222019289728e+00,2.752473958781282981e-01,3.516277913039703162e-02,4.460223161960383612e-03,2.363583476364272077e-03,0.000000000000000000e+00
6.317927734375000171e+01,8.071135306362794637e+00,1.376236977683296669e-01,1.758138954338723386e-02,4.486871313816736401e-03,2.378224489853770791e-03,0.000000000000000000e+00
6.338571289062500114e+01,8.097507390706301322e+00,2.752473958781282981e-01,3.516277913039703162e-02,4.513580734780119237e-03,2.392904772150766454e-03,0.000000000000000000e+00
6.359214843750000057e+01,8.123879475049806231e+00,1.376236982805330578e-01,1.758138960882107624e-02,4.540351255578228482e-03,2.407624266831157132e-03,0.000000000000000000e+00
6.379858398437500000e+01,8.150251559393312917e+00,2.752473958781282981e-01,3.516277913039703162e-02,4.567182706938765699e-03,2.422382917470843056e-03,0.000000000000000000e+00
6.400501953124999943e+01,8.176623643736817826e+00,1.376236974268536528e-01,1.758138949976376791e-02,4.594074919589424648e-03,2.437180667645723157e-03,0.000000000000000000e+00
6.421145507812501307e+01,8.202995728080326288e+00,2.752473955366404046e-01,3.516277908677204606e-02,4.621027724257915567e-03,2.452017460931700706e-03,0.000000000000000000e+00
6.441789062500001251e+01,8.229367812423831197e+00,1.376236979390617621e-01,1.758138956519821050e-02,4.648040951671922674e-03,2.466893240904669427e-03,0.000000000000000000e+00
6.462432617187501194e+01,8.255739896767337882e+00,2.752473958781282981e-01,3.516277913039703162e-02,4.675114432559155341e-03,2.481807951140532591e-03,0.000000000000000000e+00
6.483076171875001137e+01,8.282111981110842791e+00,1.376236977683296669e-01,1.758138954338723386e-02,4.702247997647306457e-03,2.496761535215189561e-03,0.000000000000000000e+00
6.503719726562501080e+01,8.308484065454349476e+00,2.752473958781282981e-01,3.516277913039703162e-02,4.729441477664080191e-03,2.511753936704540138e-03,0.000000000000000000e+00
6.524363281250001023e+01,8.334856149797854385e+00,1.376236977683296669e-01,1.758138954338723386e-02,4.756694703337171169e-03,2.526785099184481950e-03,0.000000000000000000e+00
6.545006835937500966e+01,8.361228234141361071e+00,2.752473951951904252e-01,3.516277904315191077e-02,4.784007505394281823e-03,2.541854966230917400e-03,0.000000000000000000e+00
6.565650390625000909e+01,8.387600318484865980e+00,1.376236977683296669e-01,1.758138954338723386e-02,4.811379714563108513e-03,2.556963481419744985e-03,0.000000000000000000e+00
6.586293945312500853e+01,8.413972402828372665e+00,2.752473958781282981e-01,3.516277913039703162e-02,4.838811161571351938e-03,2.572110588326864070e-03,0.000000000000000000e+00
6.606937500000000796e+01,8.440344487171877574e+00,1.376236977683296669e-01,1.758138954338723386e-02,4.866301677146708457e-03,2.587296230528173587e-03,0.000000000000000000e+00
6.627581054687500739e+01,8.466716571515384260e+00,2.752473962195972068e-01,3.516277917401958858e-02,4.893851092016879636e-03,2.602520351599575069e-03,0.000000000000000000e+00
6.648224609375000682e+01,8.493088655858889169e+00,1.376236977683296669e-01,1.758138954338723386e-02,4.921459236909562704e-03,2.617782895116966581e-03,0.000000000000000000e+00
6.668868164062500625e+01,8.519460740202395854e+00,2.752473958781282981e-01,3.516277913039703162e-02,4.949125942552458357e-03,2.633083804656249222e-03,0.000000000000000000e+00
6.689511718750000568e+01,8.545832824545900763e+00,1.376236977683296669e-01,1.758138954338723386e-02,4.976851039673264691e-03,2.648423023793321056e-03,0.000000000000000000e+00
6.710155273437500512e+01,8.572204908889407449e+00,2.752473962195972068e-01,3.516277917401958858e-02,5.004634358999679802e-03,2.663800496104083183e-03,0.000000000000000000e+00
6.730798828125000455e+01,8.598576993232912358e+00,1.376236981097986034e-01,1.758138958700979429e-02,5.032475731259403520e-03,2.679216165164433668e-03,0.000000000000000000e+00
6.751442382812500398e+01,8.624949077576419043e+00,2.752473962195972068e-01,3.516277917401958858e-02,5.060374987180133941e-03,2.694669974550273610e-03,0.000000000000000000e+00
6.772085937500000341e+01,8.651321161919923952e+00,1.376236979390617621e-01,1.758138956519821050e-02,5.088331957489571761e-03,2.710161867837501508e-03,0.000000000000000000e+00
6.792729492187500284e+01,8.677693246263430638e+00,2.752473955366404046e-01,3.516277908677204606e-02,5.116346472915415944e-03,2.725691788602018460e-03,0.000000000000000000e+00
6.813373046875001648e+01,8.704065330606937323e+00,1.376236984512604344e-01,1.758138963063145266e-02,5.144418364185362851e-03,2.741259680419723399e-03,0.000000000000000000e+00
6.834016601562501592e+01,8.730437414950444008e+00,2.752473958781282981e-01,3.516277913039703162e-02,5.172547462027114046e-03,2.756865486866515256e-03,0.000000000000000000e+00
6.854660156250001535e+01,8.756809499293948917e+00,1.376236977683296669e-01,1.758138954338723386e-02,5.200733597168365890e-03,2.772509151518293396e-03,0.000000000000000000e+00
6.875303710937501478e+01,8.783181583637455603e+00,2.752473962195972068e-01,3.516277917401958858e-02,5.228976600336819082e-03,2.788190617950959786e-03,0.000000000000000000e+00
6.895947265625001421e+01,8.809553667980960512e+00,1.376236981097986034e-01,1.758138958700979429e-02,5.257276302260172583e-03,2.803909829740411190e-03,0.000000000000000000e+00
6.916590820312501364e+01,8.835925752324467197e+00,2.752473955366593339e-01,3.516277908677446773e-02,5.285632533666125357e-03,2.819666730462550008e-03,0.000000000000000000e+00
6.937234375000001307e+01,8.862297836667972106e+00,1.376236977683296669e-01,1.758138954338723386e-02,5.314045125282374632e-03,2.835461263693273004e-03,0.000000000000000000e+00
6.957877929687501251e+01,8.888669921011478792e+00,2.752473958781282981e-01,3.516277913039703162e-02,5.342513907836622840e-03,2.851293373008483012e-03,0.000000000000000000e+00
6.978521484375001194e+01,8.915042005354983701e+00,1.376236979390641491e-01,1.758138956519851581e-02,5.371038712056562005e-03,2.867163001984075494e-03,0.000000000000000000e+00
6.999165039062501137e+01,8.941414089698490386e+00,2.752473955366593339e-01,3.516277908677446773e-02,5.399619368669901498e-03,2.883070094195955453e-03,0.000000000000000000e+00
7.019808593750001080e+01,8.967786174041995295e+00,1.376236975975952126e-01,1.758138952157595539e-02,5.428255708404330741e-03,2.899014593220017484e-03,0.000000000000000000e+00
7.040452148437501023e+01,8.994158258385501981e+00,2.752473955366593339e-01,3.516277908677446773e-02,5.456947561987555637e-03,2.914996442632165289e-03,0.000000000000000000e+00
7.061095703125000966e+01,9.020530342729006890e+00,1.376236981097986034e-01,1.758138958700979429e-02,5.485694760147267340e-03,2.931015586008294330e-03,0.000000000000000000e+00
7.081739257812500909e+01,9.046902427072513575e+00,2.752473962195972068e-01,3.516277917401958858e-02,5.514497133611174357e-03,2.947071966924309609e-03,0.000000000000000000e+00
7.102382812500000853e+01,9.073274511416018484e+00,1.376236979390641491e-01,1.758138956519851581e-02,5.543354513106967842e-03,2.963165528956105289e-03,0.000000000000000000e+00
7.123026367187500796e+01,9.099646595759525169e+00,2.752473962195972068e-01,3.516277917401958858e-02,5.572266729362351963e-03,2.979296215679584636e-03,0.000000000000000000e+00
7.143669921875000739e+01,9.126018680103030078e+00,1.376236977683296669e-01,1.758138954338723386e-02,5.601233613105020478e-03,2.995463970670645282e-03,0.000000000000000000e+00
7.164313476562500682e+01,9.152390764446536764e+00,2.752473962195972068e-01,3.516277917401958858e-02,5.630254995062678423e-03,3.011668737505189195e-03,0.000000000000000000e+00
7.184957031250000625e+01,9.178762848790041673e+00,1.376236979390641491e-01,1.758138956519851581e-02,5.659330705963017821e-03,3.027910459759112702e-03,0.000000000000000000e+00
7.205600585937500568e+01,9.205134933133548358e+00,2.752473951951904252e-01,3.516277904315191077e-02,5.688460576533743707e-03,3.044189081008318639e-03,0.000000000000000000e+00
7.226244140625000512e+01,9.231507017477053267e+00,1.376236981097986034e-01,1.758138958700979429e-02,5.717644437502550706e-03,3.060504544828704637e-03,0.000000000000000000e+00
7.246887695312500455e+01,9.257879101820559953e+00,2.752473955366593339e-01,3.516277908677446773e-02,5.746882119597142118e-03,3.076856794796171794e-03,0.000000000000000000e+00
7.267531250000000398e+01,9.284251186164064862e+00,1.376236974268583713e-01,1.758138949976436813e-02,5.776173453545210834e-03,3.093245774486617309e-03,0.000000000000000000e+00
7.288174804687500341e+01,9.310623270507571547e+00,2.752473965610471862e-01,3.516277921763973080e-02,5.805518270074464492e-03,3.109671427475944883e-03,0.000000000000000000e+00
7.308818359375001705e+01,9.336995354851078233e+00,1.376236974268536528e-01,1.758138949976376791e-02,5.834916399912593379e-03,3.126133697340051278e-03,0.000000000000000000e+00
7.329461914062501648e+01,9.363367439194584918e+00,2.752473955366593339e-01,3.516277908677446773e-02,5.864367673787301664e-03,3.142632527654835861e-03,0.000000000000000000e+00
7.350105468750001592e+01,9.389739523538089827e+00,1.376236982805330578e-01,1.758138960882107624e-02,5.893871922426283105e-03,3.159167861996198430e-03,0.000000000000000000e+00
7.370749023437501535e+01,9.416111607881596512e+00,2.752473955366593339e-01,3.516277908677446773e-02,5.923428976557244471e-03,3.175739643940040519e-03,0.000000000000000000e+00
7.391392578125001478e+01,9.442483692225101422e+00,1.376236981097986034e-01,1.758138958700979429e-02,5.953038666907876052e-03,3.192347817062258890e-03,0.000000000000000000e+00
7.412036132812501421e+01,9.468855776568608107e+00,2.752473962195972068e-01,3.516277917401958858e-02,5.982700824205884615e-03,3.208992324938756378e-03,0.000000000000000000e+00
7.432679687500001364e+01,9.495227860912113016e+00,1.376236977683296669e-01,1.758138954338723386e-02,6.012415279178963054e-03,3.225673111145430181e-03,0.000000000000000000e+00
7.453323242187501307e+01,9.521599945255619701e+00,2.752473962195972068e-01,3.516277917401958858e-02,6.042181862554815534e-03,3.242390119258181831e-03,0.000000000000000000e+00
7.473966796875001251e+01,9.547972029599124610e+00,1.376236981097986034e-01,1.758138958700979429e-02,6.072000405061135815e-03,3.259143292852908960e-03,0.000000000000000000e+00
7.494610351562501194e+01,9.574344113942631296e+00,2.752473962195972068e-01,3.516277917401958858e-02,6.101870737425627196e-03,3.275932575505513100e-03,0.000000000000000000e+00
7.515253906250001137e+01,9.600716198286136205e+00,1.376236981097986034e-01,1.758138958700979429e-02,6.131792690375983436e-03,3.292757910791891882e-03,0.000000000000000000e+00
7.535897460937501080e+01,9.627088282629642890e+00,2.752473962195972068e-01,3.516277917401958858e-02,6.161766094639909569e-03,3.309619242287946839e-03,0.000000000000000000e+00
7.556541015625001023e+01,9.653460366973147799e+00,1.376236981097986034e-01,1.758138958700979429e-02,6.191790780945100221e-03,3.326516513569576904e-03,0.000000000000000000e+00
7.577184570312500966e+01,9.679832451316654485e+00,2.752473955366593339e-01,3.516277908677446773e-02,6.221866580019256958e-03,3.343449668212682309e-03,0.000000000000000000e+00
7.597828125000000909e+01,9.706204535660159394e+00,1.376236977683296669e-01,1.758138954338723386e-02,6.251993322590076139e-03,3.360418649793160250e-03,0.000000000000000000e+00
7.618471679687500853e+01,9.732576620003666079e+00,2.752473955366593339e-01,3.516277908677446773e-02,6.282170839385260198e-03,3.377423401886913996e-03,0.000000000000000000e+00
7.639115234375000796e+01,9.758948704347170988e+00,1.376236977683296669e-01,1.758138954338723386e-02,6.312398961132503761e-03,3.394463868069839876e-03,0.000000000000000000e+00
7.659758789062500739e+01,9.785320788690677674e+00,2.752473955366593339e-01,3.516277908677446773e-02,6.342677518559510993e-03,3.411539991917841158e-03,0.000000000000000000e+00
7.680402343750000682e+01,9.811692873034182583e+00,1.376236981097986034e-01,1.758138958700979429e-02,6.373006342393975655e-03,3.428651717006813739e-03,0.000000000000000000e+00
7.701045898437500625e+01,9.838064957377689268e+00,2.752473955366593339e-01,3.516277908677446773e-02,6.403385263363600179e-03,3.445798986912660018e-03,0.000000000000000000e+00
7.721689453125000568e+01,9.864437041721194177e+00,1.376236974268607582e-01,1.758138949976467344e-02,6.433814112196079189e-03,3.462981745211276760e-03,0.000000000000000000e+00
7.742333007812500512e+01,9.890809126064700862e+00,2.752473962195972068e-01,3.516277917401958858e-02,6.464292719619118589e-03,3.480199935478567232e-03,0.000000000000000000e+00
7.762976562500000455e+01,9.917181210408205772e+00,1.376236984512651529e-01,1.758138963063205287e-02,6.494820916360409535e-03,3.497453501290427764e-03,0.000000000000000000e+00
7.783620117187500398e+01,9.943553294751712457e+00,2.752473962195782775e-01,3.516277917401717384e-02,6.525398533147657928e-03,3.514742386222760757e-03,0.000000000000000000e+00
7.804263671875001762e+01,9.969925379095219142e+00,1.376236981097914980e-01,1.758138958700888876e-02,6.556025400708559263e-03,3.532066533851463408e-03,0.000000000000000000e+00
7.824907226562501705e+01,9.996297463438725828e+00,2.752473955366593339e-01,3.516277908677446773e-02,6.586701349770813368e-03,3.549425887752438117e-03,0.000000000000000000e+00
7.845550781250001648e+01,1.002266954778223074e+01,1.376236981097986034e-01,1.758138958700979429e-02,6.617426211062116606e-03,3.566820391501582081e-03,0.000000000000000000e+00
7.866194335937501592e+01,1.004904163212573742e+01,2.752473962195972068e-01,3.516277917401958858e-02,6.648199815310169673e-03,3.584249988674795967e-03,0.000000000000000000e+00
7.886837890625001535e+01,1.007541371646924233e+01,1.376236981097986034e-01,1.758138958700979429e-02,6.679021993242673268e-03,3.601714622847978706e-03,0.000000000000000000e+00
7.907481445312501478e+01,1.010178580081274902e+01,2.752473969025350797e-01,3.516277926126471637e-02,6.709892575587324617e-03,3.619214237597031397e-03,0.000000000000000000e+00
7.928125000000001421e+01,1.012815788515625393e+01,1.376236974268607582e-01,1.758138949976467344e-02,6.740811393071820951e-03,3.636748776497851238e-03,0.000000000000000000e+00
7.948768554687501364e+01,1.015452996949976061e+01,2.752473969025350797e-01,3.516277926126471637e-02,6.771778276423865567e-03,3.654318183126341497e-03,0.000000000000000000e+00
7.969412109375001307e+01,1.018090205384326552e+01,1.376236981097986034e-01,1.758138958700979429e-02,6.802793056371154827e-03,3.671922401058398504e-03,0.000000000000000000e+00
7.990055664062501251e+01,1.020727413818677221e+01,2.752473969025350797e-01,3.516277926126471637e-02,6.833855563641385959e-03,3.689561373869923357e-03,0.000000000000000000e+00
8.010699218750001194e+01,1.023364622253027711e+01,1.376236981097986034e-01,1.758138958700979429e-02,6.864965628962260528e-03,3.707235045136815423e-03,0.000000000000000000e+00
8.031342773437501137e+01,1.026001830687378380e+01,2.752473948537215165e-01,3.516277899952934688e-02,6.896123083061477498e-03,3.724943358434974500e-03,0.000000000000000000e+00
8.051986328125001080e+01,1.028639039121728871e+01,1.376236974268607582e-01,1.758138949976467344e-02,6.927327756666734095e-03,3.742686257340300388e-03,0.000000000000000000e+00
8.072629882812501023e+01,1.031276247556079539e+01,2.752473955366593339e-01,3.516277908677446773e-02,6.958579480505731017e-03,3.760463685428692450e-03,0.000000000000000000e+00
8.093273437500000966e+01,1.033913455990430030e+01,1.376236974268607582e-01,1.758138949976467344e-02,6.989878085306163759e-03,3.778275586276050053e-03,0.000000000000000000e+00
8.113916992187500909e+01,1.036550664424780699e+01,2.752473969025350797e-01,3.516277926126471637e-02,7.021223401795739089e-03,3.796121903458274296e-03,0.000000000000000000e+00
8.134560546875000853e+01,1.039187872859131190e+01,1.376236977683296669e-01,1.758138954338723386e-02,7.052615260702145561e-03,3.814002580551262376e-03,0.000000000000000000e+00
8.155204101562500796e+01,1.041825081293481858e+01,2.752473948537215165e-01,3.516277899952934688e-02,7.084053492753090812e-03,3.831917561130915393e-03,0.000000000000000000e+00
8.175847656250000739e+01,1.044462289727832349e+01,1.376236977683296669e-01,1.758138954338723386e-02,7.115537928676266867e-03,3.849866788773133146e-03,0.000000000000000000e+00
8.196491210937500682e+01,1.047099498162183018e+01,2.752473948537215165e-01,3.516277899952934688e-02,7.147068399199377024e-03,3.867850207053815433e-03,0.000000000000000000e+00
8.217134765625000625e+01,1.049736706596533509e+01,1.376236977683296669e-01,1.758138954338723386e-02,7.178644735050121982e-03,3.885867759548860753e-03,0.000000000000000000e+00
8.237778320312500568e+01,1.052373915030884177e+01,2.752473948537215165e-01,3.516277899952934688e-02,7.210266766956195499e-03,3.903919389834170205e-03,0.000000000000000000e+00
8.258421875000000512e+01,1.055011123465234668e+01,1.376236974268607582e-01,1.758138949976467344e-02,7.241934325645298272e-03,3.922005041485642288e-03,0.000000000000000000e+00
8.279065429687500455e+01,1.057648331899585337e+01,2.752473969025350797e-01,3.516277926126471637e-02,7.273647241845132734e-03,3.940124658079178534e-03,0.000000000000000000e+00
8.299708984375000398e+01,1.060285540333935828e+01,1.376236977683225615e-01,1.758138954338632487e-02,7.305405346283390042e-03,3.958278183190674406e-03,0.000000000000000000e+00
8.320352539062501762e+01,1.062922748768286674e+01,2.752473941707647143e-01,3.516277891228180436e-02,7.337208469687780434e-03,3.976465560396034472e-03,0.000000000000000000e+00
8.340996093750001705e+01,1.065559957202637165e+01,1.376236981097962442e-01,1.758138958700949592e-02,7.369056442785992464e-03,3.994686733271155497e-03,0.000000000000000000e+00
8.361639648437501648e+01,1.068197165636987833e+01,2.752473955366593339e-01,3.516277908677446773e-02,7.400949096305730300e-03,4.012941645391936846e-03,0.000000000000000000e+00
8.382283203125001592e+01,1.070834374071338324e+01,1.376236994756743215e-01,1.758138976150004293e-02,7.432886260974691170e-03,4.031230240334280485e-03,0.000000000000000000e+00
8.402926757812501535e+01,1.073471582505688993e+01,2.752473955366593339e-01,3.516277908677446773e-02,7.464867767520577506e-03,4.049552461674084912e-03,0.000000000000000000e+00
8.423570312500001478e+01,1.076108790940039484e+01,1.376236974268607582e-01,1.758138949976467344e-02,7.496893446671079597e-03,4.067908252987247758e-03,0.000000000000000000e+00
8.444213867187501421e+01,1.078745999374390152e+01,2.752473975854729527e-01,3.516277934850984416e-02,7.528963129153906815e-03,4.086297557849672725e-03,0.000000000000000000e+00
8.464857421875001364e+01,1.081383207808740643e+01,1.376236977683296669e-01,1.758138954338723386e-02,7.561076645696750316e-03,4.104720319837253974e-03,0.000000000000000000e+00
8.485500976562501307e+01,1.084020416243091312e+01,2.752473969025350797e-01,3.516277926126471637e-02,7.593233827027315135e-03,4.123176482525897808e-03,0.000000000000000000e+00
8.506144531250001251e+01,1.086657624677441802e+01,1.376236987927364486e-01,1.758138967425491861e-02,7.625434503873293295e-03,4.141665989491497522e-03,0.000000000000000000e+00
8.526788085937501194e+01,1.089294833111792471e+01,2.752473955366593339e-01,3.516277908677446773e-02,7.657678506962390698e-03,4.160188784309958553e-03,0.000000000000000000e+00
8.547431640625001137e+01,1.091932041546142962e+01,1.376236981097986312e-01,1.758138958700980123e-02,7.689965667022301103e-03,4.178744810557175927e-03,0.000000000000000000e+00
8.568075195312501080e+01,1.094569249980493630e+01,2.752473948537215165e-01,3.516277899952934688e-02,7.722295814780726075e-03,4.197334011809051614e-03,0.000000000000000000e+00
8.588718750000001023e+01,1.097206458414844121e+01,1.376236984512675399e-01,1.758138963063235818e-02,7.754668780965361975e-03,4.215956331641484110e-03,0.000000000000000000e+00
8.609362304687500966e+01,1.099843666849194790e+01,2.752473955366593339e-01,3.516277908677446773e-02,7.787084396303913837e-03,4.234611713630374516e-03,0.000000000000000000e+00
8.630005859375000909e+01,1.102480875283545281e+01,1.376236981097986312e-01,1.758138958700980123e-02,7.819542491524073685e-03,4.253300101351620462e-03,0.000000000000000000e+00
8.650649414062500853e+01,1.105118083717895949e+01,2.752473955366593339e-01,3.516277908677446773e-02,7.852042897353545686e-03,4.272021438381123914e-03,0.000000000000000000e+00
8.671292968750000796e+01,1.107755292152246440e+01,1.376236974268607582e-01,1.758138949976467344e-02,7.884585444520024466e-03,4.290775668294782505e-03,0.000000000000000000e+00
8.691936523437500739e+01,1.110392500586597109e+01,2.752473955366593339e-01,3.516277908677446773e-02,7.917169963751210723e-03,4.309562734668497333e-03,0.000000000000000000e+00
8.712580078125000682e+01,1.113029709020947600e+01,1.376236984512675399e-01,1.758138963063235818e-02,7.949796285774805155e-03,4.328382581078166896e-03,0.000000000000000000e+00
8.733223632812500625e+01,1.115666917455298268e+01,2.752473969025350797e-01,3.516277926126471637e-02,7.982464241318504988e-03,4.347235151099692295e-03,0.000000000000000000e+00
8.753867187500000568e+01,1.118304125889648759e+01,1.376236974268607582e-01,1.758138949976467344e-02,8.015173661110007453e-03,4.366120388308971159e-03,0.000000000000000000e+00
8.774510742187500512e+01,1.120941334323999428e+01,2.752473955366593339e-01,3.516277908677446773e-02,8.047924375877014980e-03,4.385038236281904589e-03,0.000000000000000000e+00
8.795154296875000455e+01,1.123578542758349919e+01,1.376236967439157799e-01,1.758138941251864013e-02,8.080716216347223063e-03,4.403988638594391949e-03,0.000000000000000000e+00
8.815797851562501819e+01,1.126215751192700765e+01,2.752473969025160949e-01,3.516277926126229469e-02,8.113549013248335870e-03,4.422971538822334341e-03,0.000000000000000000e+00
8.836441406250001762e+01,1.128852959627051256e+01,1.376236964024515896e-01,1.758138936889668338e-02,8.146422597308047159e-03,4.441986880541627658e-03,0.000000000000000000e+00
8.857084960937501705e+01,1.131490168061401924e+01,2.752473955366593339e-01,3.516277908677446773e-02,8.179336799254057627e-03,4.461034607328175604e-03,0.000000000000000000e+00
8.877728515625001648e+01,1.134127376495752415e+01,1.376236981097986312e-01,1.758138958700980123e-02,8.212291449814064503e-03,4.480114662757873206e-03,0.000000000000000000e+00
8.898372070312501592e+01,1.136764584930103084e+01,2.752473975854729527e-01,3.516277934850984416e-02,8.245286379715770220e-03,4.499226990406625902e-03,0.000000000000000000e+00
8.919015625000001535e+01,1.139401793364453574e+01,1.376236977683296669e-01,1.758138954338723386e-02,8.278321419686872004e-03,4.518371533850328720e-03,0.000000000000000000e+00
8.939659179687501478e+01,1.142039001798804065e+01,2.752473955366593339e-01,3.516277908677446773e-02,8.311396400455065350e-03,4.537548236664881891e-03,0.000000000000000000e+00
8.960302734375001421e+01,1.144676210233154734e+01,1.376236977683296669e-01,1.758138954338723386e-02,8.344511152748054425e-03,4.556757042426187385e-03,0.000000000000000000e+00
8.980946289062501364e+01,1.147313418667505225e+01,2.752473962195972068e-01,3.516277917401958858e-02,8.377665507293538191e-03,4.575997894710143697e-03,0.000000000000000000e+00
9.001589843750001307e+01,1.149950627101855893e+01,1.376236981097986034e-01,1.758138958700979429e-02,8.410859294819212142e-03,4.595270737092650194e-03,0.000000000000000000e+00
9.022233398437501251e+01,1.152587835536206384e+01,2.752473955366593339e-01,3.516277908677446773e-02,8.444092346052775241e-03,4.614575513149606241e-03,0.000000000000000000e+00
9.042876953125001194e+01,1.155225043970557053e+01,1.376236981097986034e-01,1.758138958700979429e-02,8.477364491721931655e-03,4.633912166456913805e-03,0.000000000000000000e+00
9.063520507812501137e+01,1.157862252404907544e+01,2.752473962195972068e-01,3.516277917401958858e-02,8.510675562554373408e-03,4.653280640590468781e-03,0.000000000000000000e+00
9.084164062500001080e+01,1.160499460839258212e+01,1.376236981097986034e-01,1.758138958700979429e-02,8.544025389277802932e-03,4.672680879126173137e-03,0.000000000000000000e+00
9.104807617187501023e+01,1.163136669273608703e+01,2.752473955366593339e-01,3.516277908677446773e-02,8.577413802619920924e-03,4.692112825639924503e-03,0.000000000000000000e+00
9.125451171875000966e+01,1.165773877707959372e+01,1.376236984512675399e-01,1.758138963063235818e-02,8.610840633308424613e-03,4.711576423707628317e-03,0.000000000000000000e+00
9.146094726562500909e+01,1.168411086142309863e+01,2.752473955366593339e-01,3.516277908677446773e-02,8.644305712071009493e-03,4.731071616905175269e-03,0.000000000000000000e+00
9.166738281250000853e+01,1.171048294576660531e+01,1.376236970853918218e-01,1.758138945614211301e-02,8.677808869635381464e-03,4.750598348808472531e-03,0.000000000000000000e+00
9.187381835937500796e+01,1.173685503011011022e+01,2.752473955366593339e-01,3.516277908677446773e-02,8.711349936729230817e-03,4.770156562993415131e-03,0.000000000000000000e+00
9.208025390625000739e+01,1.176322711445361691e+01,1.376236974268607582e-01,1.758138949976467344e-02,8.744928744080265187e-03,4.789746203035906771e-03,0.000000000000000000e+00
9.228668945312500682e+01,1.178959919879712182e+01,2.752473955366593339e-01,3.516277908677446773e-02,8.778545122416176599e-03,4.809367212511841613e-03,0.000000000000000000e+00
9.249312500000000625e+01,1.181597128314062850e+01,1.376236987927364763e-01,1.758138967425492208e-02,8.812198902464669220e-03,4.829019534997125961e-03,0.000000000000000000e+00
9.269956054687500568e+01,1.184234336748413341e+01,2.752473989513486430e-01,3.516277952300008586e-02,8.845889914953440278e-03,4.848703114067653107e-03,0.000000000000000000e+00
9.290599609375000512e+01,1.186871545182764009e+01,1.376236967439205261e-01,1.758138941251924728e-02,8.879617990610183531e-03,4.868417893299326754e-03,0.000000000000000000e+00
9.311243164062500455e+01,1.189508753617114500e+01,2.752473948537025317e-01,3.516277899952692521e-02,8.913382960162606616e-03,4.888163816268045400e-03,0.000000000000000000e+00
9.331886718750001819e+01,1.192145962051465347e+01,1.376236987927293709e-01,1.758138967425401308e-02,8.947184654338406762e-03,4.907940826549711012e-03,0.000000000000000000e+00
9.352530273437501762e+01,1.194783170485815837e+01,2.752473962195972068e-01,3.516277917401958858e-02,8.981022903865275991e-03,4.927748867720217751e-03,0.000000000000000000e+00
9.373173828125001705e+01,1.197420378920166506e+01,1.376236960609850402e-01,1.758138932527442827e-02,9.014897539470923676e-03,4.947587883355470187e-03,0.000000000000000000e+00
9.393817382812501648e+01,1.200057587354516997e+01,2.752473962195972068e-01,3.516277917401958858e-02,9.048808391883034902e-03,4.967457817031365082e-03,0.000000000000000000e+00
9.414460937500001592e+01,1.202694795788867665e+01,1.376236987927364763e-01,1.758138967425492208e-02,9.082755291829324243e-03,4.987358612323804403e-03,0.000000000000000000e+00
9.435104492187501535e+01,1.205332004223218156e+01,2.752473962195972068e-01,3.516277917401958858e-02,9.116738070037476785e-03,5.007290212808684915e-03,0.000000000000000000e+00
9.455748046875001478e+01,1.207969212657568825e+01,1.376236960609850402e-01,1.758138932527442827e-02,9.150756557235201899e-03,5.027252562061910318e-03,0.000000000000000000e+00
9.476391601562501421e+01,1.210606421091919316e+01,2.752473962195972068e-01,3.516277917401958858e-02,9.184810584150191609e-03,5.047245603659375641e-03,0.000000000000000000e+00
9.497035156250001364e+01,1.213243629526269984e+01,1.376236981097986312e-01,1.758138958700980123e-02,9.218899981510148348e-03,5.067269281176984587e-03,0.000000000000000000e+00
9.517678710937501307e+01,1.215880837960620475e+01,2.752473962195972068e-01,3.516277917401958858e-02,9.253024580042769343e-03,5.087323538190632183e-03,0.000000000000000000e+00
9.538322265625001251e+01,1.218518046394971144e+01,1.376236987927364763e-01,1.758138967425492208e-02,9.287184210475758761e-03,5.107408318276224733e-03,0.000000000000000000e+00
9.558965820312501194e+01,1.221155254829321635e+01,2.752473962195972068e-01,3.516277917401958858e-02,9.321378703536806892e-03,5.127523565009655532e-03,0.000000000000000000e+00
9.579609375000001137e+01,1.223792463263672303e+01,1.376236981097986312e-01,1.758138958700980123e-02,9.355607889953617903e-03,5.147669221966827413e-03,0.000000000000000000e+00
9.600252929687501080e+01,1.226429671698022794e+01,2.752473989513486430e-01,3.516277952300008586e-02,9.389871600453887288e-03,5.167845232723638875e-03,0.000000000000000000e+00
9.620896484375001023e+01,1.229066880132373463e+01,1.376236974268607582e-01,1.758138949976467344e-02,9.424169665765324416e-03,5.188051540855991885e-03,0.000000000000000000e+00
9.641540039062500966e+01,1.231704088566723954e+01,2.752473962195972068e-01,3.516277917401958858e-02,9.458501916615614374e-03,5.208288089939781471e-03,0.000000000000000000e+00
9.662183593750000909e+01,1.234341297001074622e+01,1.376236974268607582e-01,1.758138949976467344e-02,9.492868183732463064e-03,5.228554823550912202e-03,0.000000000000000000e+00
9.682827148437500853e+01,1.236978505435425113e+01,2.752473962195972068e-01,3.516277917401958858e-02,9.527268297843567713e-03,5.248851685265280842e-03,0.000000000000000000e+00
9.703470703125000796e+01,1.239615713869775782e+01,1.376236981097986312e-01,1.758138958700980123e-02,9.561702089676629018e-03,5.269178618658787623e-03,0.000000000000000000e+00
9.724114257812500739e+01,1.242252922304126272e+01,2.752473962195972068e-01,3.516277917401958858e-02,9.596169389959344209e-03,5.289535567307331911e-03,0.000000000000000000e+00
9.744757812500000682e+01,1.244890130738476941e+01,1.376236974268607582e-01,1.758138949976467344e-02,9.630670029419415717e-03,5.309922474786813937e-03,0.000000000000000000e+00
9.765401367187500625e+01,1.247527339172827432e+01,2.752473962195972068e-01,3.516277917401958858e-02,9.665203838784535567e-03,5.330339284673133934e-03,0.000000000000000000e+00
9.786044921875000568e+01,1.250164547607178100e+01,1.376236960609826809e-01,1.758138932527412643e-02,9.699770648782409660e-03,5.350785940542190401e-03,0.000000000000000000e+00
9.806688476562500512e+01,1.252801756041528591e+01,2.752473934878268413e-01,3.516277882503667657e-02,9.734370290140735224e-03,5.371262385969884437e-03,0.000000000000000000e+00
9.827332031250001876e+01,1.255438964475879438e+01,1.376236987927293709e-01,1.758138967425401308e-02,9.769002593587209488e-03,5.391768564532115407e-03,0.000000000000000000e+00
9.847975585937501819e+01,1.258076172910229928e+01,2.752473934878457706e-01,3.516277882503909824e-02,9.803667389849529679e-03,5.412304419804779207e-03,0.000000000000000000e+00
9.868619140625001762e+01,1.260713381344580597e+01,1.376236981097986312e-01,1.758138958700980123e-02,9.838364509655396495e-03,5.432869895363780406e-03,0.000000000000000000e+00
9.889262695312501705e+01,1.263350589778931088e+01,2.752473962195972068e-01,3.516277917401958858e-02,9.873093783732510634e-03,5.453464934785014900e-03,0.000000000000000000e+00
9.909906250000001648e+01,1.265987798213281756e+01,1.376236967439228853e-01,1.758138941251954912e-02,9.907855042808571058e-03,5.474089481644386392e-03,0.000000000000000000e+00
9.930549804687501592e+01,1.268625006647632247e+01,2.752473962195972068e-01,3.516277917401958858e-02,9.942648117611271527e-03,5.494743479517789908e-03,0.000000000000000000e+00
9.951193359375001535e+01,1.271262215081982916e+01,1.376236987927364763e-01,1.758138967425492208e-02,9.977472838868317942e-03,5.515426871981129152e-03,0.000000000000000000e+00
9.971836914062501478e+01,1.273899423516333407e+01,2.752473962195972068e-01,3.516277917401958858e-02,1.001232903730740753e-02,5.536139602610301753e-03,0.000000000000000000e+00
9.992480468750001421e+01,1.276536631950684075e+01,1.376236981097986312e-01,1.758138958700980123e-02,1.004721654365623752e-02,5.556881614981208813e-03,0.000000000000000000e+00
1.001312402343750136e+02,1.279173840385034566e+01,2.752473962195972068e-01,3.516277917401958858e-02,1.008213518864250341e-02,5.577652852669746225e-03,0.000000000000000000e+00
1.003376757812500131e+02,1.281811048819385235e+01,1.376236967439228853e-01,1.758138941251954912e-02,1.011708480299391109e-02,5.598453259251818560e-03,0.000000000000000000e+00
1.005441113281250125e+02,1.284448257253735726e+01,2.752473962195972068e-01,3.516277917401958858e-02,1.015206521743815607e-02,5.619282778303320847e-03,0.000000000000000000e+00
1.007505468750000119e+02,1.287085465688086394e+01,1.376236987927364763e-01,1.758138967425492208e-02,1.018707626270293903e-02,5.640141353400158521e-03,0.000000000000000000e+00
1.009569824218750114e+02,1.289722674122436885e+01,2.752473962195972068e-01,3.516277917401958858e-02,1.022211776951595374e-02,5.661028928118225743e-03,0.000000000000000000e+00
1.011634179687500108e+02,1.292359882556787554e+01,1.376236967439228853e-01,1.758138941251954912e-02,1.025718956860490437e-02,5.681945446033424482e-03,0.000000000000000000e+00
1.013698535156250102e+02,1.294997090991138045e+01,2.752473962195972068e-01,3.516277917401958858e-02,1.029229149069748987e-02,5.702890850721653235e-03,0.000000000000000000e+00
1.015762890625000097e+02,1.297634299425488713e+01,1.376236974268607582e-01,1.758138949976467344e-02,1.032742336652140575e-02,5.723865085758813101e-03,0.000000000000000000e+00
1.017827246093750091e+02,1.300271507859839204e+01,2.752473962195972068e-01,3.516277917401958858e-02,1.036258502680435269e-02,5.744868094720802579e-03,0.000000000000000000e+00
1.019891601562500085e+02,1.302908716294189873e+01,1.376236981097986312e-01,1.758138958700980123e-02,1.039777630227403313e-02,5.765899821183523635e-03,0.000000000000000000e+00
1.021955957031250080e+02,1.305545924728540363e+01,2.752473962195972068e-01,3.516277917401958858e-02,1.043299702365813736e-02,5.786960208722872166e-03,0.000000000000000000e+00
1.024020312500000074e+02,1.308183133162891032e+01,1.376236974268607582e-01,1.758138949976467344e-02,1.046824702168437649e-02,5.808049200914751874e-03,0.000000000000000000e+00
1.026084667968750068e+02,1.310820341597241523e+01,2.752473962195972068e-01,3.516277917401958858e-02,1.050352612708043733e-02,5.829166741335057786e-03,0.000000000000000000e+00
1.028149023437500063e+02,1.313457550031592191e+01,1.376236974268583713e-01,1.758138949976436813e-02,1.053883417057402752e-02,5.850312773559694472e-03,0.000000000000000000e+00
1.030213378906250057e+02,1.316094758465942682e+01,2.752473948537025317e-01,3.516277899952692521e-02,1.057417098289283909e-02,5.871487241164556961e-03,0.000000000000000000e+00
1.032277734375000193e+02,1.318731966900293529e+01,1.376236981097915257e-01,1.758138958700889223e-02,1.060953639476457967e-02,5.892690087725550689e-03,0.000000000000000000e+00
1.034342089843750188e+02,1.321369175334644019e+01,2.752473962195972068e-01,3.516277917401958858e-02,1.064493023691693782e-02,5.913921256818568083e-03,0.000000000000000000e+00
1.036406445312500182e+02,1.324006383768994688e+01,1.376236960609850402e-01,1.758138932527442827e-02,1.068035234007762117e-02,5.935180692019514578e-03,0.000000000000000000e+00
1.038470800781250176e+02,1.326643592203345179e+01,2.752473962195972068e-01,3.516277917401958858e-02,1.071580253497432175e-02,5.956468336904285205e-03,0.000000000000000000e+00
1.040535156250000171e+02,1.329280800637695847e+01,1.376236974268607582e-01,1.758138949976467344e-02,1.075128065233474546e-02,5.977784135048785398e-03,0.000000000000000000e+00
1.042599511718750165e+02,1.331918009072046338e+01,2.752473962195972068e-01,3.516277917401958858e-02,1.078678652288658259e-02,5.999128030028908452e-03,0.000000000000000000e+00
1.044663867187500159e+02,1.334555217506397007e+01,1.376236974268607582e-01,1.758138949976467344e-02,1.082231997735754250e-02,6.020499965420558937e-03,0.000000000000000000e+00
1.046728222656250153e+02,1.337192425940747498e+01,2.752473948537215165e-01,3.516277899952934688e-02,1.085788084647531550e-02,6.041899884799634482e-03,0.000000000000000000e+00
1.048792578125000148e+02,1.339829634375098166e+01,1.376236981097986312e-01,1.758138958700980123e-02,1.089346896096760574e-02,6.063327731742034453e-03,0.000000000000000000e+00
1.050856933593750142e+02,1.342466842809448657e+01,2.752473975854729527e-01,3.516277934850984416e-02,1.092908415156210872e-02,6.084783449823658215e-03,0.000000000000000000e+00
1.052921289062500136e+02,1.345104051243799326e+01,1.376236974268607582e-01,1.758138949976467344e-02,1.096472624898652340e-02,6.106266982620406868e-03,0.000000000000000000e+00
1.054985644531250131e+02,1.347741259678149817e+01,2.752473975854729527e-01,3.516277934850984416e-02,1.100039508396855222e-02,6.127778273708178909e-03,0.000000000000000000e+00
1.057050000000000125e+02,1.350378468112500485e+01,1.376236967439228853e-01,1.758138941251954912e-02,1.103609048723589413e-02,6.149317266662876307e-03,0.000000000000000000e+00
1.059114355468750119e+02,1.353015676546850976e+01,2.752473934878457706e-01,3.516277882503909824e-02,1.107181228951624116e-02,6.170883905060394088e-03,0.000000000000000000e+00
1.061178710937500114e+02,1.355652884981201645e+01,1.376236974268607582e-01,1.758138949976467344e-02,1.110756032153730269e-02,6.192478132476636823e-03,0.000000000000000000e+00
1.063243066406250108e+02,1.358290093415552136e+01,2.752473948537215165e-01,3.516277899952934688e-02,1.114333441402676900e-02,6.214099892487499541e-03,0.000000000000000000e+00
1.065307421875000102e+02,1.360927301849902804e+01,1.376236974268607582e-01,1.758138949976467344e-02,1.117913439771234252e-02,6.235749128668885942e-03,0.000000000000000000e+00
1.067371777343750097e+02,1.363564510284253295e+01,2.752473975854729527e-01,3.516277934850984416e-02,1.121496010332171875e-02,6.257425784596692790e-03,0.000000000000000000e+00
1.069436132812500091e+02,1.366201718718603964e+01,1.376236987927364763e-01,1.758138967425492208e-02,1.125081136158260532e-02,6.279129803846822053e-03,0.000000000000000000e+00
1.071500488281250085e+02,1.368838927152954454e+01,2.752473962195972068e-01,3.516277917401958858e-02,1.128668800322269253e-02,6.300861129995172227e-03,0.000000000000000000e+00
1.073564843750000080e+02,1.371476135587305123e+01,1.376236974268607582e-01,1.758138949976467344e-02,1.132258985896968280e-02,6.322619706617642679e-03,0.000000000000000000e+00
1.075629199218750074e+02,1.374113344021655614e+01,2.752473962195972068e-01,3.516277917401958858e-02,1.135851675955127510e-02,6.344405477290133641e-03,0.000000000000000000e+00
1.077693554687500068e+02,1.376750552456006282e+01,1.376236974268607582e-01,1.758138949976467344e-02,1.139446853569516839e-02,6.366218385588546212e-03,0.000000000000000000e+00
1.079757910156250063e+02,1.379387760890356773e+01,2.752473975854729527e-01,3.516277934850984416e-02,1.143044501812905990e-02,6.388058375088775422e-03,0.000000000000000000e+00
1.081822265625000057e+02,1.382024969324707442e+01,1.376236994756672161e-01,1.758138976149913740e-02,1.146644603758065033e-02,6.409925389366725838e-03,0.000000000000000000e+00
1.083886621093750193e+02,1.384662177759058110e+01,2.752473934878268413e-01,3.516277882503667657e-02,1.150247142477763863e-02,6.431819371998293358e-03,0.000000000000000000e+00
1.085950976562500188e+02,1.387299386193408779e+01,1.376236994756719623e-01,1.758138976149974109e-02,1.153852101044772378e-02,6.453740266559382550e-03,0.000000000000000000e+00
1.088015332031250182e+02,1.389936594627759270e+01,2.752473962195972068e-01,3.516277917401958858e-02,1.157459462531859953e-02,6.475688016625885841e-03,0.000000000000000000e+00
1.090079687500000176e+02,1.392573803062109938e+01,1.376236987927364763e-01,1.758138967425492208e-02,1.161069210011797699e-02,6.497662565773710402e-03,0.000000000000000000e+00
1.092144042968750171e+02,1.395211011496460429e+01,2.752473962195972068e-01,3.516277917401958858e-02,1.164681326557353951e-02,6.519663857578749527e-03,0.000000000000000000e+00
1.094208398437500165e+02,1.397848219930811098e+01,1.376236987927364486e-01,1.758138967425491861e-02,1.168295795241299818e-02,6.541691835616906918e-03,0.000000000000000000e+00
1.096272753906250159e+02,1.400485428365161589e+01,2.752473975854729527e-01,3.516277934850984416e-02,1.171912599136404678e-02,6.563746443464080205e-03,0.000000000000000000e+00
1.098337109375000153e+02,1.403122636799512257e+01,1.376236974268607582e-01,1.758138949976467344e-02,1.175531721315438601e-02,6.585827624696171355e-03,0.000000000000000000e+00
1.100401464843750148e+02,1.405759845233862748e+01,2.752473948537215165e-01,3.516277899952934688e-02,1.179153144851171307e-02,6.607935322889077132e-03,0.000000000000000000e+00
1.102465820312500142e+02,1.408397053668213417e+01,1.376236974268607582e-01,1.758138949976467344e-02,1.182776852816372869e-02,6.630069481618699502e-03,0.000000000000000000e+00
1.104530175781250136e+02,1.411034262102563908e+01,2.752473948537215165e-01,3.516277899952934688e-02,1.186402828283813007e-02,6.652230044460936964e-03,0.000000000000000000e+00
1.106594531250000131e+02,1.413671470536914576e+01,1.376236994756743215e-01,1.758138976150004293e-02,1.190031054326261793e-02,6.674416954991689750e-03,0.000000000000000000e+00
1.108658886718750125e+02,1.416308678971265067e+01,2.752473948537215165e-01,3.516277899952934688e-02,1.193661514016488949e-02,6.696630156786855491e-03,0.000000000000000000e+00
1.110723242187500119e+02,1.418945887405615736e+01,1.376236974268607582e-01,1.758138949976467344e-02,1.197294190427264371e-02,6.718869593422337888e-03,0.000000000000000000e+00
1.112787597656250114e+02,1.421583095839966226e+01,2.752473989513486430e-01,3.516277952300008586e-02,1.200929066631358302e-02,6.741135208474031970e-03,0.000000000000000000e+00
1.114851953125000108e+02,1.424220304274316895e+01,1.376236987927364486e-01,1.758138967425491861e-02,1.204566125701540466e-02,6.763426945517842306e-03,0.000000000000000000e+00
1.116916308593750102e+02,1.426857512708667386e+01,2.752473948537215165e-01,3.516277899952934688e-02,1.208205350710579891e-02,6.785744748129661323e-03,0.000000000000000000e+00
1.118980664062500097e+02,1.429494721143018054e+01,1.376236987927364486e-01,1.758138967425491861e-02,1.211846724731248034e-02,6.808088559885397927e-03,0.000000000000000000e+00
1.121045019531250091e+02,1.432131929577368545e+01,2.752473948537215165e-01,3.516277899952934688e-02,1.215490230836313579e-02,6.830458324360943675e-03,0.000000000000000000e+00
1.123109375000000085e+02,1.434769138011719214e+01,1.376236987927364486e-01,1.758138967425491861e-02,1.219135852098547114e-02,6.852853985132204007e-03,0.000000000000000000e+00
1.125173730468750080e+02,1.437406346446069705e+01,2.752473962195972068e-01,3.516277917401958858e-02,1.222783571590717842e-02,6.875275485775073948e-03,0.000000000000000000e+00
1.127238085937500074e+02,1.440043554880420373e+01,1.376236987927364486e-01,1.758138967425491861e-02,1.226433372385596528e-02,6.897722769865457203e-03,0.000000000000000000e+00
1.129302441406250068e+02,1.442680763314770864e+01,2.752473948537215165e-01,3.516277899952934688e-02,1.230085237555952199e-02,6.920195780979249665e-03,0.000000000000000000e+00
1.131366796875000063e+02,1.445317971749121533e+01,1.376236994756672161e-01,1.758138976149913740e-02,1.233739150174555620e-02,6.942694462692353304e-03,0.000000000000000000e+00
1.133431152343750199e+02,1.447955180183472201e+01,2.752473989513297137e-01,3.516277952299767112e-02,1.237395093314175992e-02,6.965218758580668350e-03,0.000000000000000000e+00
1.135495507812500193e+02,1.450592388617822870e+01,1.376236967439205261e-01,1.758138941251924728e-02,1.241053050047583560e-02,6.987768612220095037e-03,0.000000000000000000e+00
1.137559863281250188e+02,1.453229597052173361e+01,2.752473948537215165e-01,3.516277899952934688e-02,1.244713003447548046e-02,7.010343967186529260e-03,0.000000000000000000e+00
1.139624218750000182e+02,1.455866805486524029e+01,1.376236994756743215e-01,1.758138976150004293e-02,1.248374936586839345e-02,7.032944767055872987e-03,0.000000000000000000e+00
1.141688574218750176e+02,1.458504013920874520e+01,2.752473948537215165e-01,3.516277899952934688e-02,1.252038832538227182e-02,7.055570955404023847e-03,0.000000000000000000e+00
1.143752929687500171e+02,1.461141222355225189e+01,1.376237015244878847e-01,1.758139002323541242e-02,1.255704674374482147e-02,7.078222475806885544e-03,0.000000000000000000e+00
1.145817285156250165e+02,1.463778430789575680e+01,2.752473948537215165e-01,3.516277899952934688e-02,1.259372445168373267e-02,7.100899271840353105e-03,0.000000000000000000e+00
1.147881640625000159e+02,1.466415639223926171e+01,1.376236960609850402e-01,1.758138932527442827e-02,1.263042127992670786e-02,7.123601287080330233e-03,0.000000000000000000e+00
1.149945996093750153e+02,1.469052847658276839e+01,2.752473948537215165e-01,3.516277899952934688e-02,1.266713705920144949e-02,7.146328465102716292e-03,0.000000000000000000e+00
1.152010351562500148e+02,1.471690056092627330e+01,1.376236960609850402e-01,1.758138932527442827e-02,1.270387162023564956e-02,7.169080749483407178e-03,0.000000000000000000e+00
1.154074707031250142e+02,1.474327264526977999e+01,2.752473948537215165e-01,3.516277899952934688e-02,1.274062479375701398e-02,7.191858083798304858e-03,0.000000000000000000e+00
1.156139062500000136e+02,1.476964472961328489e+01,1.376236987927364486e-01,1.758138967425491861e-02,1.277739641049323478e-02,7.214660411623308699e-03,0.000000000000000000e+00
1.158203417968750131e+02,1.479601681395679158e+01,2.752473948537215165e-01,3.516277899952934688e-02,1.281418630117202133e-02,7.237487676534321533e-03,0.000000000000000000e+00
1.160267773437500125e+02,1.482238889830029649e+01,1.376236987927364486e-01,1.758138967425491861e-02,1.285099429652105871e-02,7.260339822107237523e-03,0.000000000000000000e+00
1.162332128906250119e+02,1.484876098264380317e+01,2.752473962195972068e-01,3.516277917401958858e-02,1.288782022726805976e-02,7.283216791917960370e-03,0.000000000000000000e+00
1.164396484375000114e+02,1.487513306698730808e+01,1.376236967439228853e-01,1.758138941251954912e-02,1.292466392414071304e-02,7.306118529542386837e-03,0.000000000000000000e+00
1.166460839843750108e+02,1.490150515133081477e+01,2.752473948537215165e-01,3.516277899952934688e-02,1.296152521786672097e-02,7.329044978556420627e-03,0.000000000000000000e+00
1.168525195312500102e+02,1.492787723567431968e+01,1.376236960609850402e-01,1.758138932527442827e-02,1.299840393917378253e-02,7.351996082535955032e-03,0.000000000000000000e+00
1.170589550781250097e+02,1.495424932001782636e+01,2.752473948537215165e-01,3.516277899952934688e-02,1.303529991878959668e-02,7.374971785056895490e-03,0.000000000000000000e+00
1.172653906250000091e+02,1.498062140436133127e+01,1.376236946951093221e-01,1.758138915078417963e-02,1.307221298744186411e-02,7.397972029695138764e-03,0.000000000000000000e+00
1.174718261718750085e+02,1.500699348870483796e+01,2.752473948537215165e-01,3.516277899952934688e-02,1.310914297585828205e-02,7.420996760026586821e-03,0.000000000000000000e+00
1.176782617187500080e+02,1.503336557304834287e+01,1.376236933292336040e-01,1.758138897629393099e-02,1.314608971476654772e-02,7.444045919627135556e-03,0.000000000000000000e+00
1.178846972656250074e+02,1.505973765739184955e+01,2.752473975854729527e-01,3.516277934850984416e-02,1.318305303489436531e-02,7.467119452072688672e-03,0.000000000000000000e+00
1.180911328125000068e+02,1.508610974173535446e+01,1.376236974268536528e-01,1.758138949976376791e-02,1.322003276696942682e-02,7.490217300939143799e-03,0.000000000000000000e+00
1.182975683593750205e+02,1.511248182607886292e+01,2.752474003172054040e-01,3.516277969748791282e-02,1.325702874171943817e-02,7.513339409802403772e-03,0.000000000000000000e+00
1.185040039062500199e+02,1.513885391042236783e+01,1.376236987927340893e-01,1.758138967425461677e-02,1.329404078987209137e-02,7.536485722238361017e-03,0.000000000000000000e+00
1.187104394531250193e+02,1.516522599476587452e+01,2.752473975854729527e-01,3.516277934850984416e-02,1.333106874215509059e-02,7.559656181822920970e-03,0.000000000000000000e+00
1.189168750000000188e+02,1.519159807910937943e+01,1.376236974268607582e-01,1.758138949976467344e-02,1.336811242929613133e-02,7.582850732131979528e-03,0.000000000000000000e+00
1.191233105468750182e+02,1.521797016345288611e+01,2.752473948537215165e-01,3.516277899952934688e-02,1.340517168202291602e-02,7.606069316741441259e-03,0.000000000000000000e+00
1.193297460937500176e+02,1.524434224779639102e+01,1.376236987927364486e-01,1.758138967425491861e-02,1.344224633106313842e-02,7.629311879227201193e-03,0.000000000000000000e+00
1.195361816406250171e+02,1.527071433213989771e+01,2.752473948537215165e-01,3.516277899952934688e-02,1.347933620714450616e-02,7.652578363165163031e-03,0.000000000000000000e+00
1.197426171875000165e+02,1.529708641648340262e+01,1.376236974268607582e-01,1.758138949976467344e-02,1.351644114099470780e-02,7.675868712131221801e-03,0.000000000000000000e+00
1.199490527343750159e+02,1.532345850082690930e+01,2.752473948537215165e-01,3.516277899952934688e-02,1.355356096334144923e-02,7.699182869701282073e-03,0.000000000000000000e+00
1.201554882812500153e+02,1.534983058517041421e+01,1.376236987927364486e-01,1.758138967425491861e-02,1.359069550491242770e-02,7.722520779451239742e-03,0.000000000000000000e+00
1.203619238281250148e+02,1.537620266951392090e+01,2.752473948537215165e-01,3.516277899952934688e-02,1.362784459643534216e-02,7.745882384956995041e-03,0.000000000000000000e+00
1.205683593750000142e+02,1.540257475385742580e+01,1.376237001586121944e-01,1.758138984874516725e-02,1.366500806863788810e-02,7.769267629794449070e-03,0.000000000000000000e+00
1.207747949218750136e+02,1.542894683820093249e+01,2.752473948537215165e-01,3.516277899952934688e-02,1.370218575224777316e-02,7.792676457539501195e-03,0.000000000000000000e+00
1.209812304687500131e+02,1.545531892254443740e+01,1.376236987927364486e-01,1.758138967425491861e-02,1.373937747799268416e-02,7.816108811768047310e-03,0.000000000000000000e+00
1.211876660156250125e+02,1.548169100688794408e+01,2.752473948537215165e-01,3.516277899952934688e-02,1.377658307660033395e-02,7.839564636055996322e-03,0.000000000000000000e+00
1.213941015625000119e+02,1.550806309123144899e+01,1.376236960609850402e-01,1.758138932527442827e-02,1.381380237879840760e-02,7.863043873979238055e-03,0.000000000000000000e+00
1.216005371093750114e+02,1.553443517557495568e+01,2.752473975854729527e-01,3.516277934850984416e-02,1.385103521531461795e-02,7.886546469113677946e-03,0.000000000000000000e+00
1.218069726562500108e+02,1.556080725991846059e+01,1.376236974268607582e-01,1.758138949976467344e-02,1.388828141687664663e-02,7.910072365035209288e-03,0.000000000000000000e+00
1.220134082031250102e+02,1.558717934426196727e+01,2.752473975854729527e-01,3.516277934850984416e-02,1.392554081421221342e-02,7.933621505319740988e-03,0.000000000000000000e+00
1.222198437500000097e+02,1.561355142860547218e+01,1.376236987927364486e-01,1.758138967425491861e-02,1.396281323804900165e-02,7.957193833543164604e-03,0.000000000000000000e+00
1.224262792968750091e+02,1.563992351294897887e+01,2.752473948537215165e-01,3.516277899952934688e-02,1.400009851911471551e-02,7.980789293281385574e-03,0.000000000000000000e+00
1.226327148437500085e+02,1.566629559729248378e+01,1.376236960609850402e-01,1.758138932527442827e-02,1.403739648813705047e-02,8.004407828110298925e-03,0.000000000000000000e+00
1.228391503906250080e+02,1.569266768163599046e+01,2.752473975854729527e-01,3.516277934850984416e-02,1.407470697584371419e-02,8.028049381605808360e-03,0.000000000000000000e+00
1.230455859375000074e+02,1.571903976597949537e+01,1.376237015244855255e-01,1.758139002323511058e-02,1.411202981296239174e-02,8.051713897343808907e-03,0.000000000000000000e+00
1.232520214843750068e+02,1.574541185032300206e+01,2.752473948537025317e-01,3.516277899952692521e-02,1.414936483022079770e-02,8.075401318900204267e-03,0.000000000000000000e+00
1.234584570312500205e+02,1.577178393466650874e+01,1.376236974268536528e-01,1.758138949976376791e-02,1.418671185834661889e-02,8.099111589850892939e-03,0.000000000000000000e+00
1.236648925781250199e+02,1.579815601901001543e+01,2.752473948537215165e-01,3.516277899952934688e-02,1.422407072806756469e-02,8.122844653771775156e-03,0.000000000000000000e+00
1.238713281250000193e+02,1.582452810335352034e+01,1.376237015244878847e-01,1.758139002323541242e-02,1.426144127011132190e-02,8.146600454238747679e-03,0.000000000000000000e+00
1.240777636718750188e+02,1.585090018769702702e+01,2.752473975854729527e-01,3.516277934850984416e-02,1.429882331520560164e-02,8.170378934827715947e-03,0.000000000000000000e+00
1.242841992187500182e+02,1.587727227204053193e+01,1.376236974268607582e-01,1.758138949976467344e-02,1.433621669407808899e-02,8.194180039114569783e-03,0.000000000000000000e+00
1.244906347656250176e+02,1.590364435638403862e+01,2.752473975854729527e-01,3.516277934850984416e-02,1.437362123745649506e-02,8.218003710675218093e-03,0.000000000000000000e+00
1.246970703125000171e+02,1.593001644072754353e+01,1.376236987927364486e-01,1.758138967425491861e-02,1.441103677606851707e-02,8.241849893085557641e-03,0.000000000000000000e+00
1.249035058593750165e+02,1.595638852507105021e+01,2.752473948537215165e-01,3.516277899952934688e-02,1.444846314064184532e-02,8.265718529921488658e-03,0.000000000000000000e+00
1.251099414062500159e+02,1.598276060941455512e+01,1.376236946951093221e-01,1.758138915078417963e-02,1.448590016190418744e-02,8.289609564758906174e-03,0.000000000000000000e+00
1.253163769531250153e+02,1.600913269375806181e+01,2.752473948537215165e-01,3.516277899952934688e-02,1.452334767058324240e-02,8.313522941173717359e-03,0.000000000000000000e+00
1.255228125000000148e+02,1.603550477810156849e+01,1.376236974268607582e-01,1.758138949976467344e-02,1.456080549740670915e-02,8.337458602741817243e-03,0.000000000000000000e+00
1.257292480468750142e+02,1.606187686244507518e+01,2.752473948537215165e-01,3.516277899952934688e-02,1.459827347310227452e-02,8.361416493039104322e-03,0.000000000000000000e+00
1.259356835937500136e+02,1.608824894678858186e+01,1.376236960609850402e-01,1.758138932527442827e-02,1.463575142839765829e-02,8.385396555641485769e-03,0.000000000000000000e+00
1.261421191406250131e+02,1.611462103113208499e+01,2.752473948537215165e-01,3.516277899952934688e-02,1.467323919402053860e-02,8.409398734124847938e-03,0.000000000000000000e+00
1.263485546875000125e+02,1.614099311547559168e+01,1.376236974268607582e-01,1.758138949976467344e-02,1.471073660069862829e-02,8.433422972065101469e-03,0.000000000000000000e+00
1.265549902343750119e+02,1.616736519981909836e+01,2.752473948537215165e-01,3.516277899952934688e-02,1.474824347915962112e-02,8.457469213038143127e-03,0.000000000000000000e+00
1.267614257812500114e+02,1.619373728416260505e+01,1.376236960609850402e-01,1.758138932527442827e-02,1.478575966013121606e-02,8.481537400619873143e-03,0.000000000000000000e+00
1.269678613281250108e+02,1.622010936850610818e+01,2.752473975854729527e-01,3.516277934850984416e-02,1.482328497434111034e-02,8.505627478386186546e-03,0.000000000000000000e+00
1.271742968750000102e+02,1.624648145284961487e+01,1.376236987927364486e-01,1.758138967425491861e-02,1.486081925251700811e-02,8.529739389912988773e-03,0.000000000000000000e+00
1.273807324218750097e+02,1.627285353719312155e+01,2.752473921219700803e-01,3.516277865054885654e-02,1.489836232538660835e-02,8.553873078776178321e-03,0.000000000000000000e+00
1.275871679687500091e+02,1.629922562153662824e+01,1.376236974268607582e-01,1.758138949976467344e-02,1.493591402367760827e-02,8.578028488551655423e-03,0.000000000000000000e+00
1.277936035156250085e+02,1.632559770588013137e+01,2.752473948537215165e-01,3.516277899952934688e-02,1.497347417811769645e-02,8.602205562815311637e-03,0.000000000000000000e+00
1.280000390625000080e+02,1.635196979022363806e+01,1.376236974268654767e-01,1.758138949976527712e-02,1.501104261943458744e-02,8.626404245143057606e-03,0.000000000000000000e+00
1.282064746093749932e+02,1.637834187456714119e+01,2.752473948537215165e-01,3.516277899952934688e-02,1.504861917835596807e-02,8.650624479110784887e-03,0.000000000000000000e+00
1.284129101562500068e+02,1.640471395891065143e+01,1.376236987927364486e-01,1.758138967425491861e-02,1.508620368560956160e-02,8.674866208294407591e-03,0.000000000000000000e+00
1.286193457031249920e+02,1.643108604325415456e+01,2.752473948537215165e-01,3.516277899952934688e-02,1.512379597192302534e-02,8.699129376269799929e-03,0.000000000000000000e+00
1.288257812500000057e+02,1.645745812759766125e+01,1.376236974268607582e-01,1.758138949976467344e-02,1.516139586802409296e-02,8.723413926612884686e-03,0.000000000000000000e+00
1.290322167968749909e+02,1.648383021194116438e+01,2.752473948537215165e-01,3.516277899952934688e-02,1.519900320464044607e-02,8.747719802899548217e-03,0.000000000000000000e+00
1.292386523437500045e+02,1.651020229628467462e+01,1.376237001586121944e-01,1.758138984874516725e-02,1.523661781249980272e-02,8.772046948705702896e-03,0.000000000000000000e+00
1.294450878906249898e+02,1.653657438062817775e+01,2.752473975854729527e-01,3.516277934850984416e-02,1.527423952232983065e-02,8.796395307607231609e-03,0.000000000000000000e+00
1.296515234375000034e+02,1.656294646497168443e+01,1.376237001586121944e-01,1.758138984874516725e-02,1.531186816485825657e-02,8.820764823180046732e-03,0.000000000000000000e+00
1.298579589843749886e+02,1.658931854931518757e+01,2.752473948537215165e-01,3.516277899952934688e-02,1.534950357081276383e-02,8.845155439000041558e-03,0.000000000000000000e+00
1.300643945312500023e+02,1.661569063365869781e+01,1.376236974268607582e-01,1.758138949976467344e-02,1.538714557092106874e-02,8.869567098643123260e-03,0.000000000000000000e+00
1.302708300781249875e+02,1.664206271800220094e+01,2.752473975854729527e-01,3.516277934850984416e-02,1.542479399591084425e-02,8.893999745685181660e-03,0.000000000000000000e+00
1.304772656250000011e+02,1.666843480234570762e+01,1.376236974268607582e-01,1.758138949976467344e-02,1.546244867650981188e-02,8.918453323702122196e-03,0.000000000000000000e+00
1.306837011718749864e+02,1.669480688668921076e+01,2.752473975854729527e-01,3.516277934850984416e-02,1.550010944344565496e-02,8.942927776269839896e-03,0.000000000000000000e+00
1.308901367187500000e+02,1.672117897103272099e+01,1.376236987927269839e-01,1.758138967425370777e-02,1.553777612744609155e-02,8.967423046964247135e-03,0.000000000000000000e+00
1.310965722656250136e+02,1.674755105537622768e+01,2.752473975854729527e-01,3.516277934850984416e-02,1.557544855923880152e-02,8.991939079361228535e-03,0.000000000000000000e+00
1.313030078124999989e+02,1.677392313971973081e+01,1.376236987927364486e-01,1.758138967425491861e-02,1.561312656955149078e-02,9.016475817036687795e-03,0.000000000000000000e+00
1.315094433593750125e+02,1.680029522406323750e+01,2.752473975854729527e-01,3.516277934850984416e-02,1.565080998911185656e-02,9.041033203566528620e-03,0.000000000000000000e+00
1.317158789062499977e+02,1.682666730840674418e+01,1.376236960609850402e-01,1.758138932527442827e-02,1.568849864864760302e-02,9.065611182526647771e-03,0.000000000000000000e+00
1.319223144531250114e+02,1.685303939275025087e+01,2.752473948537215165e-01,3.516277899952934688e-02,1.572619237888642565e-02,9.090209697492945481e-03,0.000000000000000000e+00
1.321287499999999966e+02,1.687941147709375400e+01,1.376236987927364486e-01,1.758138967425491861e-02,1.576389101055602343e-02,9.114828692041321984e-03,0.000000000000000000e+00
1.323351855468750102e+02,1.690578356143726069e+01,2.752473975854729527e-01,3.516277934850984416e-02,1.580159437438409531e-02,9.139468109747674041e-03,0.000000000000000000e+00
1.325416210937499955e+02,1.693215564578076737e+01,1.376236960609850402e-01,1.758138932527442827e-02,1.583930230109833678e-02,9.164127894187907089e-03,0.000000000000000000e+00
1.327480566406250091e+02,1.695852773012427406e+01,2.752473893902186441e-01,3.516277830156835926e-02,1.587701462142645722e-02,9.188807988937916157e-03,0.000000000000000000e+00
1.329544921874999943e+02,1.698489981446777719e+01,1.376236974268607582e-01,1.758138949976467344e-02,1.591473116609614172e-02,9.213508337573598009e-03,0.000000000000000000e+00
1.331609277343750080e+02,1.701127189881128388e+01,2.752473975854729527e-01,3.516277934850984416e-02,1.595245176583509963e-02,9.238228883670861549e-03,0.000000000000000000e+00
1.333673632812499932e+02,1.703764398315479056e+01,1.376236987927364486e-01,1.758138967425491861e-02,1.599017625137102647e-02,9.262969570805600072e-03,0.000000000000000000e+00
1.335737988281250068e+02,1.706401606749829725e+01,2.752473975854729527e-01,3.516277934850984416e-02,1.602790445343161771e-02,9.287730342553712076e-03,0.000000000000000000e+00
1.337802343749999920e+02,1.709038815184180038e+01,1.376236974268607582e-01,1.758138949976467344e-02,1.606563620274457579e-02,9.312511142491097793e-03,0.000000000000000000e+00
1.339866699218750057e+02,1.711676023618530706e+01,2.752473975854729527e-01,3.516277934850984416e-02,1.610337133003760662e-02,9.337311914193662660e-03,0.000000000000000000e+00
1.341931054687499909e+02,1.714313232052881375e+01,1.376237001586121944e-01,1.758138984874516725e-02,1.614110966603839875e-02,9.362132601237301704e-03,0.000000000000000000e+00
1.343995410156250045e+02,1.716950440487232044e+01,2.752473893902186441e-01,3.516277830156835926e-02,1.617885104147465461e-02,9.386973147197915160e-03,0.000000000000000000e+00
1.346059765624999898e+02,1.719587648921582357e+01,1.376236960609850402e-01,1.758138932527442827e-02,1.621659528707406622e-02,9.411833495651398054e-03,0.000000000000000000e+00
1.348124121093750034e+02,1.722224857355933025e+01,2.752473948537215165e-01,3.516277899952934688e-02,1.625434223356434990e-02,9.436713590173661029e-03,0.000000000000000000e+00
1.350188476562499886e+02,1.724862065790283694e+01,1.376236987927364486e-01,1.758138967425491861e-02,1.629209171167318726e-02,9.461613374340593907e-03,0.000000000000000000e+00
1.352252832031250023e+02,1.727499274224634362e+01,2.752473948537215165e-01,3.516277899952934688e-02,1.632984355212828767e-02,9.486532791728100392e-03,0.000000000000000000e+00
1.354317187499999875e+02,1.730136482658984676e+01,1.376236960609850402e-01,1.758138932527442827e-02,1.636759758565733969e-02,9.511471785912075511e-03,0.000000000000000000e+00
1.356381542968750011e+02,1.732773691093335344e+01,2.752473975854729527e-01,3.516277934850984416e-02,1.640535364298805615e-02,9.536430300468426435e-03,0.000000000000000000e+00
1.358445898437499864e+02,1.735410899527686013e+01,1.376236987927317301e-01,1.758138967425431493e-02,1.644311155484812909e-02,9.561408278973051664e-03,0.000000000000000000e+00
1.360510253906250000e+02,1.738048107962036681e+01,2.752473921219321662e-01,3.516277865054401319e-02,1.648087115196525398e-02,9.586405665001844489e-03,0.000000000000000000e+00
1.362574609375000136e+02,1.740685316396387350e+01,1.376236974268560120e-01,1.758138949976406629e-02,1.651863226506713675e-02,9.611422402130708614e-03,0.000000000000000000e+00
1.364638964843749989e+02,1.743322524830737663e+01,2.752473975854729527e-01,3.516277934850984416e-02,1.655639472488146247e-02,9.636458433935544271e-03,0.000000000000000000e+00
1.366703320312500125e+02,1.745959733265088687e+01,1.376237001586121944e-01,1.758138984874516725e-02,1.659415836213595091e-02,9.661513703992253427e-03,0.000000000000000000e+00
1.368767675781249977e+02,1.748596941699439000e+01,2.752473921219700803e-01,3.516277865054885654e-02,1.663192300755828718e-02,9.686588155876725906e-03,0.000000000000000000e+00
1.370832031250000114e+02,1.751234150133789669e+01,1.376236987927364486e-01,1.758138967425491861e-02,1.666968849187617022e-02,9.711681733164874084e-03,0.000000000000000000e+00
1.372896386718749966e+02,1.753871358568139982e+01,2.752473975854729527e-01,3.516277934850984416e-02,1.670745464581730247e-02,9.736794379432586050e-03,0.000000000000000000e+00
1.374960742187500102e+02,1.756508567002491006e+01,1.376236960609850402e-01,1.758138932527442827e-02,1.674522130010938636e-02,9.761926038255774180e-03,0.000000000000000000e+00
1.377025097656249955e+02,1.759145775436841319e+01,2.752473921219700803e-01,3.516277865054885654e-02,1.678298828548011046e-02,9.787076653210323093e-03,0.000000000000000000e+00
1.379089453125000091e+02,1.761782983871191988e+01,1.376236960609850402e-01,1.758138932527442827e-02,1.682075543265718759e-02,9.812246167872146901e-03,0.000000000000000000e+00
1.381153808593749943e+02,1.764420192305542301e+01,2.752473975854729527e-01,3.516277934850984416e-02,1.685852257236829937e-02,9.837434525817131958e-03,0.000000000000000000e+00
1.383218164062500080e+02,1.767057400739893325e+01,1.376237001586121944e-01,1.758138984874516725e-02,1.689628953534116212e-02,9.862641670621192375e-03,0.000000000000000000e+00
1.385282519531249932e+02,1.769694609174243638e+01,2.752473921219700803e-01,3.516277865054885654e-02,1.693405615230346786e-02,9.887867545860214505e-03,0.000000000000000000e+00
1.387346875000000068e+02,1.772331817608594307e+01,1.376236987927364486e-01,1.758138967425491861e-02,1.697182225398291208e-02,9.913112095110103786e-03,0.000000000000000000e+00
1.389411230468749920e+02,1.774969026042944620e+01,2.752473975854729527e-01,3.516277934850984416e-02,1.700958767110719375e-02,9.938375261946758715e-03,0.000000000000000000e+00
1.391475585937500057e+02,1.777606234477295644e+01,1.376236987927364486e-01,1.758138967425491861e-02,1.704735223440402569e-02,9.963656989946088199e-03,0.000000000000000000e+00
1.393539941406249909e+02,1.780243442911645957e+01,2.752473975854729527e-01,3.516277934850984416e-02,1.708511577460108261e-02,9.988957222683971654e-03,0.000000000000000000e+00
1.395604296875000045e+02,1.782880651345996625e+01,1.376236987927364486e-01,1.758138967425491861e-02,1.712287812242608426e-02,1.001427590373632839e-02,0.000000000000000000e+00
1.397668652343749898e+02,1.785517859780346939e+01,2.752473975854729527e-01,3.516277934850984416e-02,1.716063910860671574e-02,1.003961297667904477e-02,0.000000000000000000e+00
1.399733007812500034e+02,1.788155068214697607e+01,1.376236960609850402e-01,1.758138932527442827e-02,1.719839856387068641e-02,1.006496838508803143e-02,0.000000000000000000e+00
1.401797363281249886e+02,1.790792276649048276e+01,2.752473975854729527e-01,3.516277934850984416e-02,1.723615631894569178e-02,1.009034207253917993e-02,0.000000000000000000e+00
1.403861718750000023e+02,1.793429485083398944e+01,1.376236960609850402e-01,1.758138932527442827e-02,1.727391220455943080e-02,1.011573398260839224e-02,0.000000000000000000e+00
1.405926074218749875e+02,1.796066693517749258e+01,2.752473893902186441e-01,3.516277830156835926e-02,1.731166605143959897e-02,1.014114405887156685e-02,0.000000000000000000e+00
1.407990429687500011e+02,1.798703901952099926e+01,1.376236960609755755e-01,1.758138932527321743e-02,1.734941769031389525e-02,1.016657224490460747e-02,0.000000000000000000e+00
1.410054785156250148e+02,1.801341110386450950e+01,2.752473921219700803e-01,3.516277865054885654e-02,1.738716695191003248e-02,1.019201848428341085e-02,0.000000000000000000e+00
1.412119140625000000e+02,1.803978318820801263e+01,1.376236960609850402e-01,1.758138932527442827e-02,1.742491366695568533e-02,1.021748272058387551e-02,0.000000000000000000e+00
1.414183496093750136e+02,1.806615527255151932e+01,2.752473975854729527e-01,3.516277934850984416e-02,1.746265766617857360e-02,1.024296489738190340e-02,0.000000000000000000e+00
1.416247851562499989e+02,1.809252735689502245e+01,1.376236960609850402e-01,1.758138932527442827e-02,1.750039878030637541e-02,1.026846495825338955e-02,0.000000000000000000e+00
1.418312207031250125e+02,1.811889944123853269e+01,2.752473975854729527e-01,3.516277934850984416e-02,1.753813684006682791e-02,1.029398284677424460e-02,0.000000000000000000e+00
1.420376562499999977e+02,1.814527152558203582e+01,1.376236960609850402e-01,1.758138932527442827e-02,1.757587167618758148e-02,1.031951850652035492e-02,0.000000000000000000e+00
1.422440917968750114e+02,1.817164360992554251e+01,2.752473975854729527e-01,3.516277934850984416e-02,1.761360311939636630e-02,1.034507188106762593e-02,0.000000000000000000e+00
1.424505273437499966e+02,1.819801569426904564e+01,1.376236946951093221e-01,1.758138915078417963e-02,1.765133100042087094e-02,1.037064291399195960e-02,0.000000000000000000e+00
1.426569628906250102e+02,1.822438777861255588e+01,2.752473975854729527e-01,3.516277934850984416e-02,1.768905514998880824e-02,1.039623154886925617e-02,0.000000000000000000e+00
1.428633984374999955e+02,1.825075986295605901e+01,1.376236960609850402e-01,1.758138932527442827e-02,1.772677539882784939e-02,1.042183772927540546e-02,0.000000000000000000e+00
1.430698339843750091e+02,1.827713194729956570e+01,2.752473921219700803e-01,3.516277865054885654e-02,1.776449157766571765e-02,1.044746139878631810e-02,0.000000000000000000e+00
1.432762695312499943e+02,1.830350403164306883e+01,1.376236974268607582e-01,1.758138949976467344e-02,1.780220351723009811e-02,1.047310250097788914e-02,0.000000000000000000e+00
1.434827050781250080e+02,1.832987611598657907e+01,2.752473921219700803e-01,3.516277865054885654e-02,1.783991104824870708e-02,1.049876097942602400e-02,0.000000000000000000e+00
1.436891406249999932e+02,1.835624820033008220e+01,1.376236987927364486e-01,1.758138967425491861e-02,1.787761400144922269e-02,1.052443677770660731e-02,0.000000000000000000e+00
1.438955761718750068e+02,1.838262028467358888e+01,2.752473975854729527e-01,3.516277934850984416e-02,1.791531220755935780e-02,1.055012983939555837e-02,0.000000000000000000e+00
1.441020117187499920e+02,1.840899236901709202e+01,1.376236987927364486e-01,1.758138967425491861e-02,1.795300549730679748e-02,1.057584010806875835e-02,0.000000000000000000e+00
1.443084472656250057e+02,1.843536445336060225e+01,2.752473893902186441e-01,3.516277830156835926e-02,1.799069370141926499e-02,1.060156752730212482e-02,0.000000000000000000e+00
1.445148828124999909e+02,1.846173653770410539e+01,1.376236987927364486e-01,1.758138967425491861e-02,1.802837665062442807e-02,1.062731204067153892e-02,0.000000000000000000e+00
1.447213183593750045e+02,1.848810862204761207e+01,2.752473975854729527e-01,3.516277934850984416e-02,1.806605417565000649e-02,1.065307359175291478e-02,0.000000000000000000e+00
1.449277539062499898e+02,1.851448070639111521e+01,1.376236987927364763e-01,1.758138967425492208e-02,1.810372610722369921e-02,1.067885212412214395e-02,0.000000000000000000e+00
1.451341894531250034e+02,1.854085279073462544e+01,2.752473921219700803e-01,3.516277865054885654e-02,1.814139227607319826e-02,1.070464758135513533e-02,0.000000000000000000e+00
1.453406249999999886e+02,1.856722487507812858e+01,1.376236987927364486e-01,1.758138967425491861e-02,1.817905251292620261e-02,1.073045990702777529e-02,0.000000000000000000e+00
1.455470605468750023e+02,1.859359695942163526e+01,2.752473975854729527e-01,3.516277934850984416e-02,1.821670664851041468e-02,1.075628904471597445e-02,0.000000000000000000e+00
1.457534960937499875e+02,1.861996904376513839e+01,1.376236974268560120e-01,1.758138949976406629e-02,1.825435451355353345e-02,1.078213493799562439e-02,0.000000000000000000e+00
1.459599316406250011e+02,1.864634112810864863e+01,2.752473921219321662e-01,3.516277865054401319e-02,1.829199593878326133e-02,1.080799753044263574e-02,0.000000000000000000e+00
1.461663671875000148e+02,1.867271321245215532e+01,1.376236987927317301e-01,1.758138967425431493e-02,1.832963075492728341e-02,1.083387676563289832e-02,0.000000000000000000e+00
1.463728027343750000e+02,1.869908529679565845e+01,2.752473975854729527e-01,3.516277934850984416e-02,1.836725879271330908e-02,1.085977258714231064e-02,0.000000000000000000e+00
1.465792382812500136e+02,1.872545738113916514e+01,1.376236987927364486e-01,1.758138967425491861e-02,1.840487988286903728e-02,1.088568493854677986e-02,0.000000000000000000e+00
1.467856738281249989e+02,1.875182946548267182e+01,2.752474003172243333e-01,3.516277969749032756e-02,1.844249385612216699e-02,1.091161376342220275e-02,0.000000000000000000e+00
1.469921093750000125e+02,1.877820154982617851e+01,1.376236946951093221e-01,1.758138915078417963e-02,1.848010054320039716e-02,1.093755900534447781e-02,0.000000000000000000e+00
1.471985449218749977e+02,1.880457363416968164e+01,2.752473948537215165e-01,3.516277899952934688e-02,1.851769977483141635e-02,1.096352060788950353e-02,0.000000000000000000e+00
1.474049804687500114e+02,1.883094571851318833e+01,1.376236974268607582e-01,1.758138949976467344e-02,1.855529138174294088e-02,1.098949851463318188e-02,0.000000000000000000e+00
1.476114160156249966e+02,1.885731780285669501e+01,2.752474003172243333e-01,3.516277969749032756e-02,1.859287519466265928e-02,1.101549266915141309e-02,0.000000000000000000e+00
1.478178515625000102e+02,1.888368988720020170e+01,1.376237001586121944e-01,1.758138984874516725e-02,1.863045104431827054e-02,1.104150301502009567e-02,0.000000000000000000e+00
1.480242871093749955e+02,1.891006197154370483e+01,2.752474003172243333e-01,3.516277969749032756e-02,1.866801876143747360e-02,1.106752949581512463e-02,0.000000000000000000e+00
1.482307226562500091e+02,1.893643405588721151e+01,1.376236974268607582e-01,1.758138949976467344e-02,1.870557817674796744e-02,1.109357205511240715e-02,0.000000000000000000e+00
1.484371582031249943e+02,1.896280614023071820e+01,2.752473948537215165e-01,3.516277899952934688e-02,1.874312912097746142e-02,1.111963063648784347e-02,0.000000000000000000e+00
1.486435937500000080e+02,1.898917822457422488e+01,1.376236974268607582e-01,1.758138949976467344e-02,1.878067142485364063e-02,1.114570518351732514e-02,0.000000000000000000e+00
1.488500292968749932e+02,1.901555030891772802e+01,2.752474003172243333e-01,3.516277969749032756e-02,1.881820491910420751e-02,1.117179563977675587e-02,0.000000000000000000e+00
1.490564648437500068e+02,1.904192239326123470e+01,1.376236946951093221e-01,1.758138915078417963e-02,1.885572943445686447e-02,1.119790194884203935e-02,0.000000000000000000e+00
1.492629003906249920e+02,1.906829447760474139e+01,2.752474003172243333e-01,3.516277969749032756e-02,1.889324480163931050e-02,1.122402405428907061e-02,0.000000000000000000e+00
1.494693359375000057e+02,1.909466656194824807e+01,1.376237001586121944e-01,1.758138984874516725e-02,1.893075085137924107e-02,1.125016189969375163e-02,0.000000000000000000e+00
1.496757714843749909e+02,1.912103864629175121e+01,2.752474003172243333e-01,3.516277969749032756e-02,1.896824741440435516e-02,1.127631542863197570e-02,0.000000000000000000e+00
1.498822070312500045e+02,1.914741073063525789e+01,1.376236974268607582e-01,1.758138949976467344e-02,1.900573432144235173e-02,1.130248458467964998e-02,0.000000000000000000e+00
1.500886425781249898e+02,1.917378281497876458e+01,2.752474003172243333e-01,3.516277969749032756e-02,1.904321140322094014e-02,1.132866931141267471e-02,0.000000000000000000e+00
1.502950781250000034e+02,1.920015489932227126e+01,1.376236974268607582e-01,1.758138949976467344e-02,1.908067849046779854e-02,1.135486955240694318e-02,0.000000000000000000e+00
1.505015136718749886e+02,1.922652698366577440e+01,2.752473893902186441e-01,3.516277830156835926e-02,1.911813541391064325e-02,1.138108525123835563e-02,0.000000000000000000e+00
1.507079492187500023e+02,1.925289906800928108e+01,1.376237001586121944e-01,1.758138984874516725e-02,1.915558200427716976e-02,1.140731635148282269e-02,0.000000000000000000e+00
1.509143847656249875e+02,1.927927115235278777e+01,2.752473948537215165e-01,3.516277899952934688e-02,1.919301809229507008e-02,1.143356279671622899e-02,0.000000000000000000e+00
1.511208203125000011e+02,1.930564323669629445e+01,1.376236974268512658e-01,1.758138949976346260e-02,1.923044350869205360e-02,1.145982453051448517e-02,0.000000000000000000e+00
1.513272558593750148e+02,1.933201532103980114e+01,2.752473893902186441e-01,3.516277830156835926e-02,1.926785808419581233e-02,1.148610149645348279e-02,0.000000000000000000e+00
1.515336914062500000e+02,1.935838740538330427e+01,1.376237028903636306e-01,1.758139019772566453e-02,1.930526164953404178e-02,1.151239363810912728e-02,0.000000000000000000e+00
1.517401269531250136e+02,1.938475948972681451e+01,2.752473893902186441e-01,3.516277830156835926e-02,1.934265403543445477e-02,1.153870089905731713e-02,0.000000000000000000e+00
1.519465624999999989e+02,1.941113157407031764e+01,1.376236974268607582e-01,1.758138949976467344e-02,1.938003507262473293e-02,1.156502322287394739e-02,0.000000000000000000e+00
1.521529980468750125e+02,1.943750365841382433e+01,2.752473948537215165e-01,3.516277899952934688e-02,1.941740459183258563e-02,1.159136055313492522e-02,0.000000000000000000e+00
1.523594335937499977e+02,1.946387574275732746e+01,1.376236974268607582e-01,1.758138949976467344e-02,1.945476242378570836e-02,1.161771283341614565e-02,0.000000000000000000e+00
1.525658691406250114e+02,1.949024782710083770e+01,2.752473893902186441e-01,3.516277830156835926e-02,1.949210839921181049e-02,1.164408000729351238e-02,0.000000000000000000e+00
1.527723046874999966e+02,1.951661991144434083e+01,1.376236946951093221e-01,1.758138915078417963e-02,1.952944234883856670e-02,1.167046201834291523e-02,0.000000000000000000e+00
1.529787402343750102e+02,1.954299199578784751e+01,2.752473948537215165e-01,3.516277899952934688e-02,1.956676410339370023e-02,1.169685881014026312e-02,0.000000000000000000e+00
1.531851757812499955e+02,1.956936408013135065e+01,1.376237001586121944e-01,1.758138984874516725e-02,1.960407349360489618e-02,1.172327032626145106e-02,0.000000000000000000e+00
1.533916113281250091e+02,1.959573616447486089e+01,2.752473893902186441e-01,3.516277830156835926e-02,1.964137035019986738e-02,1.174969651028238971e-02,0.000000000000000000e+00
1.535980468749999943e+02,1.962210824881836402e+01,1.376237028903636306e-01,1.758139019772566453e-02,1.967865450390628851e-02,1.177613730577895847e-02,0.000000000000000000e+00
1.538044824218750080e+02,1.964848033316187070e+01,2.752473948537215165e-01,3.516277899952934688e-02,1.971592578545188629e-02,1.180259265632707492e-02,0.000000000000000000e+00
1.540109179687499932e+02,1.967485241750537384e+01,1.376237028903636306e-01,1.758139019772566453e-02,1.975318402556434233e-02,1.182906250550263064e-02,0.000000000000000000e+00
1.542173535156250068e+02,1.970122450184888407e+01,2.752474003172243333e-01,3.516277969749032756e-02,1.979042905497136601e-02,1.185554679688152931e-02,0.000000000000000000e+00
1.544237890624999920e+02,1.972759658619238721e+01,1.376237001586121944e-01,1.758138984874516725e-02,1.982766070440063894e-02,1.188204547403966249e-02,0.000000000000000000e+00
1.546302246093750057e+02,1.975396867053589389e+01,2.752474003172243333e-01,3.516277969749032756e-02,1.986487880457988089e-02,1.190855848055293736e-02,0.000000000000000000e+00
1.548366601562499909e+02,1.978034075487939702e+01,1.376236974268607582e-01,1.758138949976467344e-02,1.990208318623677350e-02,1.193508575999725069e-02,0.000000000000000000e+00
1.550430957031250045e+02,1.980671283922290726e+01,2.752473893902186441e-01,3.516277830156835926e-02,1.993927368009903306e-02,1.196162725594850790e-02,0.000000000000000000e+00
1.552495312499999898e+02,1.983308492356641040e+01,1.376236974268607582e-01,1.758138949976467344e-02,1.997645011689434466e-02,1.198818291198259882e-02,0.000000000000000000e+00
1.554559667968750034e+02,1.985945700790991708e+01,2.752473948537215165e-01,3.516277899952934688e-02,2.001361232735041074e-02,1.201475267167542715e-02,0.000000000000000000e+00
1.556624023437499886e+02,1.988582909225342021e+01,1.376236946951045759e-01,1.758138915078357248e-02,2.005076014219492331e-02,1.204133647860289313e-02,0.000000000000000000e+00
1.558688378906250023e+02,1.991220117659693045e+01,2.752474003171864192e-01,3.516277969748548421e-02,2.008789339215560910e-02,1.206793427634090393e-02,0.000000000000000000e+00
1.560752734375000159e+02,1.993857326094043714e+01,1.376236946951045759e-01,1.758138915078357248e-02,2.012501190796012890e-02,1.209454600846534590e-02,0.000000000000000000e+00
1.562817089843750011e+02,1.996494534528394027e+01,2.752473948537215165e-01,3.516277899952934688e-02,2.016211552033620596e-02,1.212117161855212448e-02,0.000000000000000000e+00
1.564881445312500148e+02,1.999131742962744696e+01,1.376236974268607582e-01,1.758138949976467344e-02,2.019920406001153232e-02,1.214781105017714163e-02,0.000000000000000000e+00
1.566945800781250000e+02,2.001768951397095364e+01,2.752473893902186441e-01,3.516277830156835926e-02,2.023627735771381039e-02,1.217446424691629413e-02,0.000000000000000000e+00
1.569010156250000136e+02,2.004406159831446033e+01,1.376237001586121944e-01,1.758138984874516725e-02,2.027333524417073915e-02,1.220113115234548566e-02,0.000000000000000000e+00
1.571074511718749989e+02,2.007043368265796346e+01,2.752474003172243333e-01,3.516277969749032756e-02,2.031037755011000714e-02,1.222781171004060606e-02,0.000000000000000000e+00
1.573138867187500125e+02,2.009680576700147014e+01,1.376237028903636028e-01,1.758139019772566106e-02,2.034740410625932375e-02,1.225450586357756423e-02,0.000000000000000000e+00
1.575203222656249977e+02,2.012317785134497683e+01,2.752473948537215165e-01,3.516277899952934688e-02,2.038441474334638445e-02,1.228121355653225694e-02,0.000000000000000000e+00
1.577267578125000114e+02,2.014954993568848352e+01,1.376236892316064497e-01,1.758138845282318855e-02,2.042140929209888475e-02,1.230793473248058441e-02,0.000000000000000000e+00
1.579331933593749966e+02,2.017592202003198665e+01,2.752474003172243333e-01,3.516277969749032756e-02,2.045838758324453402e-02,1.233466933499844514e-02,0.000000000000000000e+00
1.581396289062500102e+02,2.020229410437549333e+01,1.376236974268607582e-01,1.758138949976467344e-02,2.049534944751102775e-02,1.236141730766174111e-02,0.000000000000000000e+00
1.583460644531249955e+02,2.022866618871900002e+01,2.752473948537215165e-01,3.516277899952934688e-02,2.053229471562605102e-02,1.238817859404636734e-02,0.000000000000000000e+00
1.585525000000000091e+02,2.025503827306250670e+01,1.376236974268607582e-01,1.758138949976467344e-02,2.056922321831732708e-02,1.241495313772823274e-02,0.000000000000000000e+00
1.587589355468749943e+02,2.028141035740600984e+01,2.752474003172243333e-01,3.516277969749032756e-02,2.060613478631253062e-02,1.244174088228322018e-02,0.000000000000000000e+00
1.589653710937500080e+02,2.030778244174951652e+01,1.376236974268607582e-01,1.758138949976467344e-02,2.064302925033937100e-02,1.246854177128724553e-02,0.000000000000000000e+00
1.591718066406249932e+02,2.033415452609302321e+01,2.752473948537215165e-01,3.516277899952934688e-02,2.067990644112555412e-02,1.249535574831620553e-02,0.000000000000000000e+00
1.593782421875000068e+02,2.036052661043652989e+01,1.376236974268607582e-01,1.758138949976467344e-02,2.071676618939877548e-02,1.252218275694599696e-02,0.000000000000000000e+00
1.595846777343749920e+02,2.038689869478003303e+01,2.752474003172243333e-01,3.516277969749032756e-02,2.075360832588672017e-02,1.254902274075251137e-02,0.000000000000000000e+00
1.597911132812500057e+02,2.041327077912353971e+01,1.376236946951093221e-01,1.758138915078417963e-02,2.079043268131710101e-02,1.257587564331166460e-02,0.000000000000000000e+00
1.599975488281249909e+02,2.043964286346704640e+01,2.752473948537215165e-01,3.516277899952934688e-02,2.082723908641762045e-02,1.260274140819934649e-02,0.000000000000000000e+00
1.602039843750000045e+02,2.046601494781055308e+01,1.376237028903636306e-01,1.758139019772566453e-02,2.086402737191596704e-02,1.262961997899145900e-02,0.000000000000000000e+00
1.604104199218749898e+02,2.049238703215405621e+01,2.752474003172243333e-01,3.516277969749032756e-02,2.090079736853983974e-02,1.265651129926389715e-02,0.000000000000000000e+00
1.606168554687500034e+02,2.051875911649756290e+01,1.376237056221150390e-01,1.758139054670615486e-02,2.093754890701694446e-02,1.268341531259256638e-02,0.000000000000000000e+00
1.608232910156249886e+02,2.054513120084106959e+01,2.752473948537215165e-01,3.516277899952934688e-02,2.097428181807498015e-02,1.271033196255336867e-02,0.000000000000000000e+00
1.610297265625000023e+02,2.057150328518457627e+01,1.376236919633484213e-01,1.758138880180247499e-02,2.101099593244164232e-02,1.273726119272219556e-02,0.000000000000000000e+00
1.612361621093750159e+02,2.059787536952808296e+01,2.752474003172243333e-01,3.516277969749032756e-02,2.104769108084463339e-02,1.276420294667495424e-02,0.000000000000000000e+00
1.614425976562500011e+02,2.062424745387158609e+01,1.376236946951093221e-01,1.758138915078417963e-02,2.108436709401163844e-02,1.279115716798753626e-02,0.000000000000000000e+00
1.616490332031250148e+02,2.065061953821509633e+01,2.752473948537215165e-01,3.516277899952934688e-02,2.112102380267037727e-02,1.281812380023585052e-02,0.000000000000000000e+00
1.618554687500000000e+02,2.067699162255859946e+01,1.376236974268607582e-01,1.758138949976467344e-02,2.115766103754852800e-02,1.284510278699578685e-02,0.000000000000000000e+00
1.620619042968750136e+02,2.070336370690210614e+01,2.752474003172243333e-01,3.516277969749032756e-02,2.119427862937380697e-02,1.287209407184325589e-02,0.000000000000000000e+00
1.622683398437499989e+02,2.072973579124560928e+01,1.376237001586121944e-01,1.758138984874516725e-02,2.123087640887389924e-02,1.289909759835414574e-02,0.000000000000000000e+00
1.624747753906250125e+02,2.075610787558911952e+01,2.752473948537215165e-01,3.516277899952934688e-02,2.126745420677652113e-02,1.292611331010436876e-02,0.000000000000000000e+00
1.626812109374999977e+02,2.078247995993262265e+01,1.376237028903636306e-01,1.758139019772566453e-02,2.130401185380935078e-02,1.295314115066980784e-02,0.000000000000000000e+00
1.628876464843750114e+02,2.080885204427612933e+01,2.752474003172243333e-01,3.516277969749032756e-02,2.134054918070010798e-02,1.298018106362637883e-02,0.000000000000000000e+00
1.630940820312499966e+02,2.083522412861963247e+01,1.376236974268607582e-01,1.758138949976467344e-02,2.137706601817647087e-02,1.300723299254996981e-02,0.000000000000000000e+00
1.633005175781250102e+02,2.086159621296314270e+01,2.752474057807272056e-01,3.516278039545132211e-02,2.141356219696615923e-02,1.303429688101649490e-02,0.000000000000000000e+00
1.635069531249999955e+02,2.088796829730664584e+01,1.376236974268607582e-01,1.758138949976467344e-02,2.145003754779685468e-02,1.306137267260183872e-02,0.000000000000000000e+00
1.637133886718750091e+02,2.091434038165015252e+01,2.752473839267157718e-01,3.516277760360737165e-02,2.148649190139625964e-02,1.308846031088190497e-02,0.000000000000000000e+00
1.639198242187499943e+02,2.094071246599365566e+01,1.376236946951093221e-01,1.758138915078417963e-02,2.152292508849208350e-02,1.311555973943259561e-02,0.000000000000000000e+00
1.641262597656250080e+02,2.096708455033716589e+01,2.752473893902186441e-01,3.516277830156835926e-02,2.155933693981202173e-02,1.314267090182981608e-02,0.000000000000000000e+00
1.643326953124999932e+02,2.099345663468066903e+01,1.376237028903636306e-01,1.758139019772566453e-02,2.159572728608375944e-02,1.316979374164945274e-02,0.000000000000000000e+00
1.645391308593750068e+02,2.101982871902417571e+01,2.752474003172243333e-01,3.516277969749032756e-02,2.163209595803501292e-02,1.319692820246741102e-02,0.000000000000000000e+00
1.647455664062499920e+02,2.104620080336767884e+01,1.376237028903636028e-01,1.758139019772566106e-02,2.166844278639346033e-02,1.322407422785959116e-02,0.000000000000000000e+00
1.649520019531250057e+02,2.107257288771118908e+01,2.752473948537215165e-01,3.516277899952934688e-02,2.170476760188683532e-02,1.325123176140190207e-02,0.000000000000000000e+00
1.651584374999999909e+02,2.109894497205469222e+01,1.376236892316064497e-01,1.758138845282318855e-02,2.174107023524280216e-02,1.327840074667022488e-02,0.000000000000000000e+00
1.653648730468750045e+02,2.112531705639819890e+01,2.752474003172243333e-01,3.516277969749032756e-02,2.177735051718907716e-02,1.330558112724047372e-02,0.000000000000000000e+00
1.655713085937499898e+02,2.115168914074170203e+01,1.376237028903636028e-01,1.758139019772566106e-02,2.181360827845335582e-02,1.333277284668854187e-02,0.000000000000000000e+00
1.657777441406250034e+02,2.117806122508520872e+01,2.752474057807272056e-01,3.516278039545132211e-02,2.184984334976333709e-02,1.335997584859032958e-02,0.000000000000000000e+00
1.659841796874999886e+02,2.120443330942871540e+01,1.376237001586074482e-01,1.758138984874456356e-02,2.188605556184671647e-02,1.338719007652173880e-02,0.000000000000000000e+00
1.661906152343750023e+02,2.123080539377222209e+01,2.752473784631750409e-01,3.516277690564154068e-02,2.192224474543120333e-02,1.341441547405867150e-02,0.000000000000000000e+00
1.663970507812500159e+02,2.125717747811572877e+01,1.376237001586074205e-01,1.758138984874456009e-02,2.195841073124448622e-02,1.344165198477701925e-02,0.000000000000000000e+00
1.666034863281250011e+02,2.128354956245923191e+01,2.752473893902186441e-01,3.516277830156835926e-02,2.199455335001425718e-02,1.346889955225268401e-02,0.000000000000000000e+00
1.668099218750000148e+02,2.130992164680274215e+01,1.376236974268607582e-01,1.758138949976467344e-02,2.203067243246824639e-02,1.349615812006157815e-02,0.000000000000000000e+00
1.670163574218750000e+02,2.133629373114624528e+01,2.752474003172243333e-01,3.516277969749032756e-02,2.206676780933410770e-02,1.352342763177957763e-02,0.000000000000000000e+00
1.672227929687500136e+02,2.136266581548975196e+01,1.376237028903636028e-01,1.758139019772566106e-02,2.210283931133958171e-02,1.355070803098260175e-02,0.000000000000000000e+00
1.674292285156249989e+02,2.138903789983325510e+01,2.752473948537215165e-01,3.516277899952934688e-02,2.213888676921233617e-02,1.357799926124653861e-02,0.000000000000000000e+00
1.676356640625000125e+02,2.141540998417676533e+01,1.376237028903636306e-01,1.758139019772566453e-02,2.217491001368009779e-02,1.360530126614730231e-02,0.000000000000000000e+00
1.678420996093749977e+02,2.144178206852026847e+01,2.752473893902186441e-01,3.516277830156835926e-02,2.221090887547054124e-02,1.363261398926077402e-02,0.000000000000000000e+00
1.680485351562500114e+02,2.146815415286377515e+01,1.376236974268607582e-01,1.758138949976467344e-02,2.224688318531137590e-02,1.365993737416286782e-02,0.000000000000000000e+00
1.682549707031249966e+02,2.149452623720727829e+01,2.752473948537215165e-01,3.516277899952934688e-02,2.228283277393030073e-02,1.368727136442947356e-02,0.000000000000000000e+00
1.684614062500000102e+02,2.152089832155078852e+01,1.376237056221150390e-01,1.758139054670615486e-02,2.231875747205502164e-02,1.371461590363650014e-02,0.000000000000000000e+00
1.686678417968749955e+02,2.154727040589429166e+01,2.752474003172243333e-01,3.516277969749032756e-02,2.235465711041321676e-02,1.374197093535983738e-02,0.000000000000000000e+00
1.688742773437500091e+02,2.157364249023779834e+01,1.376236946951093221e-01,1.758138915078417963e-02,2.239053151973260936e-02,1.376933640317539419e-02,0.000000000000000000e+00
1.690807128906249943e+02,2.160001457458130147e+01,2.752473948537215165e-01,3.516277899952934688e-02,2.242638053074087062e-02,1.379671225065905865e-02,0.000000000000000000e+00
1.692871484375000080e+02,2.162638665892481171e+01,1.376237028903636306e-01,1.758139019772566453e-02,2.246220397416573769e-02,1.382409842138674835e-02,0.000000000000000000e+00
1.694935839843749932e+02,2.165275874326831484e+01,2.752474003172243333e-01,3.516277969749032756e-02,2.249800168073487483e-02,1.385149485893434271e-02,0.000000000000000000e+00
1.697000195312500068e+02,2.167913082761182153e+01,1.376236946951093221e-01,1.758138915078417963e-02,2.253377348117600529e-02,1.387890150687775756e-02,0.000000000000000000e+00
1.699064550781249920e+02,2.170550291195532466e+01,2.752474112442300780e-01,3.516278109341230973e-02,2.256951920621680374e-02,1.390631830879288100e-02,0.000000000000000000e+00
1.701128906250000057e+02,2.173187499629883490e+01,1.376236919633578859e-01,1.758138880180368582e-02,2.260523868658498650e-02,1.393374520825562020e-02,0.000000000000000000e+00
1.703193261718749909e+02,2.175824708064233803e+01,2.752473893902186441e-01,3.516277830156835926e-02,2.264093175300825253e-02,1.396118214884187192e-02,0.000000000000000000e+00
1.705257617187500045e+02,2.178461916498584472e+01,1.376236946951093221e-01,1.758138915078417963e-02,2.267659823621428691e-02,1.398862907412753119e-02,0.000000000000000000e+00
1.707321972656249898e+02,2.181099124932934785e+01,2.752473948537215165e-01,3.516277899952934688e-02,2.271223796693080596e-02,1.401608592768850692e-02,0.000000000000000000e+00
1.709386328125000034e+02,2.183736333367285809e+01,1.376236974268512658e-01,1.758138949976346260e-02,2.274785077588550516e-02,1.404355265310070107e-02,0.000000000000000000e+00
1.711450683593750171e+02,2.186373541801636478e+01,2.752474003172243333e-01,3.516277969749032756e-02,2.278343649380606961e-02,1.407102919393999479e-02,0.000000000000000000e+00
1.713515039062500023e+02,2.189010750235986791e+01,1.376237028903636028e-01,1.758139019772566106e-02,2.281899495142021214e-02,1.409851549378230394e-02,0.000000000000000000e+00
1.715579394531250159e+02,2.191647958670337459e+01,2.752473948537215165e-01,3.516277899952934688e-02,2.285452597945562131e-02,1.412601149620352700e-02,0.000000000000000000e+00
1.717643750000000011e+02,2.194285167104688128e+01,1.376236974268607582e-01,1.758138949976467344e-02,2.289002940864000996e-02,1.415351714477955380e-02,0.000000000000000000e+00
1.719708105468750148e+02,2.196922375539038796e+01,2.752474003172243333e-01,3.516277969749032756e-02,2.292550506970106317e-02,1.418103238308629499e-02,0.000000000000000000e+00
1.721772460937500000e+02,2.199559583973389110e+01,1.376236946951093221e-01,1.758138915078417963e-02,2.296095279336648337e-02,1.420855715469964212e-02,0.000000000000000000e+00
1.723836816406250136e+02,2.202196792407739778e+01,2.752473948537215165e-01,3.516277899952934688e-02,2.299637241036398341e-02,1.423609140319550236e-02,0.000000000000000000e+00
1.725901171874999989e+02,2.204834000842090447e+01,1.376237028903636028e-01,1.758139019772566106e-02,2.303176375142124491e-02,1.426363507214977074e-02,0.000000000000000000e+00
1.727965527343750125e+02,2.207471209276441115e+01,2.752474003172243333e-01,3.516277969749032756e-02,2.306712664726597722e-02,1.429118810513834749e-02,0.000000000000000000e+00
1.730029882812499977e+02,2.210108417710791429e+01,1.376236946951093221e-01,1.758138915078417963e-02,2.310246092862586198e-02,1.431875044573712938e-02,0.000000000000000000e+00
1.732094238281250114e+02,2.212745626145142097e+01,2.752473948537215165e-01,3.516277899952934688e-02,2.313776642622862242e-02,1.434632203752202358e-02,0.000000000000000000e+00
1.734158593749999966e+02,2.215382834579492766e+01,1.376237028903636028e-01,1.758139019772566106e-02,2.317304297080194364e-02,1.437390282406892338e-02,0.000000000000000000e+00
1.736222949218750102e+02,2.218020043013843434e+01,2.752474057807272056e-01,3.516278039545132211e-02,2.320829039307352459e-02,1.440149274895372901e-02,0.000000000000000000e+00
1.738287304687499955e+02,2.220657251448193747e+01,1.376237028903636028e-01,1.758139019772566106e-02,2.324350852377106078e-02,1.442909175575233897e-02,0.000000000000000000e+00
1.740351660156250091e+02,2.223294459882544416e+01,2.752473948537215165e-01,3.516277899952934688e-02,2.327869719362226850e-02,1.445669978804066218e-02,0.000000000000000000e+00
1.742416015624999943e+02,2.225931668316895085e+01,1.376237028903636306e-01,1.758139019772566453e-02,2.331385623335483284e-02,1.448431678939458497e-02,0.000000000000000000e+00
1.744480371093750080e+02,2.228568876751245753e+01,2.752474003172243333e-01,3.516277969749032756e-02,2.334898547369645277e-02,1.451194270339001974e-02,0.000000000000000000e+00
1.746544726562499932e+02,2.231206085185596066e+01,1.376236946951093221e-01,1.758138915078417963e-02,2.338408474537482379e-02,1.453957747360285283e-02,0.000000000000000000e+00
1.748609082031250068e+02,2.233843293619946735e+01,2.752473948537215165e-01,3.516277899952934688e-02,2.341915387911765525e-02,1.456722104360899661e-02,0.000000000000000000e+00
1.750673437499999920e+02,2.236480502054297403e+01,1.376236919633578859e-01,1.758138880180368582e-02,2.345419270565264613e-02,1.459487335698434439e-02,0.000000000000000000e+00
1.752737792968750057e+02,2.239117710488648072e+01,2.752474003172243333e-01,3.516277969749032756e-02,2.348920105570748498e-02,1.462253435730479292e-02,0.000000000000000000e+00
1.754802148437499909e+02,2.241754918922998385e+01,1.376236946951093221e-01,1.758138915078417963e-02,2.352417876000987423e-02,1.465020398814624765e-02,0.000000000000000000e+00
1.756866503906250045e+02,2.244392127357349054e+01,2.752473948537215165e-01,3.516277899952934688e-02,2.355912564928751632e-02,1.467788219308460360e-02,0.000000000000000000e+00
1.758930859374999898e+02,2.247029335791699722e+01,1.376237001586074482e-01,1.758138984874456356e-02,2.359404155426811367e-02,1.470556891569576620e-02,0.000000000000000000e+00
1.760995214843750034e+02,2.249666544226050391e+01,2.752473784631750409e-01,3.516277690564154068e-02,2.362892630567935484e-02,1.473326409955563049e-02,0.000000000000000000e+00
1.763059570312500171e+02,2.252303752660401059e+01,1.376237056221102928e-01,1.758139054670554771e-02,2.366377973424894574e-02,1.476096768824009843e-02,0.000000000000000000e+00
1.765123925781250023e+02,2.254940961094751373e+01,2.752473948537215165e-01,3.516277899952934688e-02,2.369860167070458185e-02,1.478867962532506505e-02,0.000000000000000000e+00
1.767188281250000159e+02,2.257578169529102396e+01,1.376237001586121944e-01,1.758138984874516725e-02,2.373339194577396560e-02,1.481639985438643926e-02,0.000000000000000000e+00
1.769252636718750011e+02,2.260215377963452710e+01,2.752474003172243333e-01,3.516277969749032756e-02,2.376815039018479250e-02,1.484412831900010568e-02,0.000000000000000000e+00
1.771316992187500148e+02,2.262852586397803378e+01,1.376237028903636028e-01,1.758139019772566106e-02,2.380287683466477192e-02,1.487186496274198189e-02,0.000000000000000000e+00
1.773381347656250000e+02,2.265489794832153692e+01,2.752473948537215165e-01,3.516277899952934688e-02,2.383757110994158546e-02,1.489960972918795423e-02,0.000000000000000000e+00
1.775445703125000136e+02,2.268127003266504715e+01,1.376236974268607582e-01,1.758138949976467344e-02,2.387223304674294250e-02,1.492736256191393336e-02,0.000000000000000000e+00
1.777510058593749989e+02,2.270764211700855029e+01,2.752473839267157718e-01,3.516277760360737165e-02,2.390686247579654547e-02,1.495512340449580563e-02,0.000000000000000000e+00
1.779574414062500125e+02,2.273401420135205697e+01,1.376237028903636028e-01,1.758139019772566106e-02,2.394145922783007599e-02,1.498289220050947647e-02,0.000000000000000000e+00
1.781638769531249977e+02,2.276038628569556010e+01,2.752473948537215165e-01,3.516277899952934688e-02,2.397602313357125037e-02,1.501066889353084265e-02,0.000000000000000000e+00
1.783703125000000114e+02,2.278675837003907034e+01,1.376237001586121944e-01,1.758138984874516725e-02,2.401055402374777104e-02,1.503845342713582521e-02,0.000000000000000000e+00
1.785767480468749966e+02,2.281313045438257348e+01,2.752473893902186441e-01,3.516277830156835926e-02,2.404505172908731614e-02,1.506624574490029143e-02,0.000000000000000000e+00
1.787831835937500102e+02,2.283950253872608016e+01,1.376237028903636028e-01,1.758139019772566106e-02,2.407951608031760546e-02,1.509404579040016063e-02,0.000000000000000000e+00
1.789896191406249955e+02,2.286587462306958329e+01,2.752473948537215165e-01,3.516277899952934688e-02,2.411394690816632755e-02,1.512185350721132263e-02,0.000000000000000000e+00
1.791960546875000091e+02,2.289224670741309353e+01,1.376236892316064497e-01,1.758138845282318855e-02,2.414834404336118484e-02,1.514966883890969153e-02,0.000000000000000000e+00
1.794024902343749943e+02,2.291861879175659666e+01,2.752474057807272056e-01,3.516278039545132211e-02,2.418270731662986589e-02,1.517749172907115196e-02,0.000000000000000000e+00
1.796089257812500080e+02,2.294499087610010335e+01,1.376237056221150390e-01,1.758139054670615486e-02,2.421703655870008354e-02,1.520532212127160589e-02,0.000000000000000000e+00
1.798153613281249932e+02,2.297136296044360648e+01,2.752473948537215165e-01,3.516277899952934688e-02,2.425133160029952634e-02,1.523315995908696048e-02,0.000000000000000000e+00
1.800217968750000068e+02,2.299773504478711672e+01,1.376237028903636028e-01,1.758139019772566106e-02,2.428559227215591407e-02,1.526100518609311597e-02,0.000000000000000000e+00
1.802282324218749920e+02,2.302410712913061985e+01,2.752473893902186441e-01,3.516277830156835926e-02,2.431981840499691100e-02,1.528885774586595872e-02,0.000000000000000000e+00
1.804346679687500057e+02,2.305047921347412654e+01,1.376236946951093221e-01,1.758138915078417963e-02,2.435400982955024038e-02,1.531671758198140110e-02,0.000000000000000000e+00
1.806411035156249909e+02,2.307685129781762967e+01,2.752474003172243333e-01,3.516277969749032756e-02,2.438816637654359423e-02,1.534458463801533466e-02,0.000000000000000000e+00
1.808475390625000045e+02,2.310322338216113991e+01,1.376236919633578859e-01,1.758138880180368582e-02,2.442228787670468887e-02,1.537245885754366832e-02,0.000000000000000000e+00
1.810539746093749898e+02,2.312959546650464304e+01,2.752474057807272056e-01,3.516278039545132211e-02,2.445637416076118856e-02,1.540034018414229364e-02,0.000000000000000000e+00
1.812604101562500034e+02,2.315596755084814973e+01,1.376236946950998297e-01,1.758138915078296532e-02,2.449042505944082002e-02,1.542822856138711431e-02,0.000000000000000000e+00
1.814668457031250171e+02,2.318233963519165641e+01,2.752473948537215165e-01,3.516277899952934688e-02,2.452444040347126833e-02,1.545612393285402536e-02,0.000000000000000000e+00
1.816732812500000023e+02,2.320871171953516310e+01,1.376237001586121944e-01,1.758138984874516725e-02,2.455842002358024287e-02,1.548402624211893570e-02,0.000000000000000000e+00
1.818797167968750159e+02,2.323508380387866978e+01,2.752473893902186441e-01,3.516277830156835926e-02,2.459236375049543219e-02,1.551193543275773516e-02,0.000000000000000000e+00
1.820861523437500011e+02,2.326145588822217292e+01,1.376237028903636028e-01,1.758139019772566106e-02,2.462627141494454219e-02,1.553985144834632397e-02,0.000000000000000000e+00
1.822925878906250148e+02,2.328782797256567960e+01,2.752473948537215165e-01,3.516277899952934688e-02,2.466014284765527184e-02,1.556777423246060929e-02,0.000000000000000000e+00
1.824990234375000000e+02,2.331420005690918629e+01,1.376237028903636306e-01,1.758139019772566453e-02,2.469397787935530622e-02,1.559570372867648616e-02,0.000000000000000000e+00
1.827054589843750136e+02,2.334057214125269297e+01,2.752474057807272056e-01,3.516278039545132211e-02,2.472777634077236858e-02,1.562363988056985481e-02,0.000000000000000000e+00
1.829118945312499989e+02,2.336694422559619611e+01,1.376236946951093221e-01,1.758138915078417963e-02,2.476153806263414053e-02,1.565158263171661027e-02,0.000000000000000000e+00
1.831183300781250125e+02,2.339331630993970279e+01,2.752474003172243333e-01,3.516277969749032756e-02,2.479526287566832451e-02,1.567953192569266144e-02,0.000000000000000000e+00
1.833247656249999977e+02,2.341968839428320948e+01,1.376236946951093221e-01,1.758138915078417963e-02,2.482895061060262296e-02,1.570748770607390335e-02,0.000000000000000000e+00
1.835312011718750114e+02,2.344606047862671616e+01,2.752473839267157718e-01,3.516277760360737165e-02,2.486260109816473482e-02,1.573544991643623450e-02,0.000000000000000000e+00
1.837376367187499966e+02,2.347243256297021929e+01,1.376236919633578859e-01,1.758138880180368582e-02,2.489621416908234866e-02,1.576341850035555339e-02,0.000000000000000000e+00
1.839440722656250102e+02,2.349880464731372598e+01,2.752473948537215165e-01,3.516277899952934688e-02,2.492978965408317385e-02,1.579139340140776199e-02,0.000000000000000000e+00
1.841505078124999955e+02,2.352517673165723266e+01,1.376236919633578859e-01,1.758138880180368582e-02,2.496332738389491282e-02,1.581937456316875532e-02,0.000000000000000000e+00
1.843569433593750091e+02,2.355154881600073935e+01,2.752474003172243333e-01,3.516277969749032756e-02,2.499682718924525066e-02,1.584736192921444575e-02,0.000000000000000000e+00
1.845633789062499943e+02,2.357792090034424248e+01,1.376236974268607582e-01,1.758138949976467344e-02,2.503028890086189673e-02,1.587535544312071792e-02,0.000000000000000000e+00
1.847698144531250080e+02,2.360429298468774917e+01,2.752473948537215165e-01,3.516277899952934688e-02,2.506371234947255347e-02,1.590335504846348072e-02,0.000000000000000000e+00
1.849762499999999932e+02,2.363066506903125585e+01,1.376236919633578859e-01,1.758138880180368582e-02,2.509709736580490250e-02,1.593136068881863265e-02,0.000000000000000000e+00
1.851826855468750068e+02,2.365703715337476254e+01,2.752474057807272056e-01,3.516278039545132211e-02,2.513044378058666706e-02,1.595937230776207222e-02,0.000000000000000000e+00
1.853891210937499920e+02,2.368340923771826567e+01,1.376236919633578859e-01,1.758138880180368582e-02,2.516375142454552183e-02,1.598738984886969444e-02,0.000000000000000000e+00
1.855955566406250057e+02,2.370978132206177236e+01,2.752473948537215165e-01,3.516277899952934688e-02,2.519702012840918312e-02,1.601541325571740823e-02,0.000000000000000000e+00
1.858019921874999909e+02,2.373615340640527904e+01,1.376236864998550413e-01,1.758138810384269821e-02,2.523024972290534643e-02,1.604344247188110514e-02,0.000000000000000000e+00
1.860084277343750045e+02,2.376252549074878573e+01,2.752473839267157718e-01,3.516277760360737165e-02,2.526344003876170724e-02,1.607147744093669062e-02,0.000000000000000000e+00
1.862148632812499898e+02,2.378889757509228886e+01,1.376236974268560120e-01,1.758138949976406629e-02,2.529659090670595759e-02,1.609951810646005621e-02,0.000000000000000000e+00
1.864212988281250034e+02,2.381526965943579555e+01,2.752474057806892915e-01,3.516278039544647877e-02,2.532970215746581030e-02,1.612756441202711083e-02,0.000000000000000000e+00
1.866277343750000171e+02,2.384164174377930578e+01,1.376236919633531675e-01,1.758138880180308214e-02,2.536277362176896782e-02,1.615561630121375644e-02,0.000000000000000000e+00
1.868341699218750023e+02,2.386801382812280892e+01,2.752473839267157718e-01,3.516277760360737165e-02,2.539580513034310136e-02,1.618367371759587767e-02,0.000000000000000000e+00
1.870406054687500159e+02,2.389438591246631560e+01,1.376236919633578859e-01,1.758138880180368582e-02,2.542879651391594109e-02,1.621173660474938688e-02,0.000000000000000000e+00
1.872470410156250011e+02,2.392075799680981874e+01,2.752473948537215165e-01,3.516277899952934688e-02,2.546174760321516170e-02,1.623980490625017217e-02,0.000000000000000000e+00
1.874534765625000148e+02,2.394713008115332897e+01,1.376237028903636306e-01,1.758139019772566453e-02,2.549465822896848297e-02,1.626787856567415286e-02,0.000000000000000000e+00
1.876599121093750000e+02,2.397350216549683211e+01,2.752473839267157718e-01,3.516277760360737165e-02,2.552752822190358997e-02,1.629595752659720662e-02,0.000000000000000000e+00
1.878663476562500136e+02,2.399987424984033879e+01,1.376237138173693197e-01,1.758139159364763629e-02,2.556035741274818862e-02,1.632404173259525276e-02,0.000000000000000000e+00
1.880727832031249989e+02,2.402624633418384192e+01,2.752473948537215165e-01,3.516277899952934688e-02,2.559314563222996400e-02,1.635213112724416898e-02,0.000000000000000000e+00
1.882792187500000125e+02,2.405261841852735216e+01,1.376237028903636306e-01,1.758139019772566453e-02,2.562589271107663588e-02,1.638022565411987805e-02,0.000000000000000000e+00
1.884856542968749977e+02,2.407899050287085529e+01,2.752473839267157718e-01,3.516277760360737165e-02,2.565859848001589283e-02,1.640832525679826459e-02,0.000000000000000000e+00
1.886920898437500114e+02,2.410536258721436198e+01,1.376236974268607582e-01,1.758138949976467344e-02,2.569126276977543033e-02,1.643642987885523057e-02,0.000000000000000000e+00
1.888985253906249966e+02,2.413173467155786511e+01,2.752474057807272056e-01,3.516278039545132211e-02,2.572388541108295082e-02,1.646453946386667797e-02,0.000000000000000000e+00
1.891049609375000102e+02,2.415810675590137535e+01,1.376236919633578859e-01,1.758138880180368582e-02,2.575646623466616367e-02,1.649265395540851220e-02,0.000000000000000000e+00
1.893113964843749955e+02,2.418447884024487848e+01,2.752473839267157718e-01,3.516277760360737165e-02,2.578900507125274702e-02,1.652077329705661443e-02,0.000000000000000000e+00
1.895178320312500091e+02,2.421085092458838517e+01,1.376236919633578859e-01,1.758138880180368582e-02,2.582150175157041025e-02,1.654889743238690744e-02,0.000000000000000000e+00
1.897242675781249943e+02,2.423722300893188830e+01,2.752474057807272056e-01,3.516278039545132211e-02,2.585395610634685926e-02,1.657702630497527238e-02,0.000000000000000000e+00
1.899307031250000080e+02,2.426359509327539854e+01,1.376236974268607582e-01,1.758138949976467344e-02,2.588636796630977913e-02,1.660515985839762163e-02,0.000000000000000000e+00
1.901371386718749932e+02,2.428996717761890167e+01,2.752473839267157718e-01,3.516277760360737165e-02,2.591873716218687923e-02,1.663329803622984673e-02,0.000000000000000000e+00
1.903435742187500068e+02,2.431633926196240836e+01,1.376236919633578859e-01,1.758138880180368582e-02,2.595106352470585853e-02,1.666144078204785314e-02,0.000000000000000000e+00
1.905500097656249920e+02,2.434271134630591149e+01,2.752474057807272056e-01,3.516278039545132211e-02,2.598334688459441252e-02,1.668958803942753241e-02,0.000000000000000000e+00
1.907564453125000057e+02,2.436908343064941818e+01,1.376237028903636306e-01,1.758139019772566453e-02,2.601558707258023323e-02,1.671773975194479345e-02,0.000000000000000000e+00
1.909628808593749909e+02,2.439545551499292486e+01,2.752473948537215165e-01,3.516277899952934688e-02,2.604778391939104043e-02,1.674589586317553475e-02,0.000000000000000000e+00
1.911693164062500045e+02,2.442182759933643155e+01,1.376237083538570105e-01,1.758139089568544131e-02,2.607993725575450533e-02,1.677405631669564787e-02,0.000000000000000000e+00
1.913757519531250182e+02,2.444819968367993823e+01,2.752473948537215165e-01,3.516277899952934688e-02,2.611204691239834771e-02,1.680222105608103825e-02,0.000000000000000000e+00
1.915821875000000034e+02,2.447457176802344136e+01,1.376236919633578859e-01,1.758138880180368582e-02,2.614411272005025960e-02,1.683039002490760785e-02,0.000000000000000000e+00
1.917886230468750171e+02,2.450094385236695160e+01,2.752473839267157718e-01,3.516277760360737165e-02,2.617613450943794690e-02,1.685856316675125519e-02,0.000000000000000000e+00
1.919950585937500023e+02,2.452731593671045474e+01,1.376237083538664752e-01,1.758139089568664867e-02,2.620811211128908774e-02,1.688674042518786833e-02,0.000000000000000000e+00
1.922014941406250159e+02,2.455368802105396142e+01,2.752473948537215165e-01,3.516277899952934688e-02,2.624004535633140192e-02,1.691492174379336660e-02,0.000000000000000000e+00
1.924079296875000011e+02,2.458006010539746455e+01,1.376236974268607582e-01,1.758138949976467344e-02,2.627193407529257799e-02,1.694310706614363116e-02,0.000000000000000000e+00
1.926143652343750148e+02,2.460643218974097479e+01,2.752474057807272056e-01,3.516278039545132211e-02,2.630377809890032878e-02,1.697129633581457783e-02,0.000000000000000000e+00
1.928208007812500000e+02,2.463280427408447792e+01,1.376237028903636306e-01,1.758139019772566453e-02,2.633557725788232898e-02,1.699948949638209472e-02,0.000000000000000000e+00
1.930272363281250136e+02,2.465917635842798461e+01,2.752474057807272056e-01,3.516278039545132211e-02,2.636733138296630530e-02,1.702768649142209073e-02,0.000000000000000000e+00
1.932336718749999989e+02,2.468554844277148774e+01,1.376236864998550413e-01,1.758138810384269821e-02,2.639904030487993242e-02,1.705588726451045395e-02,0.000000000000000000e+00
1.934401074218750125e+02,2.471192052711499798e+01,2.752473839267157718e-01,3.516277760360737165e-02,2.643070385435093358e-02,1.708409175922309675e-02,0.000000000000000000e+00
1.936465429687499977e+02,2.473829261145850111e+01,1.376237083538664752e-01,1.758139089568664867e-02,2.646232186210697307e-02,1.711229991913590376e-02,0.000000000000000000e+00
1.938529785156250114e+02,2.476466469580200780e+01,2.752473948537215165e-01,3.516277899952934688e-02,2.649389415887578106e-02,1.714051168782478388e-02,0.000000000000000000e+00
1.940594140624999966e+02,2.479103678014551093e+01,1.376237028903636306e-01,1.758139019772566453e-02,2.652542057538504264e-02,1.716872700886564254e-02,0.000000000000000000e+00
1.942658496093750102e+02,2.481740886448902117e+01,2.752473839267157718e-01,3.516277760360737165e-02,2.655690094236247065e-02,1.719694582583437131e-02,0.000000000000000000e+00
1.944722851562499955e+02,2.484378094883252430e+01,1.376237028903636306e-01,1.758139019772566453e-02,2.658833509053574670e-02,1.722516808230687216e-02,0.000000000000000000e+00
1.946787207031250091e+02,2.487015303317603099e+01,2.752473948537215165e-01,3.516277899952934688e-02,2.661972285063257671e-02,1.725339372185904011e-02,0.000000000000000000e+00
1.948851562499999943e+02,2.489652511751953412e+01,1.376236864998550413e-01,1.758138810384269821e-02,2.665106405338065268e-02,1.728162268806678059e-02,0.000000000000000000e+00
1.950915917968750080e+02,2.492289720186304436e+01,2.752474057807272056e-01,3.516278039545132211e-02,2.668235852950768747e-02,1.730985492450599558e-02,0.000000000000000000e+00
1.952980273437499932e+02,2.494926928620654749e+01,1.376236974268607582e-01,1.758138949976467344e-02,2.671360610974137309e-02,1.733809037475257317e-02,0.000000000000000000e+00
1.955044628906250068e+02,2.497564137055005418e+01,2.752473839267157718e-01,3.516277760360737165e-02,2.674480662480940504e-02,1.736632898238241879e-02,0.000000000000000000e+00
1.957108984374999920e+02,2.500201345489355731e+01,1.376237028903636306e-01,1.758139019772566453e-02,2.677595990543948229e-02,1.739457069097143788e-02,0.000000000000000000e+00
1.959173339843750057e+02,2.502838553923706755e+01,2.752473839267157718e-01,3.516277760360737165e-02,2.680706578235931767e-02,1.742281544409553240e-02,0.000000000000000000e+00
1.961237695312499909e+02,2.505475762358057068e+01,1.376236974268560120e-01,1.758138949976406629e-02,2.683812408629659280e-02,1.745106318533058698e-02,0.000000000000000000e+00
1.963302050781250045e+02,2.508112970792407737e+01,2.752474057806892915e-01,3.516278039544647877e-02,2.686913464797900664e-02,1.747931385825251052e-02,0.000000000000000000e+00
1.965366406250000182e+02,2.510750179226758405e+01,1.376236864998502951e-01,1.758138810384209105e-02,2.690009729813427203e-02,1.750756740643720499e-02,0.000000000000000000e+00
1.967430761718750034e+02,2.513387387661109074e+01,2.752473729997100826e-01,3.516277620768539641e-02,2.693101186749008794e-02,1.753582377346056542e-02,0.000000000000000000e+00
1.969495117187500171e+02,2.516024596095459742e+01,1.376236974268607582e-01,1.758138949976467344e-02,2.696187818677413250e-02,1.756408290289849378e-02,0.000000000000000000e+00
1.971559472656250023e+02,2.518661804529810055e+01,2.752474167077329503e-01,3.516278179137329735e-02,2.699269608671412204e-02,1.759234473832688855e-02,0.000000000000000000e+00
1.973623828125000159e+02,2.521299012964160724e+01,1.376236810363521967e-01,1.758138740588171406e-02,2.702346539803775552e-02,1.762060922332165172e-02,0.000000000000000000e+00
1.975688183593750011e+02,2.523936221398511393e+01,2.752473729997100826e-01,3.516277620768539641e-02,2.705418595147271801e-02,1.764887630145867484e-02,0.000000000000000000e+00
1.977752539062500148e+02,2.526573429832862061e+01,1.376236974268607582e-01,1.758138949976467344e-02,2.708485757774673625e-02,1.767714591631387028e-02,0.000000000000000000e+00
1.979816894531250000e+02,2.529210638267212374e+01,2.752474276347386395e-01,3.516278318729527258e-02,2.711548010758747795e-02,1.770541801146312613e-02,0.000000000000000000e+00
1.981881250000000136e+02,2.531847846701563043e+01,1.376236701093464521e-01,1.758138600995973536e-02,2.714605337172265598e-02,1.773369253048235131e-02,0.000000000000000000e+00
1.983945605468749989e+02,2.534485055135913711e+01,2.752473729997100826e-01,3.516277620768539641e-02,2.717657720087997275e-02,1.776196941694743736e-02,0.000000000000000000e+00
1.986009960937500125e+02,2.537122263570264380e+01,1.376236974268607582e-01,1.758138949976467344e-02,2.720705142578712030e-02,1.779024861443428973e-02,0.000000000000000000e+00
1.988074316406249977e+02,2.539759472004614693e+01,2.752474167077329503e-01,3.516278179137329735e-02,2.723747587717180105e-02,1.781853006651880345e-02,0.000000000000000000e+00
1.990138671875000114e+02,2.542396680438965362e+01,1.376236591823407629e-01,1.758138461403776359e-02,2.726785038576171050e-02,1.784681371677688394e-02,0.000000000000000000e+00
1.992203027343749966e+02,2.545033888873316030e+01,2.752473511456986488e-01,3.516277341584144595e-02,2.729817478228455802e-02,1.787509950878442624e-02,0.000000000000000000e+00
1.994267382812500102e+02,2.547671097307666699e+01,1.376237083538664474e-01,1.758139089568664520e-02,2.732844889746802869e-02,1.790338738611733232e-02,0.000000000000000000e+00
1.996331738281249955e+02,2.550308305742017012e+01,2.752474167077329503e-01,3.516278179137329735e-02,2.735867256203982495e-02,1.793167729235149721e-02,0.000000000000000000e+00
1.998396093750000091e+02,2.552945514176367681e+01,1.376236755728493244e-01,1.758138670792072297e-02,2.738884560672765964e-02,1.795996917106282981e-02,0.000000000000000000e+00
2.000460449218749943e+02,2.555582722610718349e+01,2.752473729997100826e-01,3.516277620768539641e-02,2.741896786225921090e-02,1.798826296582721820e-02,0.000000000000000000e+00
2.002524804687500080e+02,2.558219931045069018e+01,1.376236974268607582e-01,1.758138949976467344e-02,2.744903915936219158e-02,1.801655862022057478e-02,0.000000000000000000e+00
2.004589160156249932e+02,2.560857139479419331e+01,2.752474385617443842e-01,3.516278458321724781e-02,2.747905932876429022e-02,1.804485607781878762e-02,0.000000000000000000e+00
2.006653515625000068e+02,2.563494347913770000e+01,1.376236701093464521e-01,1.758138600995973536e-02,2.750902820119321621e-02,1.807315528219776216e-02,0.000000000000000000e+00
2.008717871093749920e+02,2.566131556348120668e+01,2.752473729997100826e-01,3.516277620768539641e-02,2.753894560737666850e-02,1.810145617693339690e-02,0.000000000000000000e+00
2.010782226562500057e+02,2.568768764782471337e+01,1.376236974268607582e-01,1.758138949976467344e-02,2.756881137804233564e-02,1.812975870560159034e-02,0.000000000000000000e+00
2.012846582031249909e+02,2.571405973216821650e+01,2.752474276347386395e-01,3.516278318729527258e-02,2.759862534391792702e-02,1.815806281177824791e-02,0.000000000000000000e+00
2.014910937500000045e+02,2.574043181651172318e+01,1.376236974268512658e-01,1.758138949976346260e-02,2.762838733573113117e-02,1.818636843903926117e-02,0.000000000000000000e+00
2.016975292968750182e+02,2.576680390085523342e+01,2.752473729997100826e-01,3.516277620768539641e-02,2.765809718420966096e-02,1.821467553096053557e-02,0.000000000000000000e+00
2.019039648437500034e+02,2.579317598519873656e+01,1.376236974268607582e-01,1.758138949976467344e-02,2.768775472008120145e-02,1.824298403111796613e-02,0.000000000000000000e+00
2.021104003906250171e+02,2.581954806954224324e+01,2.752474167077329503e-01,3.516278179137329735e-02,2.771735977407345508e-02,1.827129388308745828e-02,0.000000000000000000e+00
2.023168359375000023e+02,2.584592015388574637e+01,1.376237356713807536e-01,1.758139438549158676e-02,2.774691217691412776e-02,1.829960503044490358e-02,0.000000000000000000e+00
2.025232714843750159e+02,2.587229223822925661e+01,2.752473729997100826e-01,3.516277620768539641e-02,2.777641175933090803e-02,1.832791741676621441e-02,0.000000000000000000e+00
2.027297070312500011e+02,2.589866432257275974e+01,1.376236974268607582e-01,1.758138949976467344e-02,2.780585835205150527e-02,1.835623098562727540e-02,0.000000000000000000e+00
2.029361425781250148e+02,2.592503640691626643e+01,2.752474167077329503e-01,3.516278179137329735e-02,2.783525178580361845e-02,1.838454568060399197e-02,0.000000000000000000e+00
2.031425781250000000e+02,2.595140849125976956e+01,1.376237247443750367e-01,1.758139298956961152e-02,2.786459189131493958e-02,1.841286144527226609e-02,0.000000000000000000e+00
2.033490136718750136e+02,2.597778057560327980e+01,2.752473729997100826e-01,3.516277620768539641e-02,2.789387849931316068e-02,1.844117822320800321e-02,0.000000000000000000e+00
2.035554492187499989e+02,2.600415265994678293e+01,1.376237028903636306e-01,1.758139019772566453e-02,2.792311144052600155e-02,1.846949595798708793e-02,0.000000000000000000e+00
2.037618847656250125e+02,2.603052474429028962e+01,2.752474167077329503e-01,3.516278179137329735e-02,2.795229054568113339e-02,1.849781459318542917e-02,0.000000000000000000e+00
2.039683203124999977e+02,2.605689682863379275e+01,1.376237192808721921e-01,1.758139229160862391e-02,2.798141564550628985e-02,1.852613407237892890e-02,0.000000000000000000e+00
2.041747558593750114e+02,2.608326891297730299e+01,2.752473729997100826e-01,3.516277620768539641e-02,2.801048657072914908e-02,1.855445433914348560e-02,0.000000000000000000e+00
2.043811914062499966e+02,2.610964099732080612e+01,1.376236974268607582e-01,1.758138949976467344e-02,2.803950315207739963e-02,1.858277533705499085e-02,0.000000000000000000e+00
2.045876269531250102e+02,2.613601308166431281e+01,2.752474167077329503e-01,3.516278179137329735e-02,2.806846522027875782e-02,1.861109700968935007e-02,0.000000000000000000e+00
2.047940624999999955e+02,2.616238516600781594e+01,1.376237192808721921e-01,1.758139229160862391e-02,2.809737260606092260e-02,1.863941930062246177e-02,0.000000000000000000e+00
2.050004980468750091e+02,2.618875725035132618e+01,2.752473729997100826e-01,3.516277620768539641e-02,2.812622514015159295e-02,1.866774215343023832e-02,0.000000000000000000e+00
2.052069335937499943e+02,2.621512933469482931e+01,1.376236974268607582e-01,1.758138949976467344e-02,2.815502265327844353e-02,1.869606551168855740e-02,0.000000000000000000e+00
2.054133691406250080e+02,2.624150141903833600e+01,2.752474167077329503e-01,3.516278179137329735e-02,2.818376497616921494e-02,1.872438931897333486e-02,0.000000000000000000e+00
2.056198046874999932e+02,2.626787350338183913e+01,1.376237356713807536e-01,1.758139438549158676e-02,2.821245193955156452e-02,1.875271351886045185e-02,0.000000000000000000e+00
2.058262402343750068e+02,2.629424558772534937e+01,2.752473729997100826e-01,3.516277620768539641e-02,2.824108337415323286e-02,1.878103805492584155e-02,0.000000000000000000e+00
2.060326757812499920e+02,2.632061767206885250e+01,1.376237247443702905e-01,1.758139298956900437e-02,2.826965911070187382e-02,1.880936287074536431e-02,0.000000000000000000e+00
2.062391113281250057e+02,2.634698975641235918e+01,2.752473729996721685e-01,3.516277620768055306e-02,2.829817897992522452e-02,1.883768790989494984e-02,0.000000000000000000e+00
2.064455468750000193e+02,2.637336184075586587e+01,1.376237028903588566e-01,1.758139019772505390e-02,2.832664281255095964e-02,1.886601311595047931e-02,0.000000000000000000e+00
2.066519824218750045e+02,2.639973392509937256e+01,2.752474057807272056e-01,3.516278039545132211e-02,2.835505043930679897e-02,1.889433843248786854e-02,0.000000000000000000e+00
2.068584179687500182e+02,2.642610600944287924e+01,1.376236974268607582e-01,1.758138949976467344e-02,2.838340169092041024e-02,1.892266380308299523e-02,0.000000000000000000e+00
2.070648535156250034e+02,2.645247809378638237e+01,2.752474057807272056e-01,3.516278039545132211e-02,2.841169639811953057e-02,1.895098917131177868e-02,0.000000000000000000e+00
2.072712890625000171e+02,2.647885017812988906e+01,1.376236919633578859e-01,1.758138880180368582e-02,2.843993439163182424e-02,1.897931448075010699e-02,0.000000000000000000e+00
2.074777246093750023e+02,2.650522226247339574e+01,2.752474167077329503e-01,3.516278179137329735e-02,2.846811550218501449e-02,1.900763967497389600e-02,0.000000000000000000e+00
2.076841601562500159e+02,2.653159434681690243e+01,1.376236919633578859e-01,1.758138880180368582e-02,2.849623956050678988e-02,1.903596469755902687e-02,0.000000000000000000e+00
2.078905957031250011e+02,2.655796643116040556e+01,2.752473948537215165e-01,3.516277899952934688e-02,2.852430639732485285e-02,1.906428949208139462e-02,0.000000000000000000e+00
2.080970312500000148e+02,2.658433851550391225e+01,1.376236974268607582e-01,1.758138949976467344e-02,2.855231584336689193e-02,1.909261400211692203e-02,0.000000000000000000e+00
2.083034667968750000e+02,2.661071059984741893e+01,2.752473948537215165e-01,3.516277899952934688e-02,2.858026772936063040e-02,1.912093817124150066e-02,0.000000000000000000e+00
2.085099023437500136e+02,2.663708268419092562e+01,1.376236974268607582e-01,1.758138949976467344e-02,2.860816188603373944e-02,1.914926194303102555e-02,0.000000000000000000e+00
2.087163378906249989e+02,2.666345476853442875e+01,2.752474057807272056e-01,3.516278039545132211e-02,2.863599814411392497e-02,1.917758526106138478e-02,0.000000000000000000e+00
2.089227734375000125e+02,2.668982685287793544e+01,1.376236974268607582e-01,1.758138949976467344e-02,2.866377633432889982e-02,1.920590806890849767e-02,0.000000000000000000e+00
2.091292089843749977e+02,2.671619893722144212e+01,2.752473948537215165e-01,3.516277899952934688e-02,2.869149628740636296e-02,1.923423031014826617e-02,0.000000000000000000e+00
2.093356445312500114e+02,2.674257102156494881e+01,1.376237028903636306e-01,1.758139019772566453e-02,2.871915783407399947e-02,1.926255192835657146e-02,0.000000000000000000e+00
2.095420800781249966e+02,2.676894310590845194e+01,2.752473839267157718e-01,3.516277760360737165e-02,2.874676080505950138e-02,1.929087286710931895e-02,0.000000000000000000e+00
2.097485156250000102e+02,2.679531519025195863e+01,1.376236974268607582e-01,1.758138949976467344e-02,2.877430503109058846e-02,1.931919306998241409e-02,0.000000000000000000e+00
2.099549511718749955e+02,2.682168727459546531e+01,2.752473839267157718e-01,3.516277760360737165e-02,2.880179034289494580e-02,1.934751248055175885e-02,0.000000000000000000e+00
2.101613867187500091e+02,2.684805935893897200e+01,1.376237028903636306e-01,1.758139019772566453e-02,2.882921657120029318e-02,1.937583104239324477e-02,0.000000000000000000e+00
2.103678222656249943e+02,2.687443144328247513e+01,2.752473948537215165e-01,3.516277899952934688e-02,2.885658354673429488e-02,1.940414869908277384e-02,0.000000000000000000e+00
2.105742578125000080e+02,2.690080352762598181e+01,1.376236974268607582e-01,1.758138949976467344e-02,2.888389110022467759e-02,1.943246539419625496e-02,0.000000000000000000e+00
2.107806933593749932e+02,2.692717561196948850e+01,2.752473948537215165e-01,3.516277899952934688e-02,2.891113906239912990e-02,1.946078107130956927e-02,0.000000000000000000e+00
2.109871289062500068e+02,2.695354769631299519e+01,1.376237083538664752e-01,1.758139089568664867e-02,2.893832726398534727e-02,1.948909567399862569e-02,0.000000000000000000e+00
2.111935644531249920e+02,2.697991978065649832e+01,2.752473839267157718e-01,3.516277760360737165e-02,2.896545553571103909e-02,1.951740914583933312e-02,0.000000000000000000e+00
2.114000000000000057e+02,2.700629186500000500e+01,6.881185144517706909e-02,8.790695098862225110e-03,2.899252370830389738e-02,1.954572143040757964e-02,0.000000000000000000e+00
