q,p_MeV,native_dq_weight,physical_dp_weight,phi_e,phi_mu,phi_tau
1.000000000000000021e-02,1.277497250000000353e-03,1.346645575142901008e-01,1.720336018969724837e-02,1.326648043932560272e-10,6.633293667477228136e-11,0.000000000000000000e+00
4.139936725428708386e-01,5.288757781909181332e-02,5.386582300571610693e-01,6.881344075878907673e-02,2.271531715924009541e-07,1.136145095275319021e-07,0.000000000000000000e+00
8.179873450857416683e-01,1.044976583881836174e-01,2.693291150285805902e-01,3.440672037939454531e-02,8.859308599005841555e-07,4.432579594749070953e-07,0.000000000000000000e+00
1.221981017628612554e+00,1.561077389572754492e-01,5.386582300571627346e-01,6.881344075878929878e-02,1.975197037905172339e-06,9.885737855042103738e-07,0.000000000000000000e+00
1.625974690171483328e+00,2.077178195263672256e-01,2.693291150285794799e-01,3.440672037939440653e-02,3.493683013782393115e-06,1.749139090340850544e-06,0.000000000000000000e+00
2.029968362714353880e+00,2.593279000954590297e-01,5.386582300571493009e-01,6.881344075878757793e-02,5.440120095708476528e-06,2.724530976710237602e-06,0.000000000000000000e+00
2.433962035257224876e+00,3.109379806645508615e-01,2.693291150285841984e-01,3.440672037939501021e-02,7.813239591859653892e-06,3.914326547337782975e-06,0.000000000000000000e+00
2.837955707800095428e+00,3.625480612336426378e-01,5.386582300571792770e-01,6.881344075879140820e-02,1.061177281041214932e-05,5.318102904948893220e-06,0.000000000000000000e+00
3.241949380342966425e+00,4.141581418027344696e-01,2.693291150285649915e-01,3.440672037939255384e-02,1.383445105954219668e-05,6.935437152268980185e-06,0.000000000000000000e+00
3.645943052885837421e+00,4.657682223718262460e-01,5.386582300571738369e-01,6.881344075879071431e-02,1.748000564742601711e-05,8.765906392023453182e-06,0.000000000000000000e+00
4.049936725428707973e+00,5.173783029409181333e-01,2.693291150286031277e-01,3.440672037939742495e-02,2.154716788223985717e-05,1.080908772693772321e-05,0.000000000000000000e+00
4.453930397971578969e+00,5.689883835100099096e-01,5.386582300571405302e-01,6.881344075878645383e-02,2.603466907215992786e-05,1.306455825973719704e-05,0.000000000000000000e+00
4.857924070514449966e+00,6.205984640791017970e-01,2.693291150285486157e-01,3.440672037939046524e-02,3.094124052536247234e-05,1.553189509314728737e-05,0.000000000000000000e+00
5.261917743057320962e+00,6.722085446481935733e-01,5.386582300572070325e-01,6.881344075879494704e-02,3.626561355002369313e-05,1.821067532989340012e-05,0.000000000000000000e+00
5.665911415600191070e+00,7.238186252172852386e-01,2.693291150286033497e-01,3.440672037939745270e-02,4.200651945431983341e-05,2.110047607270093613e-05,0.000000000000000000e+00
6.069905088143062066e+00,7.754287057863771260e-01,5.386582300569882076e-01,6.881344075876699717e-02,4.816268954642715668e-05,2.420087442429533689e-05,0.000000000000000000e+00
6.473898760685933063e+00,8.270387863554689023e-01,2.693291150285811453e-01,3.440672037939461470e-02,5.473285513452183835e-05,2.751144748740197614e-05,0.000000000000000000e+00
6.877892433228804059e+00,8.786488669245607896e-01,5.386582300572493320e-01,6.881344075880035938e-02,6.171574752678015547e-05,3.103177236474629198e-05,0.000000000000000000e+00
7.281886105771675055e+00,9.302589474936525660e-01,2.693291150285380686e-01,3.440672037938911215e-02,6.911009803137828345e-05,3.476142615905367171e-05,0.000000000000000000e+00
7.685879778314545163e+00,9.818690280627442313e-01,5.386582300569893178e-01,6.881344075876713595e-02,7.691463795649247225e-05,3.869998597304952632e-05,0.000000000000000000e+00
8.089873450857416159e+00,1.033479108631836230e+00,2.693291150285813118e-01,3.440672037939463551e-02,8.512809861029899214e-05,4.284702890945929054e-05,0.000000000000000000e+00
8.493867123400287156e+00,1.085089189200928006e+00,5.386582300573364845e-01,6.881344075881148936e-02,9.374921130097404564e-05,4.720213207100835843e-05,0.000000000000000000e+00
8.897860795943158152e+00,1.136699269770019782e+00,2.693291150286681868e-01,3.440672037940573774e-02,1.027767073366938217e-04,5.176487256042211049e-05,0.000000000000000000e+00
9.301854468486029148e+00,1.188309350339111781e+00,5.386582300571622905e-01,6.881344075878922939e-02,1.122093180256346449e-04,5.653482748042602211e-05,0.000000000000000000e+00
9.705848141028900145e+00,1.239919430908203557e+00,2.693291150283199098e-01,3.440672037936124555e-02,1.220457746759726363e-04,6.151157393374544668e-05,0.000000000000000000e+00
1.010984181357177114e+01,1.291529511477295333e+00,5.386582300568140136e-01,6.881344075874473720e-02,1.322848085958840797e-04,6.669468902310580539e-05,0.000000000000000000e+00
1.051383548611464214e+01,1.343139592046387110e+00,2.693291150291045044e-01,3.440672037946147788e-02,1.429251510935451643e-04,7.208374985123250584e-05,0.000000000000000000e+00
1.091782915865751136e+01,1.394749672615478664e+00,5.386582300568164561e-01,6.881344075874505639e-02,1.539655334771321195e-04,7.767833352085096242e-05,0.000000000000000000e+00
1.132182283120038235e+01,1.446359753184570662e+00,2.693291150287555613e-01,3.440672037941690242e-02,1.654046870548213106e-04,8.347801713468663018e-05,0.000000000000000000e+00
1.172581650374325335e+01,1.497969833753662439e+00,5.386582300585553984e-01,6.881344075896719814e-02,1.772413431347887773e-04,8.948237779546484221e-05,0.000000000000000000e+00
1.212981017628612435e+01,1.549579914322754215e+00,2.693291150278845913e-01,3.440672037930563032e-02,1.894742330252108579e-04,9.569099260591105353e-05,0.000000000000000000e+00
1.253380384882899534e+01,1.601189994891845991e+00,5.386582300564657366e-01,6.881344075870024501e-02,2.021020880342637817e-04,1.021034386687506650e-04,0.000000000000000000e+00
1.293779752137186634e+01,1.652800075460937768e+00,2.693291150278845913e-01,3.440672037930563032e-02,2.151236394701237244e-04,1.087192930867090775e-04,0.000000000000000000e+00
1.334179119391473733e+01,1.704410156030029766e+00,5.386582300564657366e-01,6.881344075870024501e-02,2.285376186409669697e-04,1.155381329625117324e-04,0.000000000000000000e+00
1.374578486645760833e+01,1.756020236599121542e+00,2.693291150289294222e-01,3.440672037943910688e-02,2.423427568549697472e-04,1.225595353988840036e-04,0.000000000000000000e+00
1.414977853900047933e+01,1.807630317168213319e+00,5.386582300585553984e-01,6.881344075896719814e-02,2.565377854203082053e-04,1.297830774985513189e-04,0.000000000000000000e+00
1.455377221154335032e+01,1.859240397737305095e+00,2.693291150299745862e-01,3.440672037957263202e-02,2.711214356451586548e-04,1.372083363642390250e-04,0.000000000000000000e+00
1.495776588408622132e+01,1.910850478306397093e+00,5.386582300536818524e-01,6.881344075834461282e-02,2.860924388376973526e-04,1.448348890986726853e-04,0.000000000000000000e+00
1.536175955662909054e+01,1.962460558875488648e+00,2.693291150282334234e-01,3.440672037935019884e-02,3.014495263061002842e-04,1.526623128045775111e-04,0.000000000000000000e+00
1.576575322917196154e+01,2.014070639444580646e+00,5.386582300578566240e-01,6.881344075887793621e-02,3.171914293585439775e-04,1.606901845846790656e-04,0.000000000000000000e+00
1.616974690171483431e+01,2.065680720013672644e+00,2.693291150275354262e-01,3.440672037926102711e-02,3.333168793032045807e-04,1.689180815417027498e-04,0.000000000000000000e+00
1.657374057425770530e+01,2.117290800582764643e+00,5.386582300578588445e-01,6.881344075887821377e-02,3.498246074482584049e-04,1.773455807783739374e-04,0.000000000000000000e+00
1.697773424680057630e+01,2.168900881151856197e+00,2.693291150275363144e-01,3.440672037926113813e-02,3.667133451018812730e-04,1.859722593974179208e-04,0.000000000000000000e+00
1.738172791934344730e+01,2.220510961720948195e+00,5.386582300550726288e-01,6.881344075852227626e-02,3.839818235722499838e-04,1.947976945015603178e-04,0.000000000000000000e+00
1.778572159188631829e+01,2.272121042290040194e+00,2.693291150289294222e-01,3.440672037943910688e-02,4.016287741675404689e-04,2.038214631935264206e-04,0.000000000000000000e+00
1.818971526442918929e+01,2.323731122859131748e+00,5.386582300550726288e-01,6.881344075852227626e-02,4.196529281959287139e-04,2.130431425760415760e-04,0.000000000000000000e+00
1.859370893697206029e+01,2.375341203428223746e+00,2.693291150275363144e-01,3.440672037926113813e-02,4.380530169655914635e-04,2.224623097518313745e-04,0.000000000000000000e+00
1.899770260951493128e+01,2.426951283997315301e+00,5.386582300634313869e-01,6.881344075959011652e-02,4.568277717847044322e-04,2.320785418236210272e-04,0.000000000000000000e+00
1.940169628205780228e+01,2.478561364566407299e+00,2.693291150303225301e-01,3.440672037961707563e-02,4.759759239614443646e-04,2.418914158941361790e-04,0.000000000000000000e+00
1.980568995460067327e+01,2.530171445135499297e+00,5.386582300578588445e-01,6.881344075887821377e-02,4.954962048039872466e-04,2.519005090661020408e-04,0.000000000000000000e+00
2.020968362714354427e+01,2.581781525704590852e+00,2.693291150289294222e-01,3.440672037943910688e-02,5.153873456205092804e-04,2.621053984422440407e-04,0.000000000000000000e+00
2.061367729968641527e+01,2.633391606273682850e+00,5.386582300606451712e-01,6.881344075923417902e-02,5.356480777191866688e-04,2.725056611252876337e-04,0.000000000000000000e+00
2.101767097222928626e+01,2.685001686842774404e+00,2.693291150317163041e-01,3.440672037979513459e-02,5.562771324081955057e-04,2.831008742179582749e-04,0.000000000000000000e+00
2.142166464477215726e+01,2.736611767411866403e+00,5.386582300606499452e-01,6.881344075923477577e-02,5.772732409957124274e-04,2.938906148229812566e-04,0.000000000000000000e+00
2.182565831731502470e+01,2.788221847980957957e+00,2.693291150247518750e-01,3.440672037890542961e-02,5.986351347899133112e-04,3.048744600430821424e-04,0.000000000000000000e+00
2.222965198985789570e+01,2.839831928550049511e+00,5.386582300606451712e-01,6.881344075923417902e-02,6.203615450989744678e-04,3.160519869809861704e-04,0.000000000000000000e+00
2.263364566240076670e+01,2.891442009119141510e+00,2.693291150247500987e-01,3.440672037890520063e-02,6.424512032310722084e-04,3.274227727394188499e-04,0.000000000000000000e+00
2.303763933494363769e+01,2.943052089688233064e+00,5.386582300550726288e-01,6.881344075852227626e-02,6.649028404943827355e-04,3.389863944211056359e-04,0.000000000000000000e+00
2.344163300748650869e+01,2.994662170257325062e+00,2.693291150358950725e-01,3.440672038032897145e-02,6.877151881970822514e-04,3.507424291287719294e-04,0.000000000000000000e+00
2.384562668002937968e+01,3.046272250826417061e+00,5.386582300662176026e-01,6.881344075994605403e-02,7.108869776473472840e-04,3.626904539651430769e-04,0.000000000000000000e+00
2.424962035257225068e+01,3.097882331395508615e+00,2.693291150247500432e-01,3.440672037890519369e-02,7.344169401533532770e-04,3.748300460329443708e-04,0.000000000000000000e+00
2.465361402511512168e+01,3.149492411964600613e+00,5.386582300606451712e-01,6.881344075923417902e-02,7.583038070232774085e-04,3.871607824349015915e-04,0.000000000000000000e+00
2.505760769765799267e+01,3.201102492533692168e+00,2.693291150219637720e-01,3.440672037854924925e-02,7.825463095652952306e-04,3.996822402737396519e-04,0.000000000000000000e+00
2.546160137020086367e+01,3.252712573102784166e+00,5.386582300439275439e-01,6.881344075709849850e-02,8.071431790875832710e-04,4.123939966521843864e-04,0.000000000000000000e+00
2.586559504274373467e+01,3.304322653671876164e+00,2.693291150303225856e-01,3.440672037961708951e-02,8.320931468983177324e-04,4.252956286729610335e-04,0.000000000000000000e+00
2.626958871528660566e+01,3.355932734240967719e+00,5.386582300662176026e-01,6.881344075994605403e-02,8.573949443056746002e-04,4.383867134387948311e-04,0.000000000000000000e+00
2.667358238782947666e+01,3.407542814810059717e+00,2.693291150331088568e-01,3.440672037997303395e-02,8.830473026178306192e-04,4.516668280524116139e-04,0.000000000000000000e+00
2.707757606037234765e+01,3.459152895379151271e+00,5.386582300717901450e-01,6.881344076065794291e-02,9.090489531429613414e-04,4.651355496165362948e-04,0.000000000000000000e+00
2.748156973291521865e+01,3.510762975948243270e+00,2.693291150303225856e-01,3.440672037961708951e-02,9.353986271892434029e-04,4.787924552338947083e-04,0.000000000000000000e+00
2.788556340545808965e+01,3.562373056517335268e+00,5.386582300439275439e-01,6.881344075709849850e-02,9.620950560648532232e-04,4.926371220072121469e-04,0.000000000000000000e+00
2.828955707800096064e+01,3.613983137086426822e+00,2.693291150331088568e-01,3.440672037997303395e-02,9.891369710779665710e-04,5.066691270392137403e-04,0.000000000000000000e+00
2.869355075054383164e+01,3.665593217655518821e+00,5.386582300550726288e-01,6.881344075852227626e-02,1.016523103536760191e-03,5.208880474326252688e-04,0.000000000000000000e+00
2.909754442308670264e+01,3.717203298224610819e+00,2.693291150331088568e-01,3.440672037997303395e-02,1.044252184749410069e-03,5.352934602901721333e-04,0.000000000000000000e+00
2.950153809562957363e+01,3.768813378793702373e+00,5.386582300606451712e-01,6.881344075923417902e-02,1.072322946024091865e-03,5.498849427145794094e-04,0.000000000000000000e+00
2.990553176817244463e+01,3.820423459362794372e+00,2.693291150191793326e-01,3.440672037819354073e-02,1.100734118668982974e-03,5.646620718085727146e-04,0.000000000000000000e+00
3.030952544071531207e+01,3.872033539931885482e+00,5.386582300606499452e-01,6.881344075923477577e-02,1.129484433992258190e-03,5.796244246748772332e-04,0.000000000000000000e+00
3.071351911325818307e+01,3.923643620500977480e+00,2.693291150358956831e-01,3.440672038032904778e-02,1.158572623302094691e-03,5.947715784162189078e-04,0.000000000000000000e+00
3.111751278580105406e+01,3.975253701070069479e+00,5.386582300383551125e-01,6.881344075638662350e-02,1.187997417906669004e-03,6.101031101353228143e-04,0.000000000000000000e+00
3.152150645834392506e+01,4.026863781639161921e+00,2.693291150358956831e-01,3.440672038032904778e-02,1.217757549114157224e-03,6.256185969349145701e-04,0.000000000000000000e+00
3.192550013088679606e+01,4.078473862208253031e+00,5.386582300829400038e-01,6.881344076208233129e-02,1.247851748232734143e-03,6.413176159177188173e-04,0.000000000000000000e+00
3.232949380342966350e+01,4.130083942777345030e+00,2.693291150303231962e-01,3.440672037961716584e-02,1.278278746570578025e-03,6.571997441864619325e-04,0.000000000000000000e+00
3.273348747597253805e+01,4.181694023346437028e+00,5.386582300495000863e-01,6.881344075781038738e-02,1.309037275435864095e-03,6.732645588438688827e-04,0.000000000000000000e+00
3.313748114851540549e+01,4.233304103915528138e+00,2.693291150303225856e-01,3.440672037961708951e-02,1.340126066136767798e-03,6.895116369926647436e-04,0.000000000000000000e+00
3.354147482105828004e+01,4.284914184484621025e+00,5.386582300606451712e-01,6.881344075923417902e-02,1.371543849981467396e-03,7.059405557355758918e-04,0.000000000000000000e+00
3.394546849360114749e+01,4.336524265053712135e+00,2.693291150136050138e-01,3.440672037748142287e-02,1.403289358278137031e-03,7.225508921753266440e-04,0.000000000000000000e+00
3.434946216614402204e+01,4.388134345622804133e+00,5.386582300606451712e-01,6.881344075923417902e-02,1.435361322334954316e-03,7.393422234146433767e-04,0.000000000000000000e+00
3.475345583868688948e+01,4.439744426191895244e+00,2.693291150470424888e-01,3.440672038175304759e-02,1.467758473460094261e-03,7.563141265562505150e-04,0.000000000000000000e+00
3.515744951122975692e+01,4.491354506760987242e+00,5.386582300495000863e-01,6.881344075781038738e-02,1.500479542961734910e-03,7.734661787028744356e-04,0.000000000000000000e+00
3.556144318377263147e+01,4.542964587330079240e+00,2.693291150358950725e-01,3.440672038032897145e-02,1.533523262148051057e-03,7.907979569572401056e-04,0.000000000000000000e+00
3.596543685631549891e+01,4.594574667899170350e+00,5.386582300717901450e-01,6.881344076065794291e-02,1.566888362327219014e-03,8.083090384220724921e-04,0.000000000000000000e+00
3.636943052885837346e+01,4.646184748468263237e+00,2.693291149968874976e-01,3.440672037534576316e-02,1.600573574807416175e-03,8.259990002000981886e-04,0.000000000000000000e+00
3.677342420140124091e+01,4.697794829037354347e+00,5.386582300717901450e-01,6.881344076065794291e-02,1.634577630896816899e-03,8.438674193940411865e-04,0.000000000000000000e+00
3.717741787394411546e+01,4.749404909606446346e+00,2.693291150358950725e-01,3.440672038032897145e-02,1.668899261903599015e-03,8.619138731066278624e-04,0.000000000000000000e+00
3.758141154648698290e+01,4.801014990175538344e+00,5.386582300495000863e-01,6.881344075781038738e-02,1.703537199135937751e-03,8.801379384405832920e-04,0.000000000000000000e+00
3.798540521902985745e+01,4.852625070744630342e+00,2.693291150247500987e-01,3.440672037890520063e-02,1.738490173902010284e-03,8.985391924986330927e-04,0.000000000000000000e+00
3.838939889157272489e+01,4.904235151313721452e+00,5.386582300940802037e-01,6.881344076350548455e-02,1.773756917509991624e-03,9.171172123835023404e-04,0.000000000000000000e+00
3.879339256411559944e+01,4.955845231882814339e+00,2.693291150358950725e-01,3.440672038032897145e-02,1.809336161268059384e-03,9.358715751979167609e-04,0.000000000000000000e+00
3.919738623665846688e+01,5.007455312451905449e+00,5.386582300495000863e-01,6.881344075781038738e-02,1.845226636484387922e-03,9.548018580446013216e-04,0.000000000000000000e+00
3.960137990920134143e+01,5.059065393020997448e+00,2.693291150247500987e-01,3.440672037890520063e-02,1.881427074467155935e-03,9.739076380262820737e-04,0.000000000000000000e+00
4.000537358174420888e+01,5.110675473590088558e+00,5.386582300717901450e-01,6.881344076065794291e-02,1.917936206524537132e-03,9.931884922456835508e-04,0.000000000000000000e+00
4.040936725428708343e+01,5.162285554159181444e+00,2.693291150136050138e-01,3.440672037748142287e-02,1.954752763964710642e-03,1.012643997805532346e-03,0.000000000000000000e+00
4.081336092682995087e+01,5.213895634728272555e+00,5.386582300940802037e-01,6.881344076350548455e-02,1.991875478095849524e-03,1.032273731808552777e-03,0.000000000000000000e+00
4.121735459937282542e+01,5.265505715297364553e+00,2.693291150247500987e-01,3.440672037890520063e-02,2.029303080226131390e-03,1.052077271357470785e-03,0.000000000000000000e+00
4.162134827191569286e+01,5.317115795866456551e+00,5.386582300495000863e-01,6.881344075781038738e-02,2.067034301663733635e-03,1.072054193555011881e-03,0.000000000000000000e+00
4.202534194445856741e+01,5.368725876435548550e+00,2.693291150247500987e-01,3.440672037890520063e-02,2.105067873716831052e-03,1.092204075503901573e-03,0.000000000000000000e+00
4.242933561700143485e+01,5.420335957004639660e+00,5.386582300717901450e-01,6.881344076065794291e-02,2.143402527693599735e-03,1.112526494306864070e-03,0.000000000000000000e+00
4.283332928954430940e+01,5.471946037573732546e+00,2.693291149801711470e-01,3.440672037321025611e-02,2.182036994902217513e-03,1.133021027066626616e-03,0.000000000000000000e+00
4.323732296208717685e+01,5.523556118142823657e+00,5.386582301163798103e-01,6.881344076635426132e-02,2.220970006650857878e-03,1.153687250885912985e-03,0.000000000000000000e+00
4.364131663463004429e+01,5.575166198711914767e+00,2.693291150247513199e-01,3.440672037890536022e-02,2.260200294247699093e-03,1.174524742867449336e-03,0.000000000000000000e+00
4.404531030717291884e+01,5.626776279281006765e+00,5.386582300495000863e-01,6.881344075781038738e-02,2.299726589000917684e-03,1.195533080113961181e-03,0.000000000000000000e+00
4.444930397971578628e+01,5.678386359850098764e+00,2.693291150581851312e-01,3.440672038317652004e-02,2.339547622218689314e-03,1.216711839728174243e-03,0.000000000000000000e+00
4.485329765225866083e+01,5.729996440419190762e+00,5.386582300717901450e-01,6.881344076065794291e-02,2.379662125209189641e-03,1.238060598812812949e-03,0.000000000000000000e+00
4.525729132480152828e+01,5.781606520988281872e+00,2.693291150247500987e-01,3.440672037890520063e-02,2.420068829280594760e-03,1.259578934470603241e-03,0.000000000000000000e+00
4.566128499734440283e+01,5.833216601557374759e+00,5.386582300940802037e-01,6.881344076350548455e-02,2.460766465741083368e-03,1.281266423804271063e-03,0.000000000000000000e+00
4.606527866988727027e+01,5.884826682126465869e+00,2.693291150136050693e-01,3.440672037748142981e-02,2.501753765898828523e-03,1.303122643916540839e-03,0.000000000000000000e+00
4.646927234243014482e+01,5.936436762695557867e+00,5.386582300717901450e-01,6.881344076065794291e-02,2.543029461062007619e-03,1.325147171910138512e-03,0.000000000000000000e+00
4.687326601497301226e+01,5.988046843264649866e+00,2.693291150581851312e-01,3.440672038317652004e-02,2.584592282538796752e-03,1.347339584887789158e-03,0.000000000000000000e+00
4.727725968751588681e+01,6.039656923833741864e+00,5.386582301163702624e-01,6.881344076635304008e-02,2.626440961637373315e-03,1.369699459952219154e-03,0.000000000000000000e+00
4.768125336005875425e+01,6.091267004402832974e+00,2.693291149467349488e-01,3.440672036893879099e-02,2.668574229665911669e-03,1.392226374206152490e-03,0.000000000000000000e+00
4.808524703260162880e+01,6.142877084971924972e+00,5.386582301163702624e-01,6.881344076635304008e-02,2.710990817932589208e-03,1.414919904752315544e-03,0.000000000000000000e+00
4.848924070514449625e+01,6.194487165541016971e+00,2.693291150358951280e-01,3.440672038032897839e-02,2.753689457745582461e-03,1.437779628693433174e-03,0.000000000000000000e+00
4.889323437768737080e+01,6.246097246110108969e+00,5.386582300272100277e-01,6.881344075496284574e-02,2.796668880413067087e-03,1.460805123132231757e-03,0.000000000000000000e+00
4.929722805023023824e+01,6.297707326679200079e+00,2.693291149467349488e-01,3.440672036893879099e-02,2.839927817243218747e-03,1.483995965171435068e-03,0.000000000000000000e+00
4.970122172277311279e+01,6.349317407248292966e+00,5.386582300717901450e-01,6.881344076065794291e-02,2.883464999544215705e-03,1.507351731913770566e-03,0.000000000000000000e+00
5.010521539531598023e+01,6.400927487817384076e+00,2.693291149467349488e-01,3.440672036893879099e-02,2.927279158624231017e-03,1.530872000461961377e-03,0.000000000000000000e+00
5.050920906785885478e+01,6.452537568386476075e+00,5.386582300272100277e-01,6.881344075496284574e-02,2.971369025791443814e-03,1.554556347918734744e-03,0.000000000000000000e+00
5.091320274040172222e+01,6.504147648955568073e+00,2.693291150804751899e-01,3.440672038602406863e-02,3.015733332354029322e-03,1.578404351386815743e-03,0.000000000000000000e+00
5.131719641294459677e+01,6.555757729524660071e+00,5.386582300272100277e-01,6.881344075496284574e-02,3.060370809620162769e-03,1.602415587968929233e-03,0.000000000000000000e+00
5.172119008548746422e+01,6.607367810093751181e+00,2.693291150804775769e-01,3.440672038602437394e-02,3.105280188898021116e-03,1.626589634767800071e-03,0.000000000000000000e+00
5.212518375803033166e+01,6.658977890662843180e+00,5.386582299826299103e-01,6.881344074926774856e-02,3.150460201495781758e-03,1.650926068886155503e-03,0.000000000000000000e+00
5.252917743057320621e+01,6.710587971231935178e+00,2.693291149913150107e-01,3.440672037463388122e-02,3.195909578721619054e-03,1.675424467426719303e-03,0.000000000000000000e+00
5.293317110311607365e+01,6.762198051801026288e+00,5.386582301609503798e-01,6.881344077204813725e-02,3.241627051883709532e-03,1.700084407492217413e-03,0.000000000000000000e+00
5.333716477565894820e+01,6.813808132370118287e+00,2.693291150581851312e-01,3.440672038317652004e-02,3.287611352290231020e-03,1.724905466185375777e-03,0.000000000000000000e+00
5.374115844820181565e+01,6.865418212939210285e+00,5.386582300272100277e-01,6.881344075496284574e-02,3.333861211249358313e-03,1.749887220608919037e-03,0.000000000000000000e+00
5.414515212074469019e+01,6.917028293508302283e+00,2.693291150136050693e-01,3.440672037748142981e-02,3.380375360069269239e-03,1.775029247865573569e-03,0.000000000000000000e+00
5.454914579328755764e+01,6.968638374077393394e+00,5.386582300717901450e-01,6.881344076065794291e-02,3.427152530058137289e-03,1.800331125058063147e-03,0.000000000000000000e+00
5.495313946583043219e+01,7.020248454646486280e+00,2.693291151027652486e-01,3.440672038887161721e-02,3.474191452524141594e-03,1.825792429289114800e-03,0.000000000000000000e+00
5.535713313837329963e+01,7.071858535215577390e+00,5.386582299380499039e-01,6.881344074357266527e-02,3.521490858775454778e-03,1.851412737661452517e-03,0.000000000000000000e+00
5.576112681091617418e+01,7.123468615784669389e+00,2.693291149913150107e-01,3.440672037463388122e-02,3.569049480120256405e-03,1.877191627277802893e-03,0.000000000000000000e+00
5.616512048345904162e+01,7.175078696353761387e+00,5.386582300272100277e-01,6.881344075496284574e-02,3.616866047866722136e-03,1.903128675240891438e-03,0.000000000000000000e+00
5.656911415600191617e+01,7.226688776922853386e+00,2.693291150804751899e-01,3.440672038602406863e-02,3.664939293323028063e-03,1.929223458653442575e-03,0.000000000000000000e+00
5.697310782854478362e+01,7.278298857491944496e+00,5.386582300717901450e-01,6.881344076065794291e-02,3.713267947797348548e-03,1.955475554618181597e-03,0.000000000000000000e+00
5.737710150108765816e+01,7.329908938061036494e+00,2.693291149467348933e-01,3.440672036893878405e-02,3.761850742597861851e-03,1.981884540237835099e-03,0.000000000000000000e+00
5.778109517363052561e+01,7.381519018630128492e+00,5.386582302501106145e-01,6.881344078343833159e-02,3.810686409032743634e-03,2.008449992615127938e-03,0.000000000000000000e+00
5.818508884617340016e+01,7.433129099199220491e+00,2.693291150136050138e-01,3.440672037748142287e-02,3.859773678410171292e-03,2.035171488852785624e-03,0.000000000000000000e+00
5.858908251871626760e+01,7.484739179768311601e+00,5.386582301163702624e-01,6.881344076635304008e-02,3.909111282038317883e-03,2.062048606053532799e-03,0.000000000000000000e+00
5.899307619125914215e+01,7.536349260337404488e+00,2.693291150581851312e-01,3.440672038317652004e-02,3.958697951225363838e-03,2.089080921320096273e-03,0.000000000000000000e+00
5.939706986380200959e+01,7.587959340906495598e+00,5.386582301163702624e-01,6.881344076635304008e-02,4.008532417279480481e-03,2.116268011755200254e-03,0.000000000000000000e+00
5.980106353634488414e+01,7.639569421475587596e+00,2.693291151027664698e-01,3.440672038887176987e-02,4.058613411508848676e-03,2.143609454461570252e-03,0.000000000000000000e+00
6.020505720888775159e+01,7.691179502044679595e+00,5.386582300272195756e-01,6.881344075496406698e-02,4.108939665221642348e-03,2.171104826541932643e-03,0.000000000000000000e+00
6.060905088143061903e+01,7.742789582613770705e+00,2.693291150581863524e-01,3.440672038317667270e-02,4.159509909726037159e-03,2.198753705099011635e-03,0.000000000000000000e+00
6.101304455397349358e+01,7.794399663182862703e+00,5.386582300272100277e-01,6.881344075496284574e-02,4.210322876330210504e-03,2.226555667235533172e-03,0.000000000000000000e+00
6.141703822651636102e+01,7.846009743751953813e+00,2.693291149244448901e-01,3.440672036609124240e-02,4.261377296342338909e-03,2.254510290054222762e-03,0.000000000000000000e+00
6.182103189905923557e+01,7.897619824321046700e+00,5.386582302946906209e-01,6.881344078913341489e-02,4.312671901070598904e-03,2.282617150657806349e-03,0.000000000000000000e+00
6.222502557160210301e+01,7.949229904890137810e+00,2.693291149244448346e-01,3.440672036609123546e-02,4.364205421823164413e-03,2.310875826149008140e-03,0.000000000000000000e+00
6.262901924414497756e+01,8.000839985459231585e+00,5.386582299380499039e-01,6.881344074357266527e-02,4.415976589908216302e-03,2.339285893630554947e-03,0.000000000000000000e+00
6.303301291668784501e+01,8.052450066028322695e+00,2.693291149690249520e-01,3.440672037178633264e-02,4.467984136633924158e-03,2.367846930205170543e-03,0.000000000000000000e+00
6.343700658923071956e+01,8.104060146597415581e+00,5.386582302946906209e-01,6.881344078913341489e-02,4.520226793308469715e-03,2.396558512975581305e-03,0.000000000000000000e+00
6.384100026177358700e+01,8.155670227166506692e+00,2.693291149690213993e-01,3.440672037178587467e-02,4.572703291240025163e-03,2.425420219044511876e-03,0.000000000000000000e+00
6.424499393431646865e+01,8.207280307735599578e+00,5.386582301163608255e-01,6.881344076635183271e-02,4.625412361736770499e-03,2.454431625514689498e-03,0.000000000000000000e+00
6.464898760685933610e+01,8.258890388304690688e+00,2.693291149690248965e-01,3.440672037178632570e-02,4.678352736106879649e-03,2.483592309488837947e-03,0.000000000000000000e+00
6.505298127940220354e+01,8.310500468873781799e+00,5.386582301163608255e-01,6.881344076635183271e-02,4.731523145658527406e-03,2.512901848069681865e-03,0.000000000000000000e+00
6.545697495194508519e+01,8.362110549442874685e+00,2.693291151027629171e-01,3.440672038887131884e-02,4.784922321699895502e-03,2.542359818359949796e-03,0.000000000000000000e+00
6.586096862448795264e+01,8.413720630011965795e+00,5.386582299380593408e-01,6.881344074357387264e-02,4.838548995539154393e-03,2.571965797462364648e-03,0.000000000000000000e+00
6.626496229703082008e+01,8.465330710581058682e+00,2.693291151473476974e-01,3.440672039456701276e-02,4.892401898484483209e-03,2.601719362479651496e-03,0.000000000000000000e+00
6.666895596957368753e+01,8.516940791150149792e+00,5.386582300272005908e-01,6.881344075496163837e-02,4.946479761844056744e-03,2.631620090514537151e-03,0.000000000000000000e+00
6.707294964211656918e+01,8.568550871719242679e+00,2.693291151027629171e-01,3.440672038887131884e-02,5.000781316926054126e-03,2.661667558669746688e-03,0.000000000000000000e+00
6.747694331465943662e+01,8.620160952288333789e+00,5.386582302055399341e-01,6.881344077774444179e-02,5.055305295038648415e-03,2.691861344048005616e-03,0.000000000000000000e+00
6.788093698720230407e+01,8.671771032857424899e+00,2.693291149690273389e-01,3.440672037178663795e-02,5.110050427490015271e-03,2.722201023752038145e-03,0.000000000000000000e+00
6.828493065974517151e+01,8.723381113426516009e+00,5.386582301163608255e-01,6.881344076635183271e-02,5.165015445588332955e-03,2.752686174884570649e-03,0.000000000000000000e+00
6.868892433228805317e+01,8.774991193995608896e+00,2.693291148798623857e-01,3.440672036039583992e-02,5.220199080641778865e-03,2.783316374548329072e-03,0.000000000000000000e+00
6.909291800483092061e+01,8.826601274564701782e+00,5.386582300272195756e-01,6.881344075496406698e-02,5.275600063958527791e-03,2.814091199846038491e-03,0.000000000000000000e+00
6.949691167737378805e+01,8.878211355133792893e+00,2.693291151027700225e-01,3.440672038887222783e-02,5.331217126846753661e-03,2.845010227880423112e-03,0.000000000000000000e+00
6.990090534991665550e+01,8.929821435702884003e+00,5.386582299380593408e-01,6.881344074357387264e-02,5.387049000614636471e-03,2.876073035754209747e-03,0.000000000000000000e+00
7.030489902245952294e+01,8.981431516271975113e+00,2.693291150581827997e-01,3.440672038317622167e-02,5.443094416570348412e-03,2.907279200570122603e-03,0.000000000000000000e+00
7.070889269500240459e+01,9.033041596841067999e+00,5.386582301163608255e-01,6.881344076635183271e-02,5.499352106022071217e-03,2.938628299430889358e-03,0.000000000000000000e+00
7.111288636754527204e+01,9.084651677410159110e+00,2.693291150136074563e-01,3.440672037748173512e-02,5.555820800277977943e-03,2.970119909439233354e-03,0.000000000000000000e+00
7.151688004008813948e+01,9.136261757979251996e+00,5.386582302055399341e-01,6.881344077774444179e-02,5.612499230646244251e-03,3.001753607697880966e-03,0.000000000000000000e+00
7.192087371263100692e+01,9.187871838548343106e+00,2.693291149690225650e-01,3.440672037178602732e-02,5.669386128435046669e-03,3.033528971309556403e-03,0.000000000000000000e+00
7.232486738517388858e+01,9.239481919117435993e+00,5.386582301163608255e-01,6.881344076635183271e-02,5.726480224952563459e-03,3.065445577376986908e-03,0.000000000000000000e+00
7.272886105771675602e+01,9.291091999686527103e+00,2.693291149244472216e-01,3.440672036609154077e-02,5.783780251506966813e-03,3.097503003002895824e-03,0.000000000000000000e+00
7.313285473025962347e+01,9.342702080255618213e+00,5.386582302055399341e-01,6.881344077774444179e-02,5.841284939406436727e-03,3.129700825290009526e-03,0.000000000000000000e+00
7.353684840280249091e+01,9.394312160824709323e+00,2.693291151027629171e-01,3.440672038887131884e-02,5.898993019959146260e-03,3.162038621341053089e-03,0.000000000000000000e+00
7.394084207534537256e+01,9.445922241393802210e+00,5.386582302055210603e-01,6.881344077774202705e-02,5.956903224473275409e-03,3.194515968258753325e-03,0.000000000000000000e+00
7.434483574788824001e+01,9.497532321962895097e+00,2.693291151027675800e-01,3.440672038887191558e-02,6.015014284256998967e-03,3.227132443145835309e-03,0.000000000000000000e+00
7.474882942043110745e+01,9.549142402531986207e+00,5.386582300272195756e-01,6.881344075496406698e-02,6.073324930618489992e-03,3.259887623105022381e-03,0.000000000000000000e+00
7.515282309297397489e+01,9.600752483101077317e+00,2.693291150136026824e-01,3.440672037748112450e-02,6.131833894865927614e-03,3.292781085239040919e-03,0.000000000000000000e+00
7.555681676551685655e+01,9.652362563670170204e+00,5.386582300272005908e-01,6.881344075496163837e-02,6.190539908307490964e-03,3.325812406650619033e-03,0.000000000000000000e+00
7.596081043805972399e+01,9.703972644239261314e+00,2.693291150136074008e-01,3.440672037748172818e-02,6.249441702251349630e-03,3.358981164442477896e-03,0.000000000000000000e+00
7.636480411060259144e+01,9.755582724808352424e+00,5.386582302055399341e-01,6.881344077774444179e-02,6.308538008005684476e-03,3.392286935717345187e-03,0.000000000000000000e+00
7.676879778314545888e+01,9.807192805377445310e+00,2.693291151027629171e-01,3.440672038887131884e-02,6.367827556878671164e-03,3.425729297577946846e-03,0.000000000000000000e+00
7.717279145568834053e+01,9.858802885946538197e+00,5.386582300272005908e-01,6.881344075496163837e-02,6.427309080178486220e-03,3.459307827127007517e-03,0.000000000000000000e+00
7.757678512823120798e+01,9.910412966515629307e+00,2.693291149244472216e-01,3.440672036609154077e-02,6.486981309213303570e-03,3.493022101467252710e-03,0.000000000000000000e+00
7.798077880077407542e+01,9.962023047084720417e+00,5.386582302055399341e-01,6.881344077774444179e-02,6.546842975291300611e-03,3.526871697701406197e-03,0.000000000000000000e+00
7.838477247331694286e+01,1.001363312765381153e+01,2.693291148352869868e-01,3.440672035470133949e-02,6.606892809720653868e-03,3.560856192932195224e-03,0.000000000000000000e+00
7.878876614585981031e+01,1.006524320822290264e+01,5.386582303838414187e-01,6.881344080052240186e-02,6.667129543809537269e-03,3.594975164262343998e-03,0.000000000000000000e+00
7.919275981840269196e+01,1.011685328879199552e+01,2.693291151919230964e-01,3.440672040026150624e-02,6.727551908866133412e-03,3.629228188794580631e-03,0.000000000000000000e+00
7.959675349094555941e+01,1.016846336936108841e+01,5.386582300272195756e-01,6.881344075496406698e-02,6.788158636198615356e-03,3.663614843631628898e-03,0.000000000000000000e+00
8.000074716348842685e+01,1.022007344993017952e+01,2.693291149244472216e-01,3.440672036609154077e-02,6.848948457115154424e-03,3.698134705876213006e-03,0.000000000000000000e+00
8.040474083603129429e+01,1.027168353049927063e+01,5.386582300272005908e-01,6.881344075496163837e-02,6.909920102923931481e-03,3.732787352631059333e-03,0.000000000000000000e+00
8.080873450857417595e+01,1.032329361106836352e+01,2.693291151919230964e-01,3.440672040026150624e-02,6.971072304933124790e-03,3.767572360998893387e-03,0.000000000000000000e+00
8.121272818111704339e+01,1.037490369163745463e+01,5.386582300272195756e-01,6.881344075496406698e-02,7.032403794450904806e-03,3.802489308082440678e-03,0.000000000000000000e+00
8.161672185365991083e+01,1.042651377220654574e+01,2.693291150136074008e-01,3.440672037748172818e-02,7.093913302785449793e-03,3.837537770984424980e-03,0.000000000000000000e+00
8.202071552620277828e+01,1.047812385277563685e+01,5.386582300272005908e-01,6.881344075496163837e-02,7.155599561244939746e-03,3.872717326807574405e-03,0.000000000000000000e+00
8.242470919874565993e+01,1.052973393334473151e+01,2.693291151027629171e-01,3.440672038887131884e-02,7.217461301137549461e-03,3.908027552654615329e-03,0.000000000000000000e+00
8.282870287128852738e+01,1.058134401391382262e+01,5.386582302055399341e-01,6.881344077774444179e-02,7.279497253771451994e-03,3.943468025628268057e-03,0.000000000000000000e+00
8.323269654383139482e+01,1.063295409448291373e+01,2.693291150136074008e-01,3.440672037748172818e-02,7.341706150454823006e-03,3.979038322831260702e-03,0.000000000000000000e+00
8.363669021637426226e+01,1.068456417505200484e+01,5.386582302055210603e-01,6.881344077774202705e-02,7.404086722495842494e-03,4.014738021366319638e-03,0.000000000000000000e+00
8.404068388891714392e+01,1.073617425562109773e+01,2.693291151027629171e-01,3.440672038887131884e-02,7.466637701202688722e-03,4.050566698336170376e-03,0.000000000000000000e+00
8.444467756146001136e+01,1.078778433619018884e+01,5.386582298488992171e-01,6.881344073218367829e-02,7.529357817883530410e-03,4.086523930843535823e-03,0.000000000000000000e+00
8.484867123400287880e+01,1.083939441675928173e+01,2.693291151027675800e-01,3.440672038887191558e-02,7.592245803846551892e-03,4.122609295991144090e-03,0.000000000000000000e+00
8.525266490654574625e+01,1.089100449732837284e+01,5.386582302055210603e-01,6.881344077774202705e-02,7.655300390399921891e-03,4.158822370881718085e-03,0.000000000000000000e+00
8.565665857908862790e+01,1.094261457789746572e+01,2.693291148352823239e-01,3.440672035470074969e-02,7.718520308851822137e-03,4.195162732617987653e-03,0.000000000000000000e+00
8.606065225163149535e+01,1.099422465846655683e+01,5.386582302055399341e-01,6.881344077774444179e-02,7.781904290510424822e-03,4.231629958302672231e-03,0.000000000000000000e+00
8.646464592417436279e+01,1.104583473903564794e+01,2.693291146569689598e-01,3.440672033192126306e-02,7.845451066683909944e-03,4.268223625038500800e-03,0.000000000000000000e+00
8.686863959671723023e+01,1.109744481960473905e+01,5.386582300272195756e-01,6.881344075496406698e-02,7.909159368680449692e-03,4.304943309928198000e-03,0.000000000000000000e+00
8.727263326926009768e+01,1.114905490017383016e+01,2.693291149244425031e-01,3.440672036609093709e-02,7.973027927808223198e-03,4.341788590074489342e-03,0.000000000000000000e+00
8.767662694180297933e+01,1.120066498074292483e+01,5.386582302055210603e-01,6.881344077774202705e-02,8.037055475375410457e-03,4.378759042580102935e-03,0.000000000000000000e+00
8.808062061434584677e+01,1.125227506131201594e+01,2.693291151027675800e-01,3.440672038887191558e-02,8.101240742690182794e-03,4.415854244547759953e-03,0.000000000000000000e+00
8.848461428688871422e+01,1.130388514188110705e+01,5.386582296705787476e-01,6.881344070940328961e-02,8.165582461060711533e-03,4.453073773080185906e-03,0.000000000000000000e+00
8.888860795943158166e+01,1.135549522245019816e+01,2.693291152810832756e-01,3.440672041165169365e-02,8.230079361795180140e-03,4.490417205280108036e-03,0.000000000000000000e+00
8.929260163197446332e+01,1.140710530301929104e+01,5.386582302055210603e-01,6.881344077774202705e-02,8.294730176201766877e-03,4.527884118250252721e-03,0.000000000000000000e+00
8.969659530451733076e+01,1.145871538358838215e+01,2.693291148352869868e-01,3.440672035470133949e-02,8.359533635588643069e-03,4.565474089093343735e-03,0.000000000000000000e+00
9.010058897706019820e+01,1.151032546415747504e+01,5.386582302055399341e-01,6.881344077774444179e-02,8.424488471263983508e-03,4.603186694912106587e-03,0.000000000000000000e+00
9.050458264960306565e+01,1.156193554472656615e+01,2.693291150136026824e-01,3.440672037748112450e-02,8.489593414535966456e-03,4.641021512809266787e-03,0.000000000000000000e+00
9.090857632214594730e+01,1.161354562529565904e+01,5.386582298488802323e-01,6.881344073218126356e-02,8.554847196712773646e-03,4.678978119887550711e-03,0.000000000000000000e+00
9.131256999468881475e+01,1.166515570586475015e+01,2.693291148352869868e-01,3.440672035470133949e-02,8.620248549102571198e-03,4.717056093249681267e-03,0.000000000000000000e+00
9.171656366723168219e+01,1.171676578643384126e+01,5.386582303838604036e-01,6.881344080052483048e-02,8.685796203013540842e-03,4.755255009998385698e-03,0.000000000000000000e+00
9.212055733977454963e+01,1.176837586700293237e+01,2.693291147461220891e-01,3.440672034331054840e-02,8.751488889753859107e-03,4.793574447236388647e-03,0.000000000000000000e+00
9.252455101231743129e+01,1.181998594757202525e+01,5.386582303838414187e-01,6.881344080052240186e-02,8.817325340631705990e-03,4.832013982066419092e-03,0.000000000000000000e+00
9.292854468486029873e+01,1.187159602814111814e+01,2.693291151919278148e-01,3.440672040026210993e-02,8.883304286955249346e-03,4.870573191591198205e-03,0.000000000000000000e+00
9.333253835740316617e+01,1.192320610871020925e+01,5.386582300272195756e-01,6.881344075496406698e-02,8.949424460032670905e-03,4.909251652913452363e-03,0.000000000000000000e+00
9.373653202994603362e+01,1.197481618927930036e+01,2.693291150136026824e-01,3.440672037748112450e-02,9.015684591172140258e-03,4.948048943135905341e-03,0.000000000000000000e+00
9.414052570248891527e+01,1.202642626984839325e+01,5.386582300272005908e-01,6.881344075496163837e-02,9.082083411681842605e-03,4.986964639361286984e-03,0.000000000000000000e+00
9.454451937503178272e+01,1.207803635041748436e+01,2.693291148352869868e-01,3.440672035470133949e-02,9.148619652869951005e-03,5.025998318692320201e-03,0.000000000000000000e+00
9.494851304757465016e+01,1.212964643098657547e+01,5.386582303838604036e-01,6.881344080052483048e-02,9.215292046044636781e-03,5.065149558231728764e-03,0.000000000000000000e+00
9.535250672011751760e+01,1.218125651155566658e+01,2.693291146569666283e-01,3.440672033192096468e-02,9.282099322514083400e-03,5.104417935082239052e-03,0.000000000000000000e+00
9.575650039266038505e+01,1.223286659212475946e+01,5.386582300272005908e-01,6.881344075496163837e-02,9.349040213586467390e-03,5.143803026346580043e-03,0.000000000000000000e+00
9.616049406520326670e+01,1.228447667269385235e+01,2.693291151919230964e-01,3.440672040026150624e-02,9.416113450569958340e-03,5.183304409127473776e-03,0.000000000000000000e+00
9.656448773774613414e+01,1.233608675326294346e+01,5.386582296705787476e-01,6.881344070940328961e-02,9.483317764772736247e-03,5.222921660527644894e-03,0.000000000000000000e+00
9.696848141028900159e+01,1.238769683383203457e+01,2.693291153702481733e-01,3.440672042304248474e-02,9.550651887502974169e-03,5.262654357649819772e-03,0.000000000000000000e+00
9.737247508283186903e+01,1.243930691440112568e+01,5.386582303838414187e-01,6.881344080052240186e-02,9.618114550068853838e-03,5.302502077596724789e-03,0.000000000000000000e+00
9.777646875537475069e+01,1.249091699497021857e+01,2.693291155485638688e-01,3.440672044582226974e-02,9.685704483778550047e-03,5.342464397471083717e-03,0.000000000000000000e+00
9.818046242791761813e+01,1.254252707553931145e+01,5.386582296705787476e-01,6.881344070940328961e-02,9.753420419940234121e-03,5.382540894375624670e-03,0.000000000000000000e+00
9.858445610046048557e+01,1.259413715610840256e+01,2.693291150136074563e-01,3.440672037748173512e-02,9.821261089862089524e-03,5.422731145413070553e-03,0.000000000000000000e+00
9.898844977300335302e+01,1.264574723667749367e+01,5.386582296705598738e-01,6.881344070940088875e-02,9.889225224852282378e-03,5.463034727686146008e-03,0.000000000000000000e+00
9.939244344554623467e+01,1.269735731724658656e+01,2.693291143003211374e-01,3.440672028635960444e-02,9.957311556219001353e-03,5.503451218297579148e-03,0.000000000000000000e+00
9.979643711808910211e+01,1.274896739781567767e+01,5.386582303838604036e-01,6.881344080052483048e-02,1.002551881527041604e-02,5.543980194350095481e-03,0.000000000000000000e+00
1.002004307906319696e+02,1.280057747838476878e+01,2.693291148352869868e-01,3.440672035470133949e-02,1.009384573331469949e-02,5.584621232946416179e-03,0.000000000000000000e+00
1.006044244631748370e+02,1.285218755895385989e+01,5.386582293139190458e-01,6.881344066384011138e-02,1.016229104166003344e-02,5.625373911189271089e-03,0.000000000000000000e+00
1.010084181357177187e+02,1.290379763952295455e+01,2.693291157268842828e-01,3.440672046860265149e-02,1.023085347161459616e-02,5.666237806181386588e-03,0.000000000000000000e+00
1.014124118082605861e+02,1.295540772009204566e+01,5.386582293139380306e-01,6.881344066384253999e-02,1.029953175448655375e-02,5.707212495025482113e-03,0.000000000000000000e+00
1.018164054808034535e+02,1.300701780066113677e+01,2.693291151919278148e-01,3.440672040026210993e-02,1.036832462158409143e-02,5.748297554824287510e-03,0.000000000000000000e+00
1.022203991533463210e+02,1.305862788123022789e+01,5.386582296705598738e-01,6.881344070940088875e-02,1.043723080421538399e-02,5.789492562680526554e-03,0.000000000000000000e+00
1.026243928258892026e+02,1.311023796179932077e+01,2.693291151919230964e-01,3.440672040026150624e-02,1.050624903368860795e-02,5.830797095696927355e-03,0.000000000000000000e+00
1.030283864984320701e+02,1.316184804236841188e+01,5.386582296705787476e-01,6.881344070940328961e-02,1.057537804131193464e-02,5.872210730976211955e-03,0.000000000000000000e+00
1.034323801709749375e+02,1.321345812293750477e+01,2.693291144786486013e-01,3.440672030914088825e-02,1.064461655839354579e-02,5.913733045621108464e-03,0.000000000000000000e+00
1.038363738435178050e+02,1.326506820350659588e+01,5.386582303838604036e-01,6.881344080052483048e-02,1.071396331624161619e-02,5.955363616734340657e-03,0.000000000000000000e+00
1.042403675160606724e+02,1.331667828407568699e+01,2.693291141220007234e-01,3.440672026357921576e-02,1.078341704616431890e-02,5.997102021418632307e-03,0.000000000000000000e+00
1.046443611886035541e+02,1.336828836464477988e+01,5.386582289572782178e-01,6.881344061827934788e-02,1.085297647946983392e-02,6.038947836776711528e-03,0.000000000000000000e+00
1.050483548611464215e+02,1.341989844521387099e+01,2.693291159052094152e-01,3.440672049138363692e-02,1.092264034746633604e-02,6.080900639911302960e-03,0.000000000000000000e+00
1.054523485336892890e+02,1.347150852578296210e+01,5.386582296705787476e-01,6.881344070940328961e-02,1.099240738146200005e-02,6.122960007925132980e-03,0.000000000000000000e+00
1.058563422062321564e+02,1.352311860635205321e+01,2.693291148352823239e-01,3.440672035470074969e-02,1.106227631276500249e-02,6.165125517920923628e-03,0.000000000000000000e+00
1.062603358787750381e+02,1.357472868692114787e+01,5.386582307404822467e-01,6.881344084608316536e-02,1.113224587268353029e-02,6.207396747001408220e-03,0.000000000000000000e+00
1.066643295513179055e+02,1.362633876749023898e+01,2.693291151919278148e-01,3.440672040026210993e-02,1.120231479252574262e-02,6.249773272269301856e-03,0.000000000000000000e+00
1.070683232238607729e+02,1.367794884805933009e+01,5.386582296705787476e-01,6.881344070940328961e-02,1.127248180359982123e-02,6.292254670827335250e-03,0.000000000000000000e+00
1.074723168964036404e+02,1.372955892862842120e+01,2.693291150136026824e-01,3.440672037748112450e-02,1.134274563721394957e-02,6.334840519778233911e-03,0.000000000000000000e+00
1.078763105689465220e+02,1.378116900919751409e+01,5.386582300272005908e-01,6.881344075496163837e-02,1.141310502467629377e-02,6.377530396224723348e-03,0.000000000000000000e+00
1.082803042414893895e+02,1.383277908976660520e+01,2.693291148352869868e-01,3.440672035470133949e-02,1.148355869729503903e-02,6.420323877269526469e-03,0.000000000000000000e+00
1.086842979140322569e+02,1.388438917033569631e+01,5.386582307405012315e-01,6.881344084608559397e-02,1.155410538637835667e-02,6.463220540015371385e-03,0.000000000000000000e+00
1.090882915865751244e+02,1.393599925090478919e+01,2.693291141220006679e-01,3.440672026357920882e-02,1.162474382323442496e-02,6.506219961564983605e-03,0.000000000000000000e+00
1.094922852591180060e+02,1.398760933147388208e+01,5.386582310971229637e-01,6.881344089164392885e-02,1.169547273917141868e-02,6.549321719021088638e-03,0.000000000000000000e+00
1.098962789316608735e+02,1.403921941204297319e+01,2.693291146569666283e-01,3.440672033192096468e-02,1.176629086549751263e-02,6.592525389486408524e-03,0.000000000000000000e+00
1.103002726042037409e+02,1.409082949261206430e+01,5.386582296705787476e-01,6.881344070940328961e-02,1.183719693352088334e-02,6.635830550063669640e-03,0.000000000000000000e+00
1.107042662767466084e+02,1.414243957318115541e+01,2.693291155485638688e-01,3.440672044582226974e-02,1.190818967454971254e-02,6.679236777855600965e-03,0.000000000000000000e+00
1.111082599492894900e+02,1.419404965375024830e+01,5.386582296705598738e-01,6.881344070940088875e-02,1.197926781989217329e-02,6.722743649964926273e-03,0.000000000000000000e+00
1.115122536218323575e+02,1.424565973431934118e+01,2.693291150136074008e-01,3.440672037748172818e-02,1.205043010085644038e-02,6.766350743494370205e-03,0.000000000000000000e+00
1.119162472943752249e+02,1.429726981488843229e+01,5.386582303838604036e-01,6.881344080052483048e-02,1.212167524875068687e-02,6.810057635546656538e-03,0.000000000000000000e+00
1.123202409669180923e+02,1.434887989545752340e+01,2.693291148352869868e-01,3.440672035470133949e-02,1.219300199488309450e-02,6.853863903224512513e-03,0.000000000000000000e+00
1.127242346394609598e+02,1.440048997602661451e+01,5.386582303838414187e-01,6.881344080052240186e-02,1.226440907056183631e-02,6.897769123630663642e-03,0.000000000000000000e+00
1.131282283120038414e+02,1.445210005659570740e+01,2.693291150136026824e-01,3.440672037748112450e-02,1.233589520709509231e-02,6.941772873867836299e-03,0.000000000000000000e+00
1.135322219845467089e+02,1.450371013716479851e+01,5.386582307405012315e-01,6.881344084608559397e-02,1.240745913579103556e-02,6.985874731038755128e-03,0.000000000000000000e+00
1.139362156570895763e+02,1.455532021773388962e+01,2.693291153702482288e-01,3.440672042304249167e-02,1.247909958795784431e-02,7.030074272246143036e-03,0.000000000000000000e+00
1.143402093296324438e+02,1.460693029830298251e+01,5.386582286006373899e-01,6.881344057271858439e-02,1.255081529490369337e-02,7.074371074592730735e-03,0.000000000000000000e+00
1.147442030021753254e+02,1.465854037887207539e+01,2.693291160835250553e-01,3.440672051416341498e-02,1.262260498793675925e-02,7.118764715181239398e-03,0.000000000000000000e+00
1.151481966747181929e+02,1.471015045944116650e+01,5.386582293139380306e-01,6.881344066384253999e-02,1.269446739836521676e-02,7.163254771114393668e-03,0.000000000000000000e+00
1.155521903472610603e+02,1.476176054001025761e+01,2.693291151919278148e-01,3.440672040026210993e-02,1.276640125749724415e-02,7.207840819494923390e-03,0.000000000000000000e+00
1.159561840198039278e+02,1.481337062057934872e+01,5.386582303838414187e-01,6.881344080052240186e-02,1.283840529664101796e-02,7.252522437425548002e-03,0.000000000000000000e+00
1.163601776923468094e+02,1.486498070114844161e+01,2.693291155485638688e-01,3.440672044582226974e-02,1.291047824710470950e-02,7.297299202008998217e-03,0.000000000000000000e+00
1.167641713648896769e+02,1.491659078171753450e+01,5.386582289572972027e-01,6.881344061828177650e-02,1.298261884019650224e-02,7.342170690347997811e-03,0.000000000000000000e+00
1.171681650374325443e+02,1.496820086228662561e+01,2.693291151919278148e-01,3.440672040026210993e-02,1.305482580722456751e-02,7.387136479545271424e-03,0.000000000000000000e+00
1.175721587099754117e+02,1.501981094285571672e+01,5.386582303838414187e-01,6.881344080052240186e-02,1.312709787949708357e-02,7.432196146703544566e-03,0.000000000000000000e+00
1.179761523825182934e+02,1.507142102342480960e+01,2.693291148352823239e-01,3.440672035470074969e-02,1.319943378832223214e-02,7.477349268925546216e-03,0.000000000000000000e+00
1.183801460550611608e+02,1.512303110399390071e+01,5.386582303838604036e-01,6.881344080052483048e-02,1.327183226500817589e-02,7.522595423313995812e-03,0.000000000000000000e+00
1.187841397276040283e+02,1.517464118456299182e+01,2.693291134087237859e-01,3.440672017245828551e-02,1.334429204086310002e-02,7.567934186971619730e-03,0.000000000000000000e+00
1.191881334001468957e+02,1.522625126513208293e+01,5.386582310971229637e-01,6.881344089164392885e-02,1.341681184719518104e-02,7.613365137001147816e-03,0.000000000000000000e+00
1.195921270726897774e+02,1.527786134570117760e+01,2.693291159052046968e-01,3.440672049138303323e-02,1.348939041531259549e-02,7.658887850505303845e-03,0.000000000000000000e+00
1.199961207452326448e+02,1.532947142627026871e+01,5.386582289572972027e-01,6.881344061828177650e-02,1.356202647652351642e-02,7.704501904586811591e-03,0.000000000000000000e+00
1.204001144177755123e+02,1.538108150683935982e+01,2.693291148352894293e-01,3.440672035470165174e-02,1.363471876213611864e-02,7.750206876348394829e-03,0.000000000000000000e+00
1.208041080903183797e+02,1.543269158740845093e+01,5.386582289572972027e-01,6.881344061828177650e-02,1.370746600345858213e-02,7.796002342892782537e-03,0.000000000000000000e+00
1.212081017628612472e+02,1.548430166797754204e+01,2.693291141220006679e-01,3.440672026357920882e-02,1.378026693179908169e-02,7.841887881322697623e-03,0.000000000000000000e+00
1.216120954354041288e+02,1.553591174854663493e+01,5.386582289572782178e-01,6.881344061827934788e-02,1.385312027846579558e-02,7.887863068740869066e-03,0.000000000000000000e+00
1.220160891079469963e+02,1.558752182911572604e+01,2.693291141220054419e-01,3.440672026357981944e-02,1.392602477476689860e-02,7.933927482250018037e-03,0.000000000000000000e+00
1.224200827804898637e+02,1.563913190968481892e+01,5.386582303838604036e-01,6.881344080052483048e-02,1.399897915201056900e-02,7.980080698952873516e-03,0.000000000000000000e+00
1.228240764530327311e+02,1.569074199025391003e+01,2.693291130520782950e-01,3.440672012689692527e-02,1.407198214150497291e-02,8.026322295952155808e-03,0.000000000000000000e+00
1.232280701255756128e+02,1.574235207082300292e+01,5.386582318104046196e-01,6.881344098276545584e-02,1.414503247455829900e-02,8.072651850350599095e-03,0.000000000000000000e+00
1.236320637981184802e+02,1.579396215139209403e+01,2.693291148352869868e-01,3.440672035470133949e-02,1.421812888247871859e-02,8.119068939250920214e-03,0.000000000000000000e+00
1.240360574706613477e+02,1.584557223196118514e+01,5.386582296705787476e-01,6.881344070940328961e-02,1.429127009657440647e-02,8.165573139755848142e-03,0.000000000000000000e+00
1.244400511432042151e+02,1.589718231253027625e+01,2.693291155485638688e-01,3.440672044582226974e-02,1.436445484815354265e-02,8.212164028968106655e-03,0.000000000000000000e+00
1.248440448157470968e+02,1.594879239309937091e+01,5.386582310971229637e-01,6.881344089164392885e-02,1.443768186852430364e-02,8.258841183990426466e-03,0.000000000000000000e+00
1.252480384882899642e+02,1.600040247366846202e+01,2.693291155485686428e-01,3.440672044582288036e-02,1.451094988899486078e-02,8.305604181925527879e-03,0.000000000000000000e+00
1.256520321608328317e+02,1.605201255423755313e+01,5.386582289572972027e-01,6.881344061828177650e-02,1.458425764087339406e-02,8.352452599876134670e-03,0.000000000000000000e+00
1.260560258333756991e+02,1.610362263480664424e+01,2.693291151919230964e-01,3.440672040026150624e-02,1.465760385546807827e-02,8.399386014944975817e-03,0.000000000000000000e+00
1.264600195059185808e+02,1.615523271537573891e+01,5.386582289572782178e-01,6.881344061827934788e-02,1.473098726408709341e-02,8.446404004234780299e-03,0.000000000000000000e+00
1.268640131784614482e+02,1.620684279594483002e+01,2.693291148352869868e-01,3.440672035470133949e-02,1.480440659803860561e-02,8.493506144848261483e-03,0.000000000000000000e+00
1.272680068510043156e+02,1.625845287651392113e+01,5.386582310971419485e-01,6.881344089164635747e-02,1.487786058863079831e-02,8.540692013888158754e-03,0.000000000000000000e+00
1.276720005235471831e+02,1.631006295708301224e+01,2.693291151919302018e-01,3.440672040026241524e-02,1.495134796717184633e-02,8.587961188457185480e-03,0.000000000000000000e+00
1.280759941960900505e+02,1.636167303765210335e+01,5.386582303838604036e-01,6.881344080052483048e-02,1.502486746496993139e-02,8.635313245658077577e-03,0.000000000000000000e+00
1.284799878686329180e+02,1.641328311822119446e+01,2.693291159052118022e-01,3.440672049138394223e-02,1.509841781333322135e-02,8.682747762593550148e-03,0.000000000000000000e+00
1.288839815411757854e+02,1.646489319879028912e+01,5.386582310971419485e-01,6.881344089164635747e-02,1.517199774356990140e-02,8.730264316366340843e-03,0.000000000000000000e+00
1.292879752137186529e+02,1.651650327935938023e+01,2.693291148352894293e-01,3.440672035470165174e-02,1.524560598698813767e-02,8.777862484079164765e-03,0.000000000000000000e+00
1.296919688862615203e+02,1.656811335992847134e+01,5.386582310971419485e-01,6.881344089164635747e-02,1.531924127489611362e-02,8.825541842834752626e-03,0.000000000000000000e+00
1.300959625588043878e+02,1.661972344049756245e+01,2.693291148352846553e-01,3.440672035470104112e-02,1.539290233860200058e-02,8.873301969735826467e-03,0.000000000000000000e+00
1.304999562313472552e+02,1.667133352106665356e+01,5.386582289572592330e-01,6.881344061827691927e-02,1.546658790941397681e-02,8.921142441885111796e-03,0.000000000000000000e+00
1.309039499038901511e+02,1.672294360163574822e+01,2.693291159051975914e-01,3.440672049138212424e-02,1.554029671864022057e-02,8.969062836385339327e-03,0.000000000000000000e+00
1.313079435764330185e+02,1.677455368220483933e+01,5.386582318104236045e-01,6.881344098276788446e-02,1.561402749758890665e-02,9.017062730339231100e-03,0.000000000000000000e+00
1.317119372489758860e+02,1.682616376277393044e+01,2.693291144786486013e-01,3.440672030914088825e-02,1.568777897756820638e-02,9.065141700849507420e-03,0.000000000000000000e+00
1.321159309215187534e+02,1.687777384334302155e+01,5.386582296705787476e-01,6.881344070940328961e-02,1.576154988988630323e-02,9.113299325018900734e-03,0.000000000000000000e+00
1.325199245940616208e+02,1.692938392391211266e+01,2.693291162618526302e-01,3.440672053694471266e-02,1.583533896585137546e-02,9.161535179950134819e-03,0.000000000000000000e+00
1.329239182666044883e+02,1.698099400448120377e+01,5.386582296705787476e-01,6.881344070940328961e-02,1.590914493677159092e-02,9.209848842745933448e-03,0.000000000000000000e+00
1.333279119391473557e+02,1.703260408505029488e+01,2.693291144786438274e-01,3.440672030914027762e-02,1.598296653395512787e-02,9.258239890509018660e-03,0.000000000000000000e+00
1.337319056116902232e+02,1.708421416561938599e+01,5.386582310971040899e-01,6.881344089164151412e-02,1.605680248871016805e-02,9.306707900342126374e-03,0.000000000000000000e+00
1.341358992842331190e+02,1.713582424618848421e+01,2.693291148352752185e-01,3.440672035469984069e-02,1.613065153234488971e-02,9.355252449347980365e-03,0.000000000000000000e+00
1.345398929567759865e+02,1.718743432675757532e+01,5.386582289572972027e-01,6.881344061828177650e-02,1.620451239616746072e-02,9.403873114629293997e-03,0.000000000000000000e+00
1.349438866293188539e+02,1.723904440732666643e+01,2.693291141220077733e-01,3.440672026358011781e-02,1.627838381148605240e-02,9.452569473288801455e-03,0.000000000000000000e+00
1.353478803018617214e+02,1.729065448789575754e+01,5.386582310971419485e-01,6.881344089164635747e-02,1.635226450960885342e-02,9.501341102429228247e-03,0.000000000000000000e+00
1.357518739744045888e+02,1.734226456846484865e+01,2.693291144786486013e-01,3.440672030914088825e-02,1.642615322184403162e-02,9.550187579153296413e-03,0.000000000000000000e+00
1.361558676469474563e+02,1.739387464903393976e+01,5.386582282440156577e-01,6.881344052716024950e-02,1.650004867949976875e-02,9.599108480563731463e-03,0.000000000000000000e+00
1.365598613194903237e+02,1.744548472960303087e+01,2.693291148352846553e-01,3.440672035470104112e-02,1.657394961388423960e-02,9.648103383763265845e-03,0.000000000000000000e+00
1.369638549920331911e+02,1.749709481017212198e+01,5.386582296705408890e-01,6.881344070939846014e-02,1.664785475630561548e-02,9.697171865854614659e-03,0.000000000000000000e+00
1.373678486645760870e+02,1.754870489074121664e+01,2.693291151919159909e-01,3.440672040026059725e-02,1.672176283807208855e-02,9.746313503940513823e-03,0.000000000000000000e+00
1.377718423371189544e+02,1.760031497131030775e+01,5.386582282440156577e-01,6.881344052716024950e-02,1.679567259049181277e-02,9.795527875123680173e-03,0.000000000000000000e+00
1.381758360096618219e+02,1.765192505187939886e+01,2.693291159052118022e-01,3.440672049138394223e-02,1.686958274487298029e-02,9.844814556506844422e-03,0.000000000000000000e+00
1.385798296822046893e+02,1.770353513244848997e+01,5.386582303838604036e-01,6.881344080052483048e-02,1.694349203252375896e-02,9.894173125192725141e-03,0.000000000000000000e+00
1.389838233547475568e+02,1.775514521301758109e+01,2.693291141220077733e-01,3.440672026358011781e-02,1.701739918475233052e-02,9.943603158284056512e-03,0.000000000000000000e+00
1.393878170272904242e+02,1.780675529358667220e+01,5.386582325237051494e-01,6.881344107388941145e-02,1.709130293286686281e-02,9.993104232883557106e-03,0.000000000000000000e+00
1.397918106998332917e+02,1.785836537415576686e+01,2.693291144786486013e-01,3.440672030914088825e-02,1.716520200817554451e-02,1.004267592609396111e-02,0.000000000000000000e+00
1.401958043723761591e+02,1.790997545472485797e+01,5.386582296705787476e-01,6.881344070940328961e-02,1.723909514198654347e-02,1.009231781501798361e-02,0.000000000000000000e+00
1.405997980449190266e+02,1.796158553529394908e+01,2.693291144786343905e-01,3.440672030913907026e-02,1.731298106560803449e-02,1.014202947675835360e-02,0.000000000000000000e+00
1.410037917174619224e+02,1.801319561586304374e+01,5.386582318103856348e-01,6.881344098276304111e-02,1.738685851034820970e-02,1.019181048841780179e-02,0.000000000000000000e+00
1.414077853900047899e+02,1.806480569643213485e+01,2.693291144786438274e-01,3.440672030914027762e-02,1.746072620751521615e-02,1.024166042709904328e-02,0.000000000000000000e+00
1.418117790625476573e+02,1.811641577700122596e+01,5.386582289572972027e-01,6.881344061828177650e-02,1.753458288841725637e-02,1.029157886990481052e-02,0.000000000000000000e+00
1.422157727350905247e+02,1.816802585757031707e+01,2.693291162618526302e-01,3.440672053694471266e-02,1.760842728436249130e-02,1.034156539393782728e-02,0.000000000000000000e+00
1.426197664076333922e+02,1.821963593813940818e+01,5.386582296705787476e-01,6.881344070940328961e-02,1.768225812665910612e-02,1.039161957630082254e-02,0.000000000000000000e+00
1.430237600801762596e+02,1.827124601870849929e+01,2.693291148352894293e-01,3.440672035470165174e-02,1.775607414661527217e-02,1.044174099409651488e-02,0.000000000000000000e+00
1.434277537527191271e+02,1.832285609927759040e+01,5.386582318104236045e-01,6.881344098276788446e-02,1.782987407553917117e-02,1.049192922442763673e-02,0.000000000000000000e+00
1.438317474252619945e+02,1.837446617984668151e+01,2.693291148352751629e-01,3.440672035469983375e-02,1.790365664473897098e-02,1.054218384439690667e-02,0.000000000000000000e+00
1.442357410978048904e+02,1.842607626041577618e+01,5.386582289572592330e-01,6.881344061827691927e-02,1.797742058552286026e-02,1.059250443110706062e-02,0.000000000000000000e+00
1.446397347703477578e+02,1.847768634098486729e+01,2.693291159052070283e-01,3.440672049138333161e-02,1.805116462919899994e-02,1.064289056166080848e-02,0.000000000000000000e+00
1.450437284428906253e+02,1.852929642155396195e+01,5.386582325237051494e-01,6.881344107388941145e-02,1.812488750707558563e-02,1.069334181316089136e-02,0.000000000000000000e+00
1.454477221154334927e+02,1.858090650212305306e+01,2.693291141220077733e-01,3.440672026358011781e-02,1.819858795046076783e-02,1.074385776271002089e-02,0.000000000000000000e+00
1.458517157879763602e+02,1.863251658269214417e+01,5.386582296705787476e-01,6.881344070940328961e-02,1.827226469066273520e-02,1.079443798741093127e-02,0.000000000000000000e+00
1.462557094605192276e+02,1.868412666326123528e+01,2.693291155485709742e-01,3.440672044582317873e-02,1.834591645898966950e-02,1.084508206436634627e-02,0.000000000000000000e+00
1.466597031330620950e+02,1.873573674383032639e+01,5.386582303838604036e-01,6.881344080052483048e-02,1.841954198674974202e-02,1.089578957067899138e-02,0.000000000000000000e+00
1.470636968056049625e+02,1.878734682439941750e+01,2.693291151919254833e-01,3.440672040026181155e-02,1.849314000525113105e-02,1.094656008345158867e-02,0.000000000000000000e+00
1.474676904781478299e+02,1.883895690496850861e+01,5.386582303838224339e-01,6.881344080051997325e-02,1.856670924580200790e-02,1.099739317978686709e-02,0.000000000000000000e+00
1.478716841506907258e+02,1.889056698553760327e+01,2.693291159051975914e-01,3.440672049138212424e-02,1.864024843971055778e-02,1.104828843678755564e-02,0.000000000000000000e+00
1.482756778232335932e+02,1.894217706610669438e+01,5.386582289572972027e-01,6.881344061828177650e-02,1.871375631828494854e-02,1.109924543155637114e-02,0.000000000000000000e+00
1.486796714957764607e+02,1.899378714667578549e+01,2.693291151919302018e-01,3.440672040026241524e-02,1.878723161283335844e-02,1.115026374119604258e-02,0.000000000000000000e+00
1.490836651683193281e+02,1.904539722724487660e+01,5.386582318104236045e-01,6.881344098276788446e-02,1.886067305466396227e-02,1.120134294280929546e-02,0.000000000000000000e+00
1.494876588408621956e+02,1.909700730781396771e+01,2.693291151919302018e-01,3.440672040026241524e-02,1.893407937508494523e-02,1.125248261349885877e-02,0.000000000000000000e+00
1.498916525134050630e+02,1.914861738838305882e+01,5.386582303838604036e-01,6.881344080052483048e-02,1.900744930540447172e-02,1.130368233036745107e-02,0.000000000000000000e+00
1.502956461859479305e+02,1.920022746895215349e+01,2.693291151919254833e-01,3.440672040026181155e-02,1.908078157693072693e-02,1.135494167051780655e-02,0.000000000000000000e+00
1.506996398584907979e+02,1.925183754952124460e+01,5.386582318103856348e-01,6.881344098276304111e-02,1.915407492097188566e-02,1.140626021105264551e-02,0.000000000000000000e+00
1.511036335310336938e+02,1.930344763009033926e+01,2.693291159051975914e-01,3.440672049138212424e-02,1.922732806883611922e-02,1.145763752907468999e-02,0.000000000000000000e+00
1.515076272035765612e+02,1.935505771065943037e+01,5.386582303838604036e-01,6.881344080052483048e-02,1.930053975183160242e-02,1.150907320168666724e-02,0.000000000000000000e+00
1.519116208761194287e+02,1.940666779122852148e+01,2.693291159052118022e-01,3.440672049138394223e-02,1.937370870126651698e-02,1.156056680599130623e-02,0.000000000000000000e+00
1.523156145486622961e+02,1.945827787179761259e+01,5.386582275307340018e-01,6.881344043603872251e-02,1.944683364844903423e-02,1.161211791909132901e-02,0.000000000000000000e+00
1.527196082212051635e+02,1.950988795236670370e+01,2.693291144786486013e-01,3.440672030914088825e-02,1.951991332468734283e-02,1.166372611808946802e-02,0.000000000000000000e+00
1.531236018937480310e+02,1.956149803293579481e+01,5.386582332369868054e-01,6.881344116501093844e-02,1.959294646128960024e-02,1.171539098008843489e-02,0.000000000000000000e+00
1.535275955662908984e+02,1.961310811350488592e+01,2.693291144786438274e-01,3.440672030914027762e-02,1.966593178956399859e-02,1.176711208219096902e-02,0.000000000000000000e+00
1.539315892388337659e+02,1.966471819407397703e+01,5.386582289572592330e-01,6.881344061827691927e-02,1.973886804081870575e-02,1.181888900149978376e-02,0.000000000000000000e+00
1.543355829113766617e+02,1.971632827464307169e+01,2.693291144786343905e-01,3.440672030913907026e-02,1.981175394636190690e-02,1.187072131511761677e-02,0.000000000000000000e+00
1.547395765839195292e+02,1.976793835521216280e+01,5.386582303838604036e-01,6.881344080052483048e-02,1.988458823750176296e-02,1.192260860014718662e-02,0.000000000000000000e+00
1.551435702564623966e+02,1.981954843578125391e+01,2.693291151919302018e-01,3.440672040026241524e-02,1.995736964554646262e-02,1.197455043369121709e-02,0.000000000000000000e+00
1.555475639290052641e+02,1.987115851635034858e+01,5.386582289572972027e-01,6.881344061828177650e-02,2.003009690180417718e-02,1.202654639285243715e-02,0.000000000000000000e+00
1.559515576015481315e+02,1.992276859691943969e+01,2.693291144786486013e-01,3.440672030914088825e-02,2.010276873758308144e-02,1.207859605473357231e-02,0.000000000000000000e+00
1.563555512740909990e+02,1.997437867748853080e+01,5.386582289572972027e-01,6.881344061828177650e-02,2.017538388419135714e-02,1.213069899643734462e-02,0.000000000000000000e+00
1.567595449466338664e+02,2.002598875805762191e+01,2.693291151919302018e-01,3.440672040026241524e-02,2.024794107293717560e-02,1.218285479506648131e-02,0.000000000000000000e+00
1.571635386191767338e+02,2.007759883862671302e+01,5.386582332369868054e-01,6.881344116501093844e-02,2.032043903512871508e-02,1.223506302772370789e-02,0.000000000000000000e+00
1.575675322917196013e+02,2.012920891919580413e+01,2.693291166184791363e-01,3.440672058250365123e-02,2.039287650207415037e-02,1.228732327151175162e-02,0.000000000000000000e+00
1.579715259642624972e+02,2.018081899976489879e+01,5.386582261041329422e-01,6.881344025379082519e-02,2.046525220508166668e-02,1.233963510353333973e-02,0.000000000000000000e+00
1.583755196368053646e+02,2.023242908033398990e+01,2.693291144786438829e-01,3.440672030914028456e-02,2.053756487545942144e-02,1.239199810089118732e-02,0.000000000000000000e+00
1.587795133093482320e+02,2.028403916090308101e+01,5.386582303838604036e-01,6.881344080052483048e-02,2.060981324451560681e-02,1.244441184068803032e-02,0.000000000000000000e+00
1.591835069818910995e+02,2.033564924147217212e+01,2.693291151919302018e-01,3.440672040026241524e-02,2.068199604355839410e-02,1.249687590002658902e-02,0.000000000000000000e+00
1.595875006544339669e+02,2.038725932204126323e+01,5.386582289572972027e-01,6.881344061828177650e-02,2.075411200389595465e-02,1.254938985600958894e-02,0.000000000000000000e+00
1.599914943269768344e+02,2.043886940261035434e+01,2.693291151919302018e-01,3.440672040026241524e-02,2.082615985683647711e-02,1.260195328573975905e-02,0.000000000000000000e+00
1.603954879995197018e+02,2.049047948317944545e+01,5.386582275307340018e-01,6.881344043603872251e-02,2.089813833368812934e-02,1.265456576631982313e-02,0.000000000000000000e+00
1.607994816720625693e+02,2.054208956374853656e+01,2.693291159051975914e-01,3.440672049138212424e-02,2.097004616575908267e-02,1.270722687485250149e-02,0.000000000000000000e+00
1.612034753446054651e+02,2.059369964431763478e+01,5.386582332369488357e-01,6.881344116500609509e-02,2.104188208435753618e-02,1.275993618844053351e-02,0.000000000000000000e+00
1.616074690171483326e+02,2.064530972488672589e+01,2.693291159052070283e-01,3.440672049138333161e-02,2.111364482079163690e-02,1.281269328418663256e-02,0.000000000000000000e+00
1.620114626896912000e+02,2.069691980545581700e+01,5.386582289572972027e-01,6.881344061828177650e-02,2.118533310636957004e-02,1.286549773919351894e-02,0.000000000000000000e+00
1.624154563622340675e+02,2.074852988602490811e+01,2.693291144786486013e-01,3.440672030914088825e-02,2.125694567239951732e-02,1.291834913056393204e-02,0.000000000000000000e+00
1.628194500347769349e+02,2.080013996659399922e+01,5.386582303838604036e-01,6.881344080052483048e-02,2.132848125018965355e-02,1.297124703540058870e-02,0.000000000000000000e+00
1.632234437073198023e+02,2.085175004716309033e+01,2.693291144786486013e-01,3.440672030914088825e-02,2.139993857104815003e-02,1.302419103080621442e-02,0.000000000000000000e+00
1.636274373798626698e+02,2.090336012773218144e+01,5.386582275307340018e-01,6.881344043603872251e-02,2.147131636628318851e-02,1.307718069388353645e-02,0.000000000000000000e+00
1.640314310524055372e+02,2.095497020830127255e+01,2.693291137653622824e-01,3.440672021801875757e-02,2.154261336720294379e-02,1.313021560173528203e-02,0.000000000000000000e+00
1.644354247249484047e+02,2.100658028887036366e+01,5.386582318103856348e-01,6.881344098276304111e-02,2.161382830511559411e-02,1.318329533146417668e-02,0.000000000000000000e+00
1.648394183974913005e+02,2.105819036943945832e+01,2.693291151919159354e-01,3.440672040026059031e-02,2.168495991132931774e-02,1.323641946017294763e-02,0.000000000000000000e+00
1.652434120700341680e+02,2.110980045000854943e+01,5.386582289572972027e-01,6.881344061828177650e-02,2.175600691715227908e-02,1.328958756496431345e-02,0.000000000000000000e+00
1.656474057425770354e+02,2.116141053057764054e+01,2.693291173317750031e-01,3.440672067362699621e-02,2.182696805389266331e-02,1.334279922294099967e-02,0.000000000000000000e+00
1.660513994151199029e+02,2.121302061114673165e+01,5.386582303838604036e-01,6.881344080052483048e-02,2.189784205285864524e-02,1.339605401120573872e-02,0.000000000000000000e+00
1.664553930876627703e+02,2.126463069171582632e+01,2.693291137653670009e-01,3.440672021801936126e-02,2.196862764535840659e-02,1.344935150686125090e-02,0.000000000000000000e+00
1.668593867602056378e+02,2.131624077228491743e+01,5.386582318104236045e-01,6.881344098276788446e-02,2.203932356270011869e-02,1.350269128701026521e-02,0.000000000000000000e+00
1.672633804327485052e+02,2.136785085285400854e+01,2.693291144786438274e-01,3.440672030914027762e-02,2.210992853619194939e-02,1.355607292875550020e-02,0.000000000000000000e+00
1.676673741052913726e+02,2.141946093342309965e+01,5.386582289572592330e-01,6.881344061827691927e-02,2.218044129714208737e-02,1.360949600919968833e-02,0.000000000000000000e+00
1.680713677778342685e+02,2.147107101399219431e+01,2.693291137653527345e-01,3.440672021801753633e-02,2.225086057685871088e-02,1.366296010544555510e-02,0.000000000000000000e+00
1.684753614503771360e+02,2.152268109456128542e+01,5.386582303838604036e-01,6.881344080052483048e-02,2.232118510664998084e-02,1.371646479459581909e-02,0.000000000000000000e+00
1.688793551229200034e+02,2.157429117513037653e+01,2.693291144786486013e-01,3.440672030914088825e-02,2.239141361782408246e-02,1.377000965375321274e-02,0.000000000000000000e+00
1.692833487954628708e+02,2.162590125569946764e+01,5.386582289572972027e-01,6.881344061828177650e-02,2.246154484168919052e-02,1.382359426002045637e-02,0.000000000000000000e+00
1.696873424680057383e+02,2.167751133626855875e+01,2.693291151919302018e-01,3.440672040026241524e-02,2.253157750955348676e-02,1.387721819050027720e-02,0.000000000000000000e+00
1.700913361405486057e+02,2.172912141683764986e+01,5.386582303838604036e-01,6.881344080052483048e-02,2.260151035272514250e-02,1.393088102229540423e-02,0.000000000000000000e+00
1.704953298130914732e+02,2.178073149740674097e+01,2.693291159052070283e-01,3.440672049138333161e-02,2.267134210251233253e-02,1.398458233250855949e-02,0.000000000000000000e+00
1.708993234856343406e+02,2.183234157797583208e+01,5.386582318103856348e-01,6.881344098276304111e-02,2.274107149022323859e-02,1.403832169824246849e-02,0.000000000000000000e+00
1.713033171581772365e+02,2.188395165854492674e+01,2.693291166184791363e-01,3.440672058250365123e-02,2.281069724716603547e-02,1.409209869659986021e-02,0.000000000000000000e+00
1.717073108307201039e+02,2.193556173911402141e+01,5.386582289572972027e-01,6.881344061828177650e-02,2.288021810464888756e-02,1.414591290468345322e-02,0.000000000000000000e+00
1.721113045032629714e+02,2.198717181968311252e+01,2.693291151919302018e-01,3.440672040026241524e-02,2.294963279397998698e-02,1.419976389959597997e-02,0.000000000000000000e+00
1.725152981758058388e+02,2.203878190025220363e+01,5.386582303838604036e-01,6.881344080052483048e-02,2.301894004646750508e-02,1.425365125844015556e-02,0.000000000000000000e+00
1.729192918483487063e+02,2.209039198082129474e+01,2.693291123388038555e-01,3.440672003577630728e-02,2.308813859341960970e-02,1.430757455831871590e-02,0.000000000000000000e+00
1.733232855208915737e+02,2.214200206139038585e+01,5.386582289572972027e-01,6.881344061828177650e-02,2.315722716614449991e-02,1.436153337633438304e-02,0.000000000000000000e+00
1.737272791934344411e+02,2.219361214195947696e+01,2.693291166184933472e-01,3.440672058250546228e-02,2.322620449595031930e-02,1.441552728958987728e-02,0.000000000000000000e+00
1.741312728659773086e+02,2.224522222252856807e+01,5.386582275307340018e-01,6.881344043603872251e-02,2.329506931414527388e-02,1.446955587518793628e-02,0.000000000000000000e+00
1.745352665385201760e+02,2.229683230309765918e+01,2.693291144786343905e-01,3.440672030913907026e-02,2.336382035203751414e-02,1.452361871023126819e-02,0.000000000000000000e+00
1.749392602110630719e+02,2.234844238366675384e+01,5.386582332369488357e-01,6.881344116500609509e-02,2.343245634093524266e-02,1.457771537182262281e-02,0.000000000000000000e+00
1.753432538836059393e+02,2.240005246423584495e+01,2.693291137653622824e-01,3.440672021801875757e-02,2.350097601214661686e-02,1.463184543706470137e-02,0.000000000000000000e+00
1.757472475561488068e+02,2.245166254480493606e+01,5.386582289572972027e-01,6.881344061828177650e-02,2.356937809697981501e-02,1.468600848306023804e-02,0.000000000000000000e+00
1.761512412286916742e+02,2.250327262537402717e+01,2.693291144786486013e-01,3.440672030914088825e-02,2.363766132674301884e-02,1.474020408691196007e-02,0.000000000000000000e+00
1.765552349012345417e+02,2.255488270594311828e+01,5.386582318104236045e-01,6.881344098276788446e-02,2.370582443274439968e-02,1.479443182572259124e-02,0.000000000000000000e+00
1.769592285737774091e+02,2.260649278651221294e+01,2.693291130520854004e-01,3.440672012689782733e-02,2.377386614629214967e-02,1.484869127659486053e-02,0.000000000000000000e+00
1.773632222463202766e+02,2.265810286708130405e+01,5.386582303838604036e-01,6.881344080052483048e-02,2.384178519869442278e-02,1.490298201663149170e-02,0.000000000000000000e+00
1.777672159188631440e+02,2.270971294765039517e+01,2.693291159051975914e-01,3.440672049138212424e-02,2.390958032125940075e-02,1.495730362293520681e-02,0.000000000000000000e+00
1.781712095914060399e+02,2.276132302821948983e+01,5.386582303838224339e-01,6.881344080051997325e-02,2.397725024529527224e-02,1.501165567260873482e-02,0.000000000000000000e+00
1.785752032639489073e+02,2.281293310878858094e+01,2.693291137653622824e-01,3.440672021801875757e-02,2.404479370211019471e-02,1.506603774275479084e-02,0.000000000000000000e+00
1.789791969364917747e+02,2.286454318935767205e+01,5.386582275307340018e-01,6.881344043603872251e-02,2.411220942301235334e-02,1.512044941047611772e-02,0.000000000000000000e+00
1.793831906090346422e+02,2.291615326992676316e+01,2.693291180450565481e-01,3.440672076474852320e-02,2.417949613930993336e-02,1.517489025287542884e-02,0.000000000000000000e+00
1.797871842815775096e+02,2.296776335049585427e+01,5.386582303838604036e-01,6.881344080052483048e-02,2.424665258231110260e-02,1.522935984705545663e-02,0.000000000000000000e+00
1.801911779541203771e+02,2.301937343106494538e+01,2.693291137653670009e-01,3.440672021801936126e-02,2.431367748332403586e-02,1.528385777011891968e-02,0.000000000000000000e+00
1.805951716266632445e+02,2.307098351163403649e+01,5.386582318104236045e-01,6.881344098276788446e-02,2.438056957365690447e-02,1.533838359916854174e-02,0.000000000000000000e+00
1.809991652992061120e+02,2.312259359220312760e+01,2.693291180450518296e-01,3.440672076474791952e-02,2.444732758461790403e-02,1.539293691130706049e-02,0.000000000000000000e+00
1.814031589717489794e+02,2.317420367277221871e+01,5.386582303838224339e-01,6.881344080051997325e-02,2.451395024751519547e-02,1.544751728363719274e-02,0.000000000000000000e+00
1.818071526442918753e+02,2.322581375334131337e+01,2.693291151919159354e-01,3.440672040026059031e-02,2.458043629365694663e-02,1.550212429326166402e-02,0.000000000000000000e+00
1.822111463168347427e+02,2.327742383391040804e+01,5.386582346635498952e-01,6.881344134725397854e-02,2.464678445435136006e-02,1.555675751728320504e-02,0.000000000000000000e+00
1.826151399893776102e+02,2.332903391447949915e+01,2.693291137653670564e-01,3.440672021801936820e-02,2.471299346090658627e-02,1.561141653280453089e-02,0.000000000000000000e+00
1.830191336619204776e+02,2.338064399504859026e+01,5.386582289572972027e-01,6.881344061828177650e-02,2.477906204463081741e-02,1.566610091692837575e-02,0.000000000000000000e+00
1.834231273344633451e+02,2.343225407561768137e+01,2.693291173317750031e-01,3.440672067362699621e-02,2.484498893683221785e-02,1.572081024675745994e-02,0.000000000000000000e+00
1.838271210070062125e+02,2.348386415618677248e+01,5.386582275307340018e-01,6.881344043603872251e-02,2.491077286881897279e-02,1.577554409939451244e-02,0.000000000000000000e+00
1.842311146795490799e+02,2.353547423675586359e+01,2.693291180450518296e-01,3.440672076474791952e-02,2.497641257189925704e-02,1.583030205194225354e-02,0.000000000000000000e+00
1.846351083520919474e+02,2.358708431732495470e+01,5.386582303838224339e-01,6.881344080051997325e-02,2.504190677738124537e-02,1.588508368150342090e-02,0.000000000000000000e+00
1.850391020246348432e+02,2.363869439789404936e+01,2.693291159051975914e-01,3.440672049138212424e-02,2.510725421657312301e-02,1.593988856518073136e-02,0.000000000000000000e+00
1.854430956971777107e+02,2.369030447846314047e+01,5.386582275307340018e-01,6.881344043603872251e-02,2.517245362078305085e-02,1.599471628007690521e-02,0.000000000000000000e+00
1.858470893697205781e+02,2.374191455903223158e+01,2.693291137653670009e-01,3.440672021801936126e-02,2.523750372131920716e-02,1.604956640329467665e-02,0.000000000000000000e+00
1.862510830422634456e+02,2.379352463960132269e+01,5.386582332369868054e-01,6.881344116501093844e-02,2.530240324948977021e-02,1.610443851193675904e-02,0.000000000000000000e+00
1.866550767148063130e+02,2.384513472017041380e+01,2.693291137653670009e-01,3.440672021801936126e-02,2.536715093660292519e-02,1.615933218310589350e-02,0.000000000000000000e+00
1.870590703873491805e+02,2.389674480073950491e+01,5.386582303838604036e-01,6.881344080052483048e-02,2.543174551396683997e-02,1.621424699390480034e-02,0.000000000000000000e+00
1.874630640598920479e+02,2.394835488130859602e+01,2.693291151919254833e-01,3.440672040026181155e-02,2.549618571288968932e-02,1.626918252143619639e-02,0.000000000000000000e+00
1.878670577324349154e+02,2.399996496187769068e+01,5.386582360900752375e-01,6.881344152949220305e-02,2.556047026467966193e-02,1.632413834280281931e-02,0.000000000000000000e+00
1.882710514049778112e+02,2.405157504244678535e+01,2.693291166184791363e-01,3.440672058250365123e-02,2.562459790064491871e-02,1.637911403510739286e-02,0.000000000000000000e+00
1.886750450775206787e+02,2.410318512301587646e+01,5.386582303838604036e-01,6.881344080052483048e-02,2.568856735209364833e-02,1.643410917545263042e-02,0.000000000000000000e+00
1.890790387500635461e+02,2.415479520358496757e+01,2.693291151919302018e-01,3.440672040026241524e-02,2.575237735033401518e-02,1.648912334094126617e-02,0.000000000000000000e+00
1.894830324226064135e+02,2.420640528415405868e+01,5.386582303838604036e-01,6.881344080052483048e-02,2.581602662667420098e-02,1.654415610867603081e-02,0.000000000000000000e+00
1.898870260951492810e+02,2.425801536472314979e+01,2.693291137653670009e-01,3.440672021801936126e-02,2.587951391242238053e-02,1.659920705575963426e-02,0.000000000000000000e+00
1.902910197676921484e+02,2.430962544529224090e+01,5.386582332369868054e-01,6.881344116501093844e-02,2.594283793888673209e-02,1.665427575929481763e-02,0.000000000000000000e+00
1.906950134402350159e+02,2.436123552586133201e+01,2.693291137653670009e-01,3.440672021801936126e-02,2.600599743737543740e-02,1.670936179638430122e-02,0.000000000000000000e+00
1.910990071127778833e+02,2.441284560643042312e+01,5.386582303838604036e-01,6.881344080052483048e-02,2.606899113919666430e-02,1.676446474413080534e-02,0.000000000000000000e+00
1.915030007853207508e+02,2.446445568699951423e+01,2.693291151919159354e-01,3.440672040026059031e-02,2.613181777565858413e-02,1.681958417963705724e-02,0.000000000000000000e+00
1.919069944578636466e+02,2.451606576756860889e+01,5.386582275306961431e-01,6.881344043603387917e-02,2.619447607806939596e-02,1.687471968000579456e-02,0.000000000000000000e+00
1.923109881304065141e+02,2.456767584813770000e+01,2.693291166184886287e-01,3.440672058250485860e-02,2.625696477773725376e-02,1.692987082233972720e-02,0.000000000000000000e+00
1.927149818029493815e+02,2.461928592870679111e+01,5.386582360901130961e-01,6.881344152949704640e-02,2.631928260597033928e-02,1.698503718374158242e-02,0.000000000000000000e+00
1.931189754754922490e+02,2.467089600927588577e+01,2.693291180450565481e-01,3.440672076474852320e-02,2.638142829407683423e-02,1.704021834131409438e-02,0.000000000000000000e+00
1.935229691480351164e+02,2.472250608984497688e+01,5.386582275307340018e-01,6.881344043603872251e-02,2.644340057336490302e-02,1.709541387215997993e-02,0.000000000000000000e+00
1.939269628205779838e+02,2.477411617041406799e+01,2.693291137653670009e-01,3.440672021801936126e-02,2.650519817514273430e-02,1.715062335338196631e-02,0.000000000000000000e+00
1.943309564931208513e+02,2.482572625098315910e+01,5.386582332369868054e-01,6.881344116501093844e-02,2.656681983071849593e-02,1.720584636208278076e-02,0.000000000000000000e+00
1.947349501656637187e+02,2.487733633155225021e+01,2.693291151919159354e-01,3.440672040026059031e-02,2.662826427140036617e-02,1.726108247536515400e-02,0.000000000000000000e+00
1.951389438382066146e+02,2.492894641212134488e+01,5.386582275306961431e-01,6.881344043603387917e-02,2.668953022849652676e-02,1.731633127033180286e-02,0.000000000000000000e+00
1.955429375107494820e+02,2.498055649269043599e+01,2.693291180450518296e-01,3.440672076474791952e-02,2.675061643331514555e-02,1.737159232408545459e-02,0.000000000000000000e+00
1.959469311832923495e+02,2.503216657325952710e+01,5.386582303838604036e-01,6.881344080052483048e-02,2.681152161716440774e-02,1.742686521372883643e-02,0.000000000000000000e+00
1.963509248558352169e+02,2.508377665382861821e+01,2.693291180450565481e-01,3.440672076474852320e-02,2.687224451135247771e-02,1.748214951636466868e-02,0.000000000000000000e+00
1.967549185283780844e+02,2.513538673439770932e+01,5.386582332369868054e-01,6.881344116501093844e-02,2.693278384718754762e-02,1.753744480909568554e-02,0.000000000000000000e+00
1.971589122009209518e+02,2.518699681496680043e+01,2.693291151919302018e-01,3.440672040026241524e-02,2.699313835597778183e-02,1.759275066902461077e-02,0.000000000000000000e+00
1.975629058734638193e+02,2.523860689553589154e+01,5.386582275307340018e-01,6.881344043603872251e-02,2.705330676903135861e-02,1.764806667325416120e-02,0.000000000000000000e+00
1.979668995460066867e+02,2.529021697610498265e+01,2.693291137653622824e-01,3.440672021801875757e-02,2.711328781765645971e-02,1.770339239888707103e-02,0.000000000000000000e+00
1.983708932185495541e+02,2.534182705667407731e+01,5.386582275306961431e-01,6.881344043603387917e-02,2.717308023316124949e-02,1.775872742302606402e-02,0.000000000000000000e+00
1.987748868910924500e+02,2.539343713724317197e+01,2.693291123387895891e-01,3.440672003577448929e-02,2.723268274685392704e-02,1.781407132277387090e-02,0.000000000000000000e+00
1.991788805636353175e+02,2.544504721781226309e+01,5.386582246776076000e-01,6.881344007155260067e-02,2.729209409004263939e-02,1.786942367523319808e-02,0.000000000000000000e+00
1.995828742361781849e+02,2.549665729838135420e+01,2.693291137653670009e-01,3.440672021801936126e-02,2.735131299403557523e-02,1.792478405750678322e-02,0.000000000000000000e+00
1.999868679087210523e+02,2.554826737895044531e+01,5.386582303838604036e-01,6.881344080052483048e-02,2.741033819014091974e-02,1.798015204669736050e-02,0.000000000000000000e+00
2.003908615812639198e+02,2.559987745951953642e+01,2.693291151919302018e-01,3.440672040026241524e-02,2.746916840966683385e-02,1.803552721990763982e-02,0.000000000000000000e+00
2.007948552538067872e+02,2.565148754008862753e+01,5.386582332369868054e-01,6.881344116501093844e-02,2.752780238392150969e-02,1.809090915424035884e-02,0.000000000000000000e+00
2.011988489263496547e+02,2.570309762065771864e+01,2.693291151919254833e-01,3.440672040026181155e-02,2.758623884421311165e-02,1.814629742679823091e-02,0.000000000000000000e+00
2.016028425988925221e+02,2.575470770122680975e+01,5.386582332369488357e-01,6.881344116500609509e-02,2.764447652184981452e-02,1.820169161468399369e-02,0.000000000000000000e+00
2.020068362714354180e+02,2.580631778179590441e+01,2.693291137653527345e-01,3.440672021801753633e-02,2.770251414813981392e-02,1.825709129500036401e-02,0.000000000000000000e+00
2.024108299439782854e+02,2.585792786236499552e+01,5.386582360901130961e-01,6.881344152949704640e-02,2.776035045439126034e-02,1.831249604485007260e-02,0.000000000000000000e+00
2.028148236165211529e+02,2.590953794293408663e+01,2.693291166184933472e-01,3.440672058250546228e-02,2.781798417191234246e-02,1.836790544133583974e-02,0.000000000000000000e+00
2.032188172890640203e+02,2.596114802350317774e+01,5.386582246776076000e-01,6.881344007155260067e-02,2.787541403201123508e-02,1.842331906156039270e-02,0.000000000000000000e+00
2.036228109616068878e+02,2.601275810407227240e+01,2.693291137653670009e-01,3.440672021801936126e-02,2.793263876599611645e-02,1.847873648262646565e-02,0.000000000000000000e+00
2.040268046341497552e+02,2.606436818464136351e+01,5.386582303838604036e-01,6.881344080052483048e-02,2.798965710517516484e-02,1.853415728163677195e-02,0.000000000000000000e+00
2.044307983066926226e+02,2.611597826521045462e+01,2.693291151919254833e-01,3.440672040026181155e-02,2.804646778085654810e-02,1.858958103569403886e-02,0.000000000000000000e+00
2.048347919792354901e+02,2.616758834577954573e+01,5.386582275306961431e-01,6.881344043603387917e-02,2.810306952434844449e-02,1.864500732190099361e-02,0.000000000000000000e+00
2.052387856517783860e+02,2.621919842634864040e+01,2.693291137653527345e-01,3.440672021801753633e-02,2.815946106695903575e-02,1.870043571736036692e-02,0.000000000000000000e+00
2.056427793243212534e+02,2.627080850691773151e+01,5.386582332369868054e-01,6.881344116501093844e-02,2.821564113999650014e-02,1.875586579917487562e-02,0.000000000000000000e+00
2.060467729968641208e+02,2.632241858748682262e+01,2.693291166184933472e-01,3.440672058250546228e-02,2.827160847476900205e-02,1.881129714444725043e-02,0.000000000000000000e+00
2.064507666694069883e+02,2.637402866805591373e+01,5.386582360901130961e-01,6.881344152949704640e-02,2.832736180258472319e-02,1.886672933028021165e-02,0.000000000000000000e+00
2.068547603419498557e+02,2.642563874862500484e+01,2.693291151919302018e-01,3.440672040026241524e-02,2.838289985475185226e-02,1.892216193377649347e-02,0.000000000000000000e+00
2.072587540144927232e+02,2.647724882919409595e+01,5.386582246776076000e-01,6.881344007155260067e-02,2.843822136257855016e-02,1.897759453203880925e-02,0.000000000000000000e+00
2.076627476870355906e+02,2.652885890976318706e+01,2.693291109122406546e-01,3.440671985353325329e-02,2.849332505737299515e-02,1.903302670216990011e-02,0.000000000000000000e+00
2.080667413595784581e+02,2.658046899033227817e+01,5.386582332369868054e-01,6.881344116501093844e-02,2.854820967044336896e-02,1.908845802127247596e-02,0.000000000000000000e+00
2.084707350321213255e+02,2.663207907090136928e+01,2.693291151919159354e-01,3.440672040026059031e-02,2.860287393309783599e-02,1.914388806644926749e-02,0.000000000000000000e+00
2.088747287046642214e+02,2.668368915147046749e+01,5.386582303838224339e-01,6.881344080051997325e-02,2.865731657664459184e-02,1.919931641480302278e-02,0.000000000000000000e+00
2.092787223772070888e+02,2.673529923203955860e+01,2.693291137653622824e-01,3.440672021801875757e-02,2.871153633239179048e-02,1.925474264343642397e-02,0.000000000000000000e+00
2.096827160497499563e+02,2.678690931260864971e+01,5.386582332369868054e-01,6.881344116501093844e-02,2.876553193164762753e-02,1.931016632945222258e-02,0.000000000000000000e+00
2.100867097222928237e+02,2.683851939317774082e+01,2.693291151919302018e-01,3.440672040026241524e-02,2.881930210572027432e-02,1.936558704995314240e-02,0.000000000000000000e+00
2.104907033948356911e+02,2.689012947374683193e+01,5.386582332369868054e-01,6.881344116501093844e-02,2.887284558591789868e-02,1.942100438204190371e-02,0.000000000000000000e+00
2.108946970673785586e+02,2.694173955431592304e+01,2.693291166184933472e-01,3.440672058250546228e-02,2.892616110354868583e-02,1.947641790282123378e-02,0.000000000000000000e+00
2.112986907399214260e+02,2.699334963488501415e+01,5.386582218244813092e-01,6.881343970706650659e-02,2.897924738992080709e-02,1.953182718939385984e-02,0.000000000000000000e+00
2.117026844124642935e+02,2.704495971545410526e+01,2.693291151919159354e-01,3.440672040026059031e-02,2.903210317634243032e-02,1.958723181886250567e-02,0.000000000000000000e+00
2.121066780850071893e+02,2.709656979602319993e+01,5.386582275306961431e-01,6.881344043603387917e-02,2.908472719412176152e-02,1.964263136832990544e-02,0.000000000000000000e+00
2.125106717575500568e+02,2.714817987659229104e+01,2.693291151919254833e-01,3.440672040026181155e-02,2.913711817456694775e-02,1.969802541489876907e-02,0.000000000000000000e+00
2.129146654300929242e+02,2.719978995716138215e+01,5.386582246776076000e-01,6.881344007155260067e-02,2.918927484898617419e-02,1.975341353567183073e-02,0.000000000000000000e+00
2.133186591026357917e+02,2.725140003773047326e+01,2.693291109122406546e-01,3.440671985353325329e-02,2.924119594868761218e-02,1.980879530775181072e-02,0.000000000000000000e+00
2.137226527751786591e+02,2.730301011829956437e+01,5.386582303838604036e-01,6.881344080052483048e-02,2.929288020497944692e-02,1.986417030824144322e-02,0.000000000000000000e+00
2.141266464477215266e+02,2.735462019886865548e+01,2.693291151919301463e-01,3.440672040026240830e-02,2.934432634916984972e-02,1.991953811424344509e-02,0.000000000000000000e+00
2.145306401202643940e+02,2.740623027943775014e+01,5.386582332369868054e-01,6.881344116501093844e-02,2.939553311256700580e-02,1.997489830286054702e-02,0.000000000000000000e+00
2.149346337928072614e+02,2.745784036000684125e+01,2.693291180450423372e-01,3.440672076474670521e-02,2.944649922647906565e-02,2.003025045119546585e-02,0.000000000000000000e+00
2.153386274653501573e+02,2.750945044057593591e+01,5.386582360900752375e-01,6.881344152949220305e-02,2.949722342221424570e-02,2.008559413635094618e-02,0.000000000000000000e+00
2.157426211378930248e+02,2.756106052114502702e+01,2.693291151919254833e-01,3.440672040026181155e-02,2.954770443108068259e-02,2.014092893542969442e-02,0.000000000000000000e+00
2.161466148104358922e+02,2.761267060171411813e+01,5.386582303838604036e-01,6.881344080052483048e-02,2.959794098438657886e-02,2.019625442553444131e-02,0.000000000000000000e+00
2.165506084829787596e+02,2.766428068228320925e+01,2.693291151919301463e-01,3.440672040026240830e-02,2.964793181344009543e-02,2.025157018376791407e-02,0.000000000000000000e+00
2.169546021555216271e+02,2.771589076285230036e+01,5.386582246776076000e-01,6.881344007155260067e-02,2.969767564954942096e-02,2.030687578723283995e-02,0.000000000000000000e+00
2.173585958280644945e+02,2.776750084342139147e+01,2.693291123388038000e-01,3.440672003577630034e-02,2.974717122402271985e-02,2.036217081303194273e-02,0.000000000000000000e+00
2.177625895006073620e+02,2.781911092399048258e+01,5.386582332369868054e-01,6.881344116501093844e-02,2.979641726816817382e-02,2.041745483826794272e-02,0.000000000000000000e+00
2.181665831731502294e+02,2.787072100455957369e+01,2.693291137653622824e-01,3.440672021801875757e-02,2.984541251329396461e-02,2.047272744004357062e-02,0.000000000000000000e+00
2.185705768456930969e+02,2.792233108512866480e+01,5.386582303838224339e-01,6.881344080051997325e-02,2.989415569070825313e-02,2.052798819546155021e-02,0.000000000000000000e+00
2.189745705182359927e+02,2.797394116569775946e+01,2.693291166184791363e-01,3.440672058250365123e-02,2.994264553171923846e-02,2.058323668162461220e-02,0.000000000000000000e+00
2.193785641907788602e+02,2.802555124626685057e+01,5.386582332369868054e-01,6.881344116501093844e-02,2.999088076763507457e-02,2.063847247563547690e-02,0.000000000000000000e+00
2.197825578633217276e+02,2.807716132683594523e+01,2.693291166184933472e-01,3.440672058250546228e-02,3.003886012976395362e-02,2.069369515459686809e-02,0.000000000000000000e+00
2.201865515358645951e+02,2.812877140740503634e+01,5.386582332369868054e-01,6.881344116501093844e-02,3.008658234941404344e-02,2.074890429561151300e-02,0.000000000000000000e+00
2.205905452084074625e+02,2.818038148797412745e+01,2.693291137653670009e-01,3.440672021801936126e-02,3.013404615789351884e-02,2.080409947578213889e-02,0.000000000000000000e+00
2.209945388809503299e+02,2.823199156854321856e+01,5.386582246776076000e-01,6.881344007155260067e-02,3.018125028651055808e-02,2.085928027221146605e-02,0.000000000000000000e+00
2.213985325534931974e+02,2.828360164911230967e+01,2.693291123387990815e-01,3.440672003577569665e-02,3.022819346657333595e-02,2.091444626200222173e-02,0.000000000000000000e+00
2.218025262260360648e+02,2.833521172968140078e+01,5.386582360900752375e-01,6.881344152949220305e-02,3.027487442939004458e-02,2.096959702225713665e-02,0.000000000000000000e+00
2.222065198985789607e+02,2.838682181025049545e+01,2.693291080591000419e-01,3.440671948904532040e-02,3.032129190626883450e-02,2.102473213007893457e-02,0.000000000000000000e+00
2.226105135711218281e+02,2.843843189081958656e+01,5.386582246776076000e-01,6.881344007155260067e-02,3.036744462851789089e-02,2.107985116257033581e-02,0.000000000000000000e+00
2.230145072436646956e+02,2.849004197138867767e+01,2.693291109122406546e-01,3.440671985353325329e-02,3.041333132744541284e-02,2.113495369683407454e-02,0.000000000000000000e+00
2.234185009162075630e+02,2.854165205195776878e+01,5.386582303838604036e-01,6.881344080052483048e-02,3.045895073435954045e-02,2.119003930997286067e-02,0.000000000000000000e+00
2.238224945887504305e+02,2.859326213252685989e+01,2.693291180450565481e-01,3.440672076474852320e-02,3.050430158056847627e-02,2.124510757908943878e-02,0.000000000000000000e+00
2.242264882612932979e+02,2.864487221309595100e+01,5.386582332369868054e-01,6.881344116501093844e-02,3.054938259738037079e-02,2.130015808128651530e-02,0.000000000000000000e+00
2.246304819338361654e+02,2.869648229366504211e+01,2.693291194716197490e-01,3.440672094699157718e-02,3.059419251610343005e-02,2.135519039366683136e-02,0.000000000000000000e+00
2.250344756063790328e+02,2.874809237423413677e+01,5.386582246776076000e-01,6.881344007155260067e-02,3.063873006804582189e-02,2.141020409333311073e-02,0.000000000000000000e+00
2.254384692789219002e+02,2.879970245480322788e+01,2.693291123387895891e-01,3.440672003577448929e-02,3.068299398451571069e-02,2.146519875738806676e-02,0.000000000000000000e+00
2.258424629514647961e+02,2.885131253537232254e+01,5.386582275306961431e-01,6.881344043603387917e-02,3.072698299682127474e-02,2.152017396293443713e-02,0.000000000000000000e+00
2.262464566240076635e+02,2.890292261594141365e+01,2.693291137653622824e-01,3.440672021801875757e-02,3.077069583627069574e-02,2.157512928707493866e-02,0.000000000000000000e+00
2.266504502965505310e+02,2.895453269651050476e+01,5.386582218244813092e-01,6.881343970706650659e-02,3.081413123417215544e-02,2.163006430691230553e-02,0.000000000000000000e+00
2.270544439690933984e+02,2.900614277707959587e+01,2.693291109122406546e-01,3.440671985353325329e-02,3.085728792183382169e-02,2.168497859954925805e-02,0.000000000000000000e+00
2.274584376416362659e+02,2.905775285764868698e+01,5.386582360901130961e-01,6.881344152949704640e-02,3.090016463056386928e-02,2.173987174208851653e-02,0.000000000000000000e+00
2.278624313141791333e+02,2.910936293821777809e+01,2.693291223247461508e-01,3.440672131147769208e-02,3.094276009167047647e-02,2.179474331163281167e-02,0.000000000000000000e+00
2.282664249867220008e+02,2.916097301878686920e+01,5.386582303838604036e-01,6.881344080052483048e-02,3.098507303646182501e-02,2.184959288528487420e-02,0.000000000000000000e+00
2.286704186592648682e+02,2.921258309935596031e+01,2.693291151919159354e-01,3.440672040026059031e-02,3.102710219624607926e-02,2.190442004014741748e-02,0.000000000000000000e+00
2.290744123318077641e+02,2.926419317992505498e+01,5.386582389432015283e-01,6.881344189397831101e-02,3.106884630233143832e-02,2.195922435332317915e-02,0.000000000000000000e+00
2.294784060043506315e+02,2.931580326049414609e+01,2.693291166184886842e-01,3.440672058250486554e-02,3.111030408602605962e-02,2.201400540191488300e-02,0.000000000000000000e+00
2.298823996768934990e+02,2.936741334106323720e+01,5.386582360901130961e-01,6.881344152949704640e-02,3.115147427863811450e-02,2.206876276302524240e-02,0.000000000000000000e+00
2.302863933494363664e+02,2.941902342163233186e+01,2.693291166184933472e-01,3.440672058250546228e-02,3.119235561147578814e-02,2.212349601375699845e-02,0.000000000000000000e+00
2.306903870219792339e+02,2.947063350220142297e+01,5.386582189713549074e-01,6.881343934258038475e-02,3.123294681584725535e-02,2.217820473121286454e-02,0.000000000000000000e+00
2.310943806945221013e+02,2.952224358277051408e+01,2.693291094856774537e-01,3.440671967129019237e-02,3.127324662306069786e-02,2.223288849249557136e-02,0.000000000000000000e+00
2.314983743670649687e+02,2.957385366333960519e+01,5.386582332369868054e-01,6.881344116501093844e-02,3.131325376442428698e-02,2.228754687470784271e-02,0.000000000000000000e+00
2.319023680396078362e+02,2.962546374390869630e+01,2.693291180450423372e-01,3.440672076474670521e-02,3.135296697124619753e-02,2.234217945495240581e-02,0.000000000000000000e+00
2.323063617121507320e+02,2.967707382447779096e+01,5.386582246775697413e-01,6.881344007154777120e-02,3.139238497483461121e-02,2.239678581033198793e-02,0.000000000000000000e+00
2.327103553846935995e+02,2.972868390504688207e+01,2.693291166184886287e-01,3.440672058250485860e-02,3.143150650649769590e-02,2.245136551794930588e-02,0.000000000000000000e+00
2.331143490572364669e+02,2.978029398561597318e+01,5.386582360901130961e-01,6.881344152949704640e-02,3.147033029754363331e-02,2.250591815490709732e-02,0.000000000000000000e+00
2.335183427297793344e+02,2.983190406618506429e+01,2.693291208981829499e-01,3.440672112923463116e-02,3.150885507928060519e-02,2.256044329830807910e-02,0.000000000000000000e+00
2.339223364023222018e+02,2.988351414675415541e+01,5.386582303838604036e-01,6.881344080052483048e-02,3.154707958301677245e-02,2.261494052525497150e-02,0.000000000000000000e+00
2.343263300748650693e+02,2.993512422732324652e+01,2.693291151919302018e-01,3.440672040026241524e-02,3.158500254006032376e-02,2.266940941285051567e-02,0.000000000000000000e+00
2.347303237474079367e+02,2.998673430789233763e+01,5.386582246776076000e-01,6.881344007155260067e-02,3.162262268171943391e-02,2.272384953819742495e-02,0.000000000000000000e+00
2.351343174199508042e+02,3.003834438846142874e+01,2.693291151919254833e-01,3.440672040026181155e-02,3.165993873930227076e-02,2.277826047839843007e-02,0.000000000000000000e+00
2.355383110924936716e+02,3.008995446903052340e+01,5.386582360900752375e-01,6.881344152949220305e-02,3.169694944411702298e-02,2.283264181055626174e-02,0.000000000000000000e+00
2.359423047650365675e+02,3.014156454959961806e+01,2.693291094856632428e-01,3.440671967128838132e-02,3.173365352747185841e-02,2.288699311177363332e-02,0.000000000000000000e+00
2.363462984375794349e+02,3.019317463016870917e+01,5.386582246776076000e-01,6.881344007155260067e-02,3.177004972067495880e-02,2.294131395915327207e-02,0.000000000000000000e+00
2.367502921101223023e+02,3.024478471073780028e+01,2.693291094856774537e-01,3.440671967129019237e-02,3.180613675503449200e-02,2.299560392979790521e-02,0.000000000000000000e+00
2.371542857826651698e+02,3.029639479130689139e+01,5.386582303838604036e-01,6.881344080052483048e-02,3.184191336185863974e-02,2.304986260081026347e-02,0.000000000000000000e+00
2.375582794552080372e+02,3.034800487187598250e+01,2.693291151919302018e-01,3.440672040026241524e-02,3.187737827245558375e-02,2.310408954929306716e-02,0.000000000000000000e+00
2.379622731277509047e+02,3.039961495244507361e+01,5.386582417963658997e-01,6.881344225846926232e-02,3.191253021813349189e-02,2.315828435234904351e-02,0.000000000000000000e+00
2.383662668002937721e+02,3.045122503301416472e+01,2.693291237513045777e-01,3.440672149372013544e-02,3.194736793020053894e-02,2.321244658708091282e-02,0.000000000000000000e+00
2.387702604728366396e+02,3.050283511358325583e+01,5.386582303838224339e-01,6.881344080051997325e-02,3.198189013996490665e-02,2.326657583059140930e-02,0.000000000000000000e+00
2.391742541453795354e+02,3.055444519415235050e+01,2.693291180450423372e-01,3.440672076474670521e-02,3.201609557873477674e-02,2.332067165998325670e-02,0.000000000000000000e+00
2.395782478179224029e+02,3.060605527472144161e+01,5.386582360901130961e-01,6.881344152949704640e-02,3.204998297781831013e-02,2.337473365235916839e-02,0.000000000000000000e+00
2.399822414904652703e+02,3.065766535529053272e+01,2.693291237513093517e-01,3.440672149372074606e-02,3.208355106852368160e-02,2.342876138482188203e-02,0.000000000000000000e+00
2.403862351630081378e+02,3.070927543585962383e+01,5.386582189713549074e-01,6.881343934258038475e-02,3.211679858215909372e-02,2.348275443447412486e-02,0.000000000000000000e+00
2.407902288355510052e+02,3.076088551642871849e+01,2.693291151919302018e-01,3.440672040026241524e-02,3.214972425003270740e-02,2.353671237841861719e-02,0.000000000000000000e+00
2.411942225080938726e+02,3.081249559699780960e+01,5.386582303838604036e-01,6.881344080052483048e-02,3.218232680345269048e-02,2.359063479375807931e-02,0.000000000000000000e+00
2.415982161806367401e+02,3.086410567756690071e+01,2.693291180450565481e-01,3.440672076474852320e-02,3.221460497372722470e-02,2.364452125759524542e-02,0.000000000000000000e+00
2.420022098531796075e+02,3.091571575813599182e+01,5.386582360901130961e-01,6.881344152949704640e-02,3.224655749216449180e-02,2.369837134703283929e-02,0.000000000000000000e+00
2.424062035257224750e+02,3.096732583870508293e+01,2.693291266044214316e-01,3.440672185820502910e-02,3.227818309007265268e-02,2.375218463917358122e-02,0.000000000000000000e+00
2.428101971982653708e+02,3.101893591927417759e+01,5.386582360900752375e-01,6.881344152949220305e-02,3.230948049875990297e-02,2.380596071112020540e-02,0.000000000000000000e+00
2.432141908708082383e+02,3.107054599984326870e+01,2.693291123387990815e-01,3.440672003577569665e-02,3.234044844953442438e-02,2.385969913997543213e-02,0.000000000000000000e+00
2.436181845433511057e+02,3.112215608041235981e+01,5.386582303838604036e-01,6.881344080052483048e-02,3.237108567370437090e-02,2.391339950284198171e-02,0.000000000000000000e+00
2.440221782158939732e+02,3.117376616098145092e+01,2.693291180450565481e-01,3.440672076474852320e-02,3.240139090257791732e-02,2.396706137682258486e-02,0.000000000000000000e+00
2.444261718884368406e+02,3.122537624155054203e+01,5.386582246776076000e-01,6.881344007155260067e-02,3.243136286746325925e-02,2.402068433901996883e-02,0.000000000000000000e+00
2.448301655609797081e+02,3.127698632211963314e+01,2.693291208981829499e-01,3.440672112923463116e-02,3.246100029966855760e-02,2.407426796653685391e-02,0.000000000000000000e+00
2.452341592335225755e+02,3.132859640268872425e+01,5.386582303838604036e-01,6.881344080052483048e-02,3.249030193050199411e-02,2.412781183647596736e-02,0.000000000000000000e+00
2.456381529060654429e+02,3.138020648325781536e+01,2.693291094856632428e-01,3.440671967128838132e-02,3.251926649127175051e-02,2.418131552594003641e-02,0.000000000000000000e+00
2.460421465786083388e+02,3.143181656382691003e+01,5.386582303838224339e-01,6.881344080051997325e-02,3.254789271328600853e-02,2.423477861203179873e-02,0.000000000000000000e+00
2.464461402511512063e+02,3.148342664439600469e+01,2.693291180450518296e-01,3.440672076474791952e-02,3.257617932785292214e-02,2.428820067185396073e-02,0.000000000000000000e+00
2.468501339236940737e+02,3.153503672496509580e+01,5.386582360901130961e-01,6.881344152949704640e-02,3.260412506628068002e-02,2.434158128250924619e-02,0.000000000000000000e+00
2.472541275962369411e+02,3.158664680553418691e+01,2.693291151919302018e-01,3.440672040026241524e-02,3.263172865987745697e-02,2.439492002110038929e-02,0.000000000000000000e+00
2.476581212687798086e+02,3.163825688610327802e+01,5.386582360901130961e-01,6.881344152949704640e-02,3.265898883995143470e-02,2.444821646473011381e-02,0.000000000000000000e+00
2.480621149413226760e+02,3.168986696667236913e+01,2.693291180450565481e-01,3.440672076474852320e-02,3.268590433781078108e-02,2.450147019050114700e-02,0.000000000000000000e+00
2.484661086138655435e+02,3.174147704724146024e+01,5.386582189713549074e-01,6.881343934258038475e-02,3.271247388476367091e-02,2.455468077551620915e-02,0.000000000000000000e+00
2.488701022864084109e+02,3.179308712781055135e+01,2.693291208981687390e-01,3.440672112923282011e-02,3.273869621211829284e-02,2.460784779687803445e-02,0.000000000000000000e+00
2.492740959589513068e+02,3.184469720837964601e+01,5.386582303838224339e-01,6.881344080051997325e-02,3.276457005118282167e-02,2.466097083168934667e-02,0.000000000000000000e+00
2.496780896314941742e+02,3.189630728894873712e+01,2.693291094856726797e-01,3.440671967128958869e-02,3.279009413326541833e-02,2.471404945705285919e-02,0.000000000000000000e+00
2.500820833040370417e+02,3.194791736951782823e+01,5.386582246776076000e-01,6.881344007155260067e-02,3.281526718967427148e-02,2.476708325007131312e-02,0.000000000000000000e+00
2.504860769765799091e+02,3.199952745008691934e+01,2.693291066325510519e-01,3.440671930680408441e-02,3.284008795171754896e-02,2.482007178784742529e-02,0.000000000000000000e+00
2.508900706491227766e+02,3.205113753065601401e+01,5.386582417963658997e-01,6.881344225846926232e-02,3.286455515070343253e-02,2.487301464748392296e-02,0.000000000000000000e+00
2.512940643216656440e+02,3.210274761122510512e+01,2.693291180450565481e-01,3.440672076474852320e-02,3.288866751794010390e-02,2.492591140608352643e-02,0.000000000000000000e+00
2.516980579942085114e+02,3.215435769179419623e+01,5.386582360901130961e-01,6.881344152949704640e-02,3.291242378473573094e-02,2.497876164074896640e-02,0.000000000000000000e+00
2.521020516667513789e+02,3.220596777236328734e+01,2.693291151919254833e-01,3.440672040026181155e-02,3.293582268239849536e-02,2.503156492858297014e-02,0.000000000000000000e+00
2.525060453392942463e+02,3.225757785293237845e+01,5.386582360900752375e-01,6.881344152949220305e-02,3.295886294223657198e-02,2.508432084668826140e-02,0.000000000000000000e+00
2.529100390118371422e+02,3.230918793350147666e+01,2.693291123387896446e-01,3.440672003577449622e-02,3.298154329555813558e-02,2.513702897216756743e-02,0.000000000000000000e+00
2.533140326843800096e+02,3.236079801407056777e+01,5.386582303838604036e-01,6.881344080052483048e-02,3.300386247367136094e-02,2.518968888212360507e-02,0.000000000000000000e+00
2.537180263569228771e+02,3.241240809463965888e+01,2.693291180450565481e-01,3.440672076474852320e-02,3.302581920788441594e-02,2.524230015365910851e-02,0.000000000000000000e+00
2.541220200294657445e+02,3.246401817520874999e+01,5.386582189713549074e-01,6.881343934258038475e-02,3.304741222950549617e-02,2.529486236387679457e-02,0.000000000000000000e+00
2.545260137020086120e+02,3.251562825577784110e+01,2.693291151919302018e-01,3.440672040026241524e-02,3.306864026984276950e-02,2.534737508987940438e-02,0.000000000000000000e+00
2.549300073745514794e+02,3.256723833634693221e+01,5.386582303838604036e-01,6.881344080052483048e-02,3.308950206020440377e-02,2.539983790876964437e-02,0.000000000000000000e+00
2.553340010470943469e+02,3.261884841691602333e+01,2.693291180450518296e-01,3.440672076474791952e-02,3.310999633189859459e-02,2.545225039765025565e-02,0.000000000000000000e+00
2.557379947196372143e+02,3.267045849748511444e+01,5.386582246775697413e-01,6.881344007154777120e-02,3.313012181623349595e-02,2.550461213362395160e-02,0.000000000000000000e+00
2.561419883921801102e+02,3.272206857805421265e+01,2.693291094856632428e-01,3.440671967128838132e-02,3.314987724451730344e-02,2.555692269379347681e-02,0.000000000000000000e+00
2.565459820647229776e+02,3.277367865862330376e+01,5.386582360901130961e-01,6.881344152949704640e-02,3.316926134805817800e-02,2.560918165526152729e-02,0.000000000000000000e+00
2.569499757372658451e+02,3.282528873919239487e+01,2.693291151919302018e-01,3.440672040026241524e-02,3.318827285816430134e-02,2.566138859513085457e-02,0.000000000000000000e+00
2.573539694098087125e+02,3.287689881976148598e+01,5.386582246776076000e-01,6.881344007155260067e-02,3.320691050614384826e-02,2.571354309050416509e-02,0.000000000000000000e+00
2.577579630823515799e+02,3.292850890033057709e+01,2.693291180450565481e-01,3.440672076474852320e-02,3.322517302330500744e-02,2.576564471848419649e-02,0.000000000000000000e+00
2.581619567548944474e+02,3.298011898089966820e+01,5.386582303838604036e-01,6.881344080052483048e-02,3.324305914095592590e-02,2.581769305617366214e-02,0.000000000000000000e+00
2.585659504274373148e+02,3.303172906146875931e+01,2.693291123388038555e-01,3.440672003577630728e-02,3.326056759040482008e-02,2.586968768067530663e-02,0.000000000000000000e+00
2.589699440999801823e+02,3.308333914203785042e+01,5.386582360901130961e-01,6.881344152949704640e-02,3.327769710295983008e-02,2.592162816909183987e-02,0.000000000000000000e+00
2.593739377725230497e+02,3.313494922260694153e+01,2.693291094856774537e-01,3.440671967129019237e-02,3.329444640992914456e-02,2.597351409852598908e-02,0.000000000000000000e+00
2.597779314450659172e+02,3.318655930317603264e+01,5.386582360901130961e-01,6.881344152949704640e-02,3.331081424262095220e-02,2.602534504608048846e-02,0.000000000000000000e+00
2.601819251176087846e+02,3.323816938374512375e+01,2.693291208981829499e-01,3.440672112923463116e-02,3.332679933234342085e-02,2.607712058885805137e-02,0.000000000000000000e+00
2.605859187901516520e+02,3.328977946431421486e+01,5.386582189713549074e-01,6.881343934258038475e-02,3.334240041040471836e-02,2.612884030396141893e-02,0.000000000000000000e+00
2.609899124626945195e+02,3.334138954488330597e+01,2.693291180450281264e-01,3.440672076474488722e-02,3.335761620811302647e-02,2.618050376849329064e-02,0.000000000000000000e+00
2.613939061352374438e+02,3.339299962545240419e+01,5.386582360900372679e-01,6.881344152948735970e-02,3.337244545677652691e-02,2.623211055955642843e-02,0.000000000000000000e+00
2.617978998077803112e+02,3.344460970602149530e+01,2.693291094856679613e-01,3.440671967128898501e-02,3.338688688770339447e-02,2.628366025425352484e-02,0.000000000000000000e+00
2.622018934803231787e+02,3.349621978659058641e+01,5.386582360901130961e-01,6.881344152949704640e-02,3.340093923220179700e-02,2.633515242968731754e-02,0.000000000000000000e+00
2.626058871528660461e+02,3.354782986715967752e+01,2.693291066325510519e-01,3.440671930680408441e-02,3.341460122157991625e-02,2.638658666296053723e-02,0.000000000000000000e+00
2.630098808254089136e+02,3.359943994772876863e+01,5.386582360901130961e-01,6.881344152949704640e-02,3.342787158714592699e-02,2.643796253117589382e-02,0.000000000000000000e+00
2.634138744979517810e+02,3.365105002829785974e+01,2.693291180450565481e-01,3.440672076474852320e-02,3.344074906020801097e-02,2.648927961143613535e-02,0.000000000000000000e+00
2.638178681704946484e+02,3.370266010886695085e+01,5.386582189713549074e-01,6.881343934258038475e-02,3.345323237207434297e-02,2.654053748084397174e-02,0.000000000000000000e+00
2.642218618430375159e+02,3.375427018943604196e+01,2.693291151919302018e-01,3.440672040026241524e-02,3.346532025405308391e-02,2.659173571650212675e-02,0.000000000000000000e+00
2.646258555155803833e+02,3.380588027000513307e+01,5.386582417963658997e-01,6.881344225846926232e-02,3.347701143745242941e-02,2.664287389551333110e-02,0.000000000000000000e+00
2.650298491881232508e+02,3.385749035057423129e+01,2.693291066325510519e-01,3.440671930680408441e-02,3.348830465358055425e-02,2.669395159498032591e-02,0.000000000000000000e+00
2.654338428606661182e+02,3.390910043114332240e+01,5.386582417963658997e-01,6.881344225846926232e-02,3.349919863374561935e-02,2.674496839200580373e-02,0.000000000000000000e+00
2.658378365332089857e+02,3.396071051171241351e+01,2.693291151919302018e-01,3.440672040026241524e-02,3.350969210925582031e-02,2.679592386369250914e-02,0.000000000000000000e+00
2.662418302057518531e+02,3.401232059228150462e+01,5.386582246776076000e-01,6.881344007155260067e-02,3.351978381141931806e-02,2.684681758714316940e-02,0.000000000000000000e+00
2.666458238782947205e+02,3.406393067285059573e+01,2.693291208981829499e-01,3.440672112923463116e-02,3.352947247154429433e-02,2.689764913946050134e-02,0.000000000000000000e+00
2.670498175508375880e+02,3.411554075341968684e+01,5.386582246776076000e-01,6.881344007155260067e-02,3.353875682093893085e-02,2.694841809774724262e-02,0.000000000000000000e+00
2.674538112233804554e+02,3.416715083398877795e+01,2.693291151919207094e-01,3.440672040026120093e-02,3.354763559091139546e-02,2.699912403910610312e-02,0.000000000000000000e+00
2.678578048959233229e+02,3.421876091455786906e+01,5.386582360900372679e-01,6.881344152948735970e-02,3.355610751276986298e-02,2.704976654063981356e-02,0.000000000000000000e+00
2.682617985684662472e+02,3.427037099512696727e+01,2.693291151919017801e-01,3.440672040025878620e-02,3.356417131782252206e-02,2.710034517945111507e-02,0.000000000000000000e+00
2.686657922410091146e+02,3.432198107569605838e+01,5.386582303838604036e-01,6.881344080052483048e-02,3.357182573737754055e-02,2.715085953264271407e-02,0.000000000000000000e+00
2.690697859135519820e+02,3.437359115626514949e+01,2.693291180450565481e-01,3.440672076474852320e-02,3.357906950274309327e-02,2.720130917731733780e-02,0.000000000000000000e+00
2.694737795860948495e+02,3.442520123683424060e+01,5.386582246776076000e-01,6.881344007155260067e-02,3.358590134522736192e-02,2.725169369057771698e-02,0.000000000000000000e+00
2.698777732586377169e+02,3.447681131740333171e+01,2.693291180450565481e-01,3.440672076474852320e-02,3.359231999613851438e-02,2.730201264952657192e-02,0.000000000000000000e+00
2.702817669311805844e+02,3.452842139797242282e+01,5.386582360901130961e-01,6.881344152949704640e-02,3.359832418678473237e-02,2.735226563126663679e-02,0.000000000000000000e+00
2.706857606037234518e+02,3.458003147854151393e+01,2.693291066325510519e-01,3.440671930680408441e-02,3.360391264847419068e-02,2.740245221290062844e-02,0.000000000000000000e+00
2.710897542762663193e+02,3.463164155911060504e+01,5.386582303838604036e-01,6.881344080052483048e-02,3.360908411251507105e-02,2.745257197153127757e-02,0.000000000000000000e+00
2.714937479488091867e+02,3.468325163967969615e+01,2.693291180450565481e-01,3.440672076474852320e-02,3.361383731021553439e-02,2.750262448426130102e-02,0.000000000000000000e+00
2.718977416213520542e+02,3.473486172024878726e+01,5.386582246776076000e-01,6.881344007155260067e-02,3.361817097288377632e-02,2.755260932819343991e-02,0.000000000000000000e+00
2.723017352938949216e+02,3.478647180081787837e+01,2.693291180450565481e-01,3.440672076474852320e-02,3.362208383182796467e-02,2.760252608043040415e-02,0.000000000000000000e+00
2.727057289664377890e+02,3.483808188138696948e+01,5.386582360901130961e-01,6.881344152949704640e-02,3.362557461835627426e-02,2.765237431807493484e-02,0.000000000000000000e+00
2.731097226389806565e+02,3.488969196195606060e+01,2.693291094856774537e-01,3.440671967129019237e-02,3.362864206377687987e-02,2.770215361822973843e-02,0.000000000000000000e+00
2.735137163115235239e+02,3.494130204252515171e+01,5.386582417963658997e-01,6.881344225846926232e-02,3.363128489939796323e-02,2.775186355799755256e-02,0.000000000000000000e+00
2.739177099840663914e+02,3.499291212309424282e+01,2.693291094856679613e-01,3.440671967128898501e-02,3.363350185652769220e-02,2.780150371448110100e-02,0.000000000000000000e+00
2.743217036566092588e+02,3.504452220366333393e+01,5.386582360900372679e-01,6.881344152948735970e-02,3.363529166647425545e-02,2.785107366478310406e-02,0.000000000000000000e+00
2.747256973291521831e+02,3.509613228423243214e+01,2.693291180450281264e-01,3.440672076474488722e-02,3.363665306054582083e-02,2.790057298600629940e-02,0.000000000000000000e+00
2.751296910016950505e+02,3.514774236480152325e+01,5.386582246776076000e-01,6.881344007155260067e-02,3.363758477005057007e-02,2.795000125525340384e-02,0.000000000000000000e+00
2.755336846742379180e+02,3.519935244537062147e+01,2.693291180450565481e-01,3.440672076474852320e-02,3.363808552629666410e-02,2.799935804962714811e-02,0.000000000000000000e+00
2.759376783467807854e+02,3.525096252593971258e+01,5.386582303838604036e-01,6.881344080052483048e-02,3.363815406059229851e-02,2.804864294623024557e-02,0.000000000000000000e+00
2.763416720193236529e+02,3.530257260650880369e+01,2.693291037794247056e-01,3.440671894231797645e-02,3.363778910424564117e-02,2.809785552216542692e-02,0.000000000000000000e+00
2.767456656918665203e+02,3.535418268707789480e+01,5.386582189713549074e-01,6.881343934258038475e-02,3.363698938856485993e-02,2.814699535453541943e-02,0.000000000000000000e+00
2.771496593644093878e+02,3.540579276764698591e+01,2.693291151919302018e-01,3.440672040026241524e-02,3.363575364485815039e-02,2.819606202044295379e-02,0.000000000000000000e+00
2.775536530369522552e+02,3.545740284821607702e+01,5.386582303838604036e-01,6.881344080052483048e-02,3.363408060443367348e-02,2.824505509699074685e-02,0.000000000000000000e+00
2.779576467094951226e+02,3.550901292878516813e+01,2.693291151919302018e-01,3.440672040026241524e-02,3.363196899859961092e-02,2.829397416128153278e-02,0.000000000000000000e+00
2.783616403820379901e+02,3.556062300935425924e+01,5.386582475026185923e-01,6.881344298744147825e-02,3.362941755866413751e-02,2.834281879041802496e-02,0.000000000000000000e+00
2.787656340545808575e+02,3.561223308992335035e+01,2.693291037794247056e-01,3.440671894231797645e-02,3.362642501593542110e-02,2.839158856150294716e-02,0.000000000000000000e+00
2.791696277271237250e+02,3.566384317049244146e+01,5.386582303838604036e-01,6.881344080052483048e-02,3.362299010172166425e-02,2.844028305163905090e-02,0.000000000000000000e+00
2.795736213996665924e+02,3.571545325106153257e+01,2.693291151919302018e-01,3.440672040026241524e-02,3.361911154733101398e-02,2.848890183792903569e-02,0.000000000000000000e+00
2.799776150722094599e+02,3.576706333163062368e+01,5.386582246776076000e-01,6.881344007155260067e-02,3.361478808407165897e-02,2.853744449747562875e-02,0.000000000000000000e+00
2.803816087447523273e+02,3.581867341219971479e+01,2.693291151919302018e-01,3.440672040026241524e-02,3.361001844325177401e-02,2.858591060738157122e-02,0.000000000000000000e+00
2.807856024172951948e+02,3.587028349276880590e+01,5.386582303838604036e-01,6.881344080052483048e-02,3.360480135617953390e-02,2.863429974474957646e-02,0.000000000000000000e+00
2.811895960898380622e+02,3.592189357333789701e+01,2.693291094856490320e-01,3.440671967128656333e-02,3.359913555416312037e-02,2.868261148668236823e-02,0.000000000000000000e+00
2.815935897623809865e+02,3.597350365390699523e+01,5.386582246775317717e-01,6.881344007154291398e-02,3.359301976851070820e-02,2.873084541028269809e-02,0.000000000000000000e+00
2.819975834349238539e+02,3.602511373447608634e+01,2.693291151919207094e-01,3.440672040026120093e-02,3.358645273053047220e-02,2.877900109265324816e-02,0.000000000000000000e+00
2.824015771074667214e+02,3.607672381504517745e+01,5.386582360901130961e-01,6.881344152949704640e-02,3.357943317153058715e-02,2.882707811089677344e-02,0.000000000000000000e+00
2.828055707800095888e+02,3.612833389561426856e+01,2.693291094856774537e-01,3.440671967129019237e-02,3.357195982281922786e-02,2.887507604211599077e-02,0.000000000000000000e+00
2.832095644525524563e+02,3.617994397618335967e+01,5.386582189713549074e-01,6.881343934258038475e-02,3.356403141570457604e-02,2.892299446341361699e-02,0.000000000000000000e+00
2.836135581250953237e+02,3.623155405675245078e+01,2.693291180450565481e-01,3.440672076474852320e-02,3.355564668149480650e-02,2.897083295189239321e-02,0.000000000000000000e+00
2.840175517976381911e+02,3.628316413732154189e+01,5.386582360901130961e-01,6.881344152949704640e-02,3.354680435149808015e-02,2.901859108465503281e-02,0.000000000000000000e+00
2.844215454701810586e+02,3.633477421789063300e+01,2.693291151919302018e-01,3.440672040026241524e-02,3.353750315702259954e-02,2.906626843880426997e-02,0.000000000000000000e+00
2.848255391427239260e+02,3.638638429845972411e+01,5.386582417963658997e-01,6.881344225846926232e-02,3.352774182937652558e-02,2.911386459144283193e-02,0.000000000000000000e+00
2.852295328152667935e+02,3.643799437902881522e+01,2.693291123388038555e-01,3.440672003577630728e-02,3.351751909986803307e-02,2.916137911967343205e-02,0.000000000000000000e+00
2.856335264878096609e+02,3.648960445959790633e+01,5.386582132651021038e-01,6.881343861360816883e-02,3.350683369980530374e-02,2.920881160059879758e-02,0.000000000000000000e+00
2.860375201603525284e+02,3.654121454016699744e+01,2.693291180450565481e-01,3.440672076474852320e-02,3.349568436049651238e-02,2.925616161132166618e-02,0.000000000000000000e+00
2.864415138328953958e+02,3.659282462073609565e+01,5.386582360901130961e-01,6.881344152949704640e-02,3.348406981324984072e-02,2.930342872894475467e-02,0.000000000000000000e+00
2.868455075054382633e+02,3.664443470130518676e+01,2.693291094856774537e-01,3.440671967129019237e-02,3.347198878937345662e-02,2.935061253057079378e-02,0.000000000000000000e+00
2.872495011779811307e+02,3.669604478187427787e+01,5.386582360901130961e-01,6.881344152949704640e-02,3.345944002017553487e-02,2.939771259330250033e-02,0.000000000000000000e+00
2.876534948505239981e+02,3.674765486244336898e+01,2.693291151919207094e-01,3.440672040026120093e-02,3.344642223696426414e-02,2.944472849424260852e-02,0.000000000000000000e+00
2.880574885230668656e+02,3.679926494301246009e+01,5.386582189712790791e-01,6.881343934257069805e-02,3.343293417104780535e-02,2.949165981049383517e-02,0.000000000000000000e+00
2.884614821956097899e+02,3.685087502358155831e+01,2.693291180450281264e-01,3.440672076474488722e-02,3.341897455373434023e-02,2.953850611915891794e-02,0.000000000000000000e+00
2.888654758681526573e+02,3.690248510415064942e+01,5.386582189713549074e-01,6.881343934258038475e-02,3.340454211633205051e-02,2.958526699734056672e-02,0.000000000000000000e+00
2.892694695406955248e+02,3.695409518471974053e+01,2.693291151919302018e-01,3.440672040026241524e-02,3.338963559014911098e-02,2.963194202214151918e-02,0.000000000000000000e+00
2.896734632132383922e+02,3.700570526528883164e+01,5.386582246776076000e-01,6.881344007155260067e-02,3.337425370649368950e-02,2.967853077066448866e-02,0.000000000000000000e+00
2.900774568857812596e+02,3.705731534585792275e+01,2.693291123388038555e-01,3.440672003577630728e-02,3.335839519667397474e-02,2.972503282001221284e-02,0.000000000000000000e+00
2.904814505583241271e+02,3.710892542642701386e+01,5.386582303838604036e-01,6.881344080052483048e-02,3.334205879199813455e-02,2.977144774728741200e-02,0.000000000000000000e+00
2.908854442308669945e+02,3.716053550699610497e+01,2.693291123388038555e-01,3.440672003577630728e-02,3.332524322377433679e-02,2.981777512959280646e-02,0.000000000000000000e+00
2.912894379034098620e+02,3.721214558756519608e+01,5.386582246776076000e-01,6.881344007155260067e-02,3.330794722331078400e-02,2.986401454403113734e-02,0.000000000000000000e+00
2.916934315759527294e+02,3.726375566813428719e+01,2.693291208981829499e-01,3.440672112923463116e-02,3.329016952191562323e-02,2.991016556770511106e-02,0.000000000000000000e+00
2.920974252484955969e+02,3.731536574870337830e+01,5.386582360901130961e-01,6.881344152949704640e-02,3.327190885089705008e-02,2.995622777771746875e-02,0.000000000000000000e+00
2.925014189210384643e+02,3.736697582927246941e+01,2.693291151919302018e-01,3.440672040026241524e-02,3.325316394156323241e-02,3.000220075117091684e-02,0.000000000000000000e+00
2.929054125935813317e+02,3.741858590984156052e+01,5.386582417963658997e-01,6.881344225846926232e-02,3.323393352522235195e-02,3.004808406516820685e-02,0.000000000000000000e+00
2.933094062661241992e+02,3.747019599041065163e+01,2.693291151919302018e-01,3.440672040026241524e-02,3.321421633318258348e-02,3.009387729681204174e-02,0.000000000000000000e+00
2.937133999386670666e+02,3.752180607097974274e+01,5.386582189713549074e-01,6.881343934258038475e-02,3.319401109675209488e-02,3.013958002320515570e-02,0.000000000000000000e+00
2.941173936112099341e+02,3.757341615154883385e+01,2.693291208981829499e-01,3.440672112923463116e-02,3.317331654723907480e-02,3.018519182145027943e-02,0.000000000000000000e+00
2.945213872837528015e+02,3.762502623211792496e+01,5.386582189713549074e-01,6.881343934258038475e-02,3.315213141595168417e-02,3.023071226865012284e-02,0.000000000000000000e+00
2.949253809562956690e+02,3.767663631268701607e+01,2.693291208981545282e-01,3.440672112923100212e-02,3.313045443419811859e-02,3.027614094190743052e-02,0.000000000000000000e+00
2.953293746288385933e+02,3.772824639325611429e+01,5.386582303837845753e-01,6.881344080051514378e-02,3.310828433328653203e-02,3.032147741832491930e-02,0.000000000000000000e+00
2.957333683013814607e+02,3.777985647382520540e+01,2.693291208981734575e-01,3.440672112923342379e-02,3.308561984452512011e-02,3.036672127500530949e-02,0.000000000000000000e+00
2.961373619739243281e+02,3.783146655439429651e+01,5.386582417963658997e-01,6.881344225846926232e-02,3.306245969922205763e-02,3.041187208905132833e-02,0.000000000000000000e+00
2.965413556464671956e+02,3.788307663496338762e+01,2.693291151919302018e-01,3.440672040026241524e-02,3.303880262868549855e-02,3.045692943756569959e-02,0.000000000000000000e+00
2.969453493190100630e+02,3.793468671553248583e+01,5.386582303838604036e-01,6.881344080052483048e-02,3.301464736422363849e-02,3.050189289765116094e-02,0.000000000000000000e+00
2.973493429915529305e+02,3.798629679610157694e+01,2.693291266044356980e-01,3.440672185820685403e-02,3.298999263714466612e-02,3.054676204641042225e-02,0.000000000000000000e+00
2.977533366640957979e+02,3.803790687667066805e+01,5.386582417963658997e-01,6.881344225846926232e-02,3.296483717875673541e-02,3.059153646094621773e-02,0.000000000000000000e+00
2.981573303366386654e+02,3.808951695723975917e+01,2.693291208981829499e-01,3.440672112923463116e-02,3.293917972036802810e-02,3.063621571836127808e-02,0.000000000000000000e+00
2.985613240091815328e+02,3.814112703780885028e+01,5.386582303838604036e-01,6.881344080052483048e-02,3.291301899328673286e-02,3.068079939575832360e-02,0.000000000000000000e+00
2.989653176817244002e+02,3.819273711837794139e+01,2.693291208981829499e-01,3.440672112923463116e-02,3.288635372882099672e-02,3.072528707024006420e-02,0.000000000000000000e+00
2.993693113542672677e+02,3.824434719894703250e+01,5.386582189713549074e-01,6.881343934258038475e-02,3.285918265827902918e-02,3.076967831890925140e-02,0.000000000000000000e+00
2.997733050268101351e+02,3.829595727951612361e+01,2.693291208981829499e-01,3.440672112923463116e-02,3.283150451296898420e-02,3.081397271886858816e-02,0.000000000000000000e+00
3.001772986993530026e+02,3.834756736008521472e+01,5.386582417963658997e-01,6.881344225846926232e-02,3.280331802419903658e-02,3.085816984722081907e-02,0.000000000000000000e+00
3.005812923718958700e+02,3.839917744065430583e+01,2.693291094856774537e-01,3.440671967129019237e-02,3.277462192327738194e-02,3.090226928106865750e-02,0.000000000000000000e+00
3.009852860444387375e+02,3.845078752122339694e+01,5.386582303838604036e-01,6.881344080052483048e-02,3.274541494151218812e-02,3.094627059751483417e-02,0.000000000000000000e+00
3.013892797169816049e+02,3.850239760179248805e+01,2.693291094856679613e-01,3.440671967128898501e-02,3.271569581021161605e-02,3.099017337366206590e-02,0.000000000000000000e+00
3.017932733895244723e+02,3.855400768236157916e+01,5.386582303837845753e-01,6.881344080051514378e-02,3.268546326068386826e-02,3.103397718661308688e-02,0.000000000000000000e+00
3.021972670620673966e+02,3.860561776293067737e+01,2.693291208981545282e-01,3.440672112923100212e-02,3.265471602423709874e-02,3.107768161347063476e-02,0.000000000000000000e+00
3.026012607346102641e+02,3.865722784349976848e+01,5.386582303838604036e-01,6.881344080052483048e-02,3.262345283217948921e-02,3.112128623133740557e-02,0.000000000000000000e+00
3.030052544071531315e+02,3.870883792406885959e+01,2.693291151919302018e-01,3.440672040026241524e-02,3.259167241581922836e-02,3.116479061731613695e-02,0.000000000000000000e+00
3.034092480796959990e+02,3.876044800463795070e+01,5.386582303838604036e-01,6.881344080052483048e-02,3.255937350646448403e-02,3.120819434850956656e-02,0.000000000000000000e+00
3.038132417522388664e+02,3.881205808520704181e+01,2.693291151919302018e-01,3.440672040026241524e-02,3.252655483542342407e-02,3.125149700202040082e-02,0.000000000000000000e+00
3.042172354247817339e+02,3.886366816577613292e+01,5.386582417963658997e-01,6.881344225846926232e-02,3.249321513400423717e-02,3.129469815495137391e-02,0.000000000000000000e+00
3.046212290973246013e+02,3.891527824634522403e+01,2.693291151919302018e-01,3.440672040026241524e-02,3.245935313351509116e-02,3.133779738440520962e-02,0.000000000000000000e+00
3.050252227698674687e+02,3.896688832691431514e+01,5.386582075588494112e-01,6.881343788463595290e-02,3.242496756526417473e-02,3.138079426748464906e-02,0.000000000000000000e+00
3.054292164424103362e+02,3.901849840748340625e+01,2.693291208981829499e-01,3.440672112923463116e-02,3.239005716055964185e-02,3.142368838129238479e-02,0.000000000000000000e+00
3.058332101149532036e+02,3.907010848805249736e+01,5.386582303838604036e-01,6.881344080052483048e-02,3.235462065070969506e-02,3.146647930293117179e-02,0.000000000000000000e+00
3.062372037874960711e+02,3.912171856862158847e+01,2.693291094856774537e-01,3.440671967129019237e-02,3.231865676702248835e-02,3.150916660950373038e-02,0.000000000000000000e+00
3.066411974600389385e+02,3.917332864919067958e+01,5.386582417963658997e-01,6.881344225846926232e-02,3.228216424080621039e-02,3.155174987811277393e-02,0.000000000000000000e+00
3.070451911325818060e+02,3.922493872975977069e+01,2.693291208981829499e-01,3.440672112923463116e-02,3.224514180336903596e-02,3.159422868586104355e-02,0.000000000000000000e+00
3.074491848051246734e+02,3.927654881032886180e+01,5.386582075588494112e-01,6.881343788463595290e-02,3.220758818601913293e-02,3.163660260985123179e-02,0.000000000000000000e+00
3.078531784776675408e+02,3.932815889089796002e+01,2.693291266044262056e-01,3.440672185820563972e-02,3.216950212006469689e-02,3.167887122718611448e-02,0.000000000000000000e+00
3.082571721502104083e+02,3.937976897146705113e+01,5.386582303837845753e-01,6.881344080051514378e-02,3.213088233681387490e-02,3.172103411496837722e-02,0.000000000000000000e+00
3.086611658227533326e+02,3.943137905203614935e+01,2.693291151919017801e-01,3.440672040025878620e-02,3.209172756757485562e-02,3.176309085030076806e-02,0.000000000000000000e+00
3.090651594952962000e+02,3.948298913260524046e+01,5.386582417963658997e-01,6.881344225846926232e-02,3.205203654365582772e-02,3.180504101028600039e-02,0.000000000000000000e+00
3.094691531678390675e+02,3.953459921317433157e+01,2.693291037794247056e-01,3.440671894231797645e-02,3.201180799636495905e-02,3.184688417202679450e-02,0.000000000000000000e+00
3.098731468403819349e+02,3.958620929374342268e+01,5.386582303838604036e-01,6.881344080052483048e-02,3.197104065701043829e-02,3.188861991262588458e-02,0.000000000000000000e+00
3.102771405129248024e+02,3.963781937431251379e+01,2.693291151919302018e-01,3.440672040026241524e-02,3.192973325690041941e-02,3.193024780918600480e-02,0.000000000000000000e+00
3.106811341854676698e+02,3.968942945488160490e+01,5.386582303838604036e-01,6.881344080052483048e-02,3.188788452734309109e-02,3.197176743880986161e-02,0.000000000000000000e+00
3.110851278580105372e+02,3.974103953545069601e+01,2.693291208981829499e-01,3.440672112923463116e-02,3.184549319964662117e-02,3.201317837860019611e-02,0.000000000000000000e+00
3.114891215305534047e+02,3.979264961601978712e+01,5.386582417963658997e-01,6.881344225846926232e-02,3.180255800511919834e-02,3.205448020565972167e-02,0.000000000000000000e+00
3.118931152030962721e+02,3.984425969658887823e+01,2.693291037794247056e-01,3.440671894231797645e-02,3.175907767506900431e-02,3.209567249709117248e-02,0.000000000000000000e+00
3.122971088756391396e+02,3.989586977715796934e+01,5.386582417963658997e-01,6.881344225846926232e-02,3.171505094080418613e-02,3.213675482999726191e-02,0.000000000000000000e+00
3.127011025481820070e+02,3.994747985772706045e+01,2.693291208981829499e-01,3.440672112923463116e-02,3.167047653363293941e-02,3.217772678148073107e-02,0.000000000000000000e+00
3.131050962207248745e+02,3.999908993829615156e+01,5.386582189713549074e-01,6.881343934258038475e-02,3.162535318486343894e-02,3.221858792864430027e-02,0.000000000000000000e+00
3.135090898932677419e+02,4.005070001886524267e+01,2.693291037794247056e-01,3.440671894231797645e-02,3.157967962580385951e-02,3.225933784859069675e-02,0.000000000000000000e+00
3.139130835658106093e+02,4.010231009943433378e+01,5.386582189713549074e-01,6.881343934258038475e-02,3.153345458776237592e-02,3.229997611842263389e-02,0.000000000000000000e+00
3.143170772383534768e+02,4.015392018000342489e+01,2.693291151919302018e-01,3.440672040026241524e-02,3.148667680204716990e-02,3.234050231524285279e-02,0.000000000000000000e+00
3.147210709108963442e+02,4.020553026057251600e+01,5.386582417963658997e-01,6.881344225846926232e-02,3.143934499996640236e-02,3.238091601615405296e-02,0.000000000000000000e+00
3.151250645834392117e+02,4.025714034114160711e+01,2.693291151919017801e-01,3.440672040025878620e-02,3.139145791282826892e-02,3.242121679825898939e-02,0.000000000000000000e+00
3.155290582559821360e+02,4.030875042171070533e+01,5.386582417962900715e-01,6.881344225845957563e-02,3.134301427194092354e-02,3.246140423866038932e-02,0.000000000000000000e+00
3.159330519285250034e+02,4.036036050227979644e+01,2.693291266044262056e-01,3.440672185820563972e-02,3.129401280861257573e-02,3.250147791446095225e-02,0.000000000000000000e+00
3.163370456010678708e+02,4.041197058284888755e+01,5.386582189713549074e-01,6.881343934258038475e-02,3.124445225415137944e-02,3.254143740276341235e-02,0.000000000000000000e+00
3.167410392736107383e+02,4.046358066341797866e+01,2.693291151919302018e-01,3.440672040026241524e-02,3.119433133986551296e-02,3.258128228067051074e-02,0.000000000000000000e+00
3.171450329461536057e+02,4.051519074398706977e+01,5.386582417963658997e-01,6.881344225846926232e-02,3.114364879706316841e-02,3.262101212528495386e-02,0.000000000000000000e+00
3.175490266186964732e+02,4.056680082455616088e+01,2.693291094856774537e-01,3.440671967129019237e-02,3.109240335705249977e-02,3.266062651370948283e-02,0.000000000000000000e+00
3.179530202912393406e+02,4.061841090512525199e+01,5.386582303838604036e-01,6.881344080052483048e-02,3.104059375114168878e-02,3.270012502304681101e-02,0.000000000000000000e+00
3.183570139637822081e+02,4.067002098569435020e+01,2.693291323106884461e-01,3.440672258717906995e-02,3.098821871063889635e-02,3.273950723039967259e-02,0.000000000000000000e+00
3.187610076363250755e+02,4.072163106626344131e+01,5.386582189713549074e-01,6.881343934258038475e-02,3.093527696685232850e-02,3.277877271287078093e-02,0.000000000000000000e+00
3.191650013088679430e+02,4.077324114683253242e+01,2.693291037794247056e-01,3.440671894231797645e-02,3.088176725109014961e-02,3.281792104756287021e-02,0.000000000000000000e+00
3.195689949814108104e+02,4.082485122740162353e+01,5.386582417963658997e-01,6.881344225846926232e-02,3.082768829466053795e-02,3.285695181157866074e-02,0.000000000000000000e+00
3.199729886539536778e+02,4.087646130797071464e+01,2.693291266044356980e-01,3.440672185820685403e-02,3.077303882887166830e-02,3.289586458202088670e-02,0.000000000000000000e+00
3.203769823264965453e+02,4.092807138853980575e+01,5.386582303838604036e-01,6.881344080052483048e-02,3.071781758503171547e-02,3.293465893599226146e-02,0.000000000000000000e+00
3.207809759990394127e+02,4.097968146910889686e+01,2.693291266044356980e-01,3.440672185820685403e-02,3.066202329444885424e-02,3.297333445059552615e-02,0.000000000000000000e+00
3.211849696715822802e+02,4.103129154967798797e+01,5.386582189713549074e-01,6.881343934258038475e-02,3.060565468843126982e-02,3.301189070293339411e-02,0.000000000000000000e+00
3.215889633441251476e+02,4.108290163024707908e+01,2.693291094856679613e-01,3.440671967128898501e-02,3.054871049828712312e-02,3.305032727010859261e-02,0.000000000000000000e+00
3.219929570166680151e+02,4.113451171081617019e+01,5.386582532087955677e-01,6.881344371640402136e-02,3.049118945532461669e-02,3.308864372922384889e-02,0.000000000000000000e+00
3.223969506892109393e+02,4.118612179138526841e+01,2.693291151919017801e-01,3.440672040025878620e-02,3.043309029085187328e-02,3.312683965738188324e-02,0.000000000000000000e+00
3.228009443617538068e+02,4.123773187195435952e+01,5.386582303838604036e-01,6.881344080052483048e-02,3.037441173617713361e-02,3.316491463168542986e-02,0.000000000000000000e+00
3.232049380342966742e+02,4.128934195252345063e+01,2.693291208981829499e-01,3.440672112923463116e-02,3.031515252260853430e-02,3.320286822923721598e-02,0.000000000000000000e+00
3.236089317068395417e+02,4.134095203309254174e+01,5.386582417963658997e-01,6.881344225846926232e-02,3.025531138145426402e-02,3.324070002713995498e-02,0.000000000000000000e+00
3.240129253793824091e+02,4.139256211366163285e+01,2.693291151919302018e-01,3.440672040026241524e-02,3.019488704402249757e-02,3.327840960249637409e-02,0.000000000000000000e+00
3.244169190519252766e+02,4.144417219423072396e+01,5.386582075588494112e-01,6.881343788463595290e-02,3.013387824162140974e-02,3.331599653240920056e-02,0.000000000000000000e+00
3.248209127244681440e+02,4.149578227479981507e+01,2.693291266044356980e-01,3.440672185820685403e-02,3.007228370555918573e-02,3.335346039398117551e-02,0.000000000000000000e+00
3.252249063970110114e+02,4.154739235536890618e+01,5.386582303838604036e-01,6.881344080052483048e-02,3.001010216714397952e-02,3.339080076431501232e-02,0.000000000000000000e+00
3.256289000695538789e+02,4.159900243593799729e+01,2.693291037794247056e-01,3.440671894231797645e-02,2.994733235768399365e-02,3.342801722051342433e-02,0.000000000000000000e+00
3.260328937420967463e+02,4.165061251650708840e+01,5.386582417963658997e-01,6.881344225846926232e-02,2.988397300848738558e-02,3.346510933967915269e-02,0.000000000000000000e+00
3.264368874146396138e+02,4.170222259707617951e+01,2.693291094856774537e-01,3.440671967129019237e-02,2.982002285086234397e-02,3.350207669891491769e-02,0.000000000000000000e+00
3.268408810871824812e+02,4.175383267764527062e+01,5.386582075588494112e-01,6.881343788463595290e-02,2.975548061611705056e-02,3.353891887532343963e-02,0.000000000000000000e+00
3.272448747597253487e+02,4.180544275821436173e+01,2.693291151919302018e-01,3.440672040026241524e-02,2.969034503555965931e-02,3.357563544600745270e-02,0.000000000000000000e+00
3.276488684322682161e+02,4.185705283878345284e+01,5.386582303838604036e-01,6.881344080052483048e-02,2.962461484049835198e-02,3.361222598806967027e-02,0.000000000000000000e+00
3.280528621048110836e+02,4.190866291935254395e+01,2.693291094856774537e-01,3.440671967129019237e-02,2.955828876224131027e-02,3.364869007861283345e-02,0.000000000000000000e+00
3.284568557773539510e+02,4.196027299992163506e+01,5.386582417963658997e-01,6.881344225846926232e-02,2.949136553209671593e-02,3.368502729473966256e-02,0.000000000000000000e+00
3.288608494498968184e+02,4.201188308049072617e+01,2.693291094856490320e-01,3.440671967128656333e-02,2.942384388137273335e-02,3.372123721355287790e-02,0.000000000000000000e+00
3.292648431224397427e+02,4.206349316105983149e+01,5.386582303837845753e-01,6.881344080051514378e-02,2.935572254137751996e-02,3.375731941215522058e-02,0.000000000000000000e+00
3.296688367949826102e+02,4.211510324162892260e+01,2.693291208981734575e-01,3.440672112923342379e-02,2.928700024341930955e-02,3.379327346764939011e-02,0.000000000000000000e+00
3.300728304675254776e+02,4.216671332219801371e+01,5.386581961463439150e-01,6.881343642669150718e-02,2.921767571880623873e-02,3.382909895713812065e-02,0.000000000000000000e+00
3.304768241400683451e+02,4.221832340276710482e+01,2.693291208981829499e-01,3.440672112923463116e-02,2.914774769884649966e-02,3.386479545772414640e-02,0.000000000000000000e+00
3.308808178126112125e+02,4.226993348333619593e+01,5.386582189713549074e-01,6.881343934258038475e-02,2.907721491484825671e-02,3.390036254651019459e-02,0.000000000000000000e+00
3.312848114851540799e+02,4.232154356390528704e+01,2.693290866606664613e-01,3.440671675540131480e-02,2.900607609811968121e-02,3.393579980059897860e-02,0.000000000000000000e+00
3.316888051576969474e+02,4.237315364447437815e+01,5.386582417963658997e-01,6.881344225846926232e-02,2.893432997996896530e-02,3.397110679709322567e-02,0.000000000000000000e+00
3.320927988302398148e+02,4.242476372504346926e+01,2.693291323106884461e-01,3.440672258717906995e-02,2.886197529170427684e-02,3.400628311309566998e-02,0.000000000000000000e+00
3.324967925027826823e+02,4.247637380561256037e+01,5.386582303838604036e-01,6.881344080052483048e-02,2.878901076463378714e-02,3.404132832570903183e-02,0.000000000000000000e+00
3.329007861753255497e+02,4.252798388618165149e+01,2.693291266044356980e-01,3.440672185820685403e-02,2.871543513006568141e-02,3.407624201203603848e-02,0.000000000000000000e+00
3.333047798478684172e+02,4.257959396675074260e+01,5.386582417963658997e-01,6.881344225846926232e-02,2.864124711930813444e-02,3.411102374917941021e-02,0.000000000000000000e+00
3.337087735204112846e+02,4.263120404731983371e+01,2.693291037794247056e-01,3.440671894231797645e-02,2.856644546366932103e-02,3.414567311424188123e-02,0.000000000000000000e+00
3.341127671929541521e+02,4.268281412788892482e+01,5.386582303838604036e-01,6.881344080052483048e-02,2.849102889445741249e-02,3.418018968432616489e-02,0.000000000000000000e+00
3.345167608654970195e+02,4.273442420845801593e+01,2.693291323106884461e-01,3.440672258717906995e-02,2.841499614298059750e-02,3.421457303653500231e-02,0.000000000000000000e+00
3.349207545380398869e+02,4.278603428902710704e+01,5.386582303838604036e-01,6.881344080052483048e-02,2.833834594054703698e-02,3.424882274797110687e-02,0.000000000000000000e+00
3.353247482105827544e+02,4.283764436959619815e+01,2.693291266044072763e-01,3.440672185820322498e-02,2.826107701846491266e-02,3.428293839573719887e-02,0.000000000000000000e+00
3.357287418831256787e+02,4.288925445016529636e+01,5.386582417962900715e-01,6.881344225845957563e-02,2.818318810804240279e-02,3.431691955693602636e-02,0.000000000000000000e+00
3.361327355556685461e+02,4.294086453073438747e+01,2.693291208981734575e-01,3.440672112923342379e-02,2.810467794058768218e-02,3.435076580867029578e-02,0.000000000000000000e+00
3.365367292282114136e+02,4.299247461130347858e+01,5.386582303838604036e-01,6.881344080052483048e-02,2.802554524740893949e-02,3.438447672804273436e-02,0.000000000000000000e+00
3.369407229007542810e+02,4.304408469187256969e+01,2.693291151919302018e-01,3.440672040026241524e-02,2.794578875981432523e-02,3.441805189215606936e-02,0.000000000000000000e+00
3.373447165732971484e+02,4.309569477244166080e+01,5.386582532088713959e-01,6.881344371641370805e-02,2.786540720911203500e-02,3.445149087811302108e-02,0.000000000000000000e+00
3.377487102458400159e+02,4.314730485301075191e+01,2.693291094856774537e-01,3.440671967129019237e-02,2.778439932661024361e-02,3.448479326301633063e-02,0.000000000000000000e+00
3.381527039183828833e+02,4.319891493357984302e+01,5.386582189713549074e-01,6.881343934258038475e-02,2.770276384361712238e-02,3.451795862396871140e-02,0.000000000000000000e+00
3.385566975909257508e+02,4.325052501414893413e+01,2.693291208981829499e-01,3.440672112923463116e-02,2.762049949144084610e-02,3.455098653807289755e-02,0.000000000000000000e+00
3.389606912634686182e+02,4.330213509471802524e+01,5.386582303838604036e-01,6.881344080052483048e-02,2.753760500138959302e-02,3.458387658243159551e-02,0.000000000000000000e+00
3.393646849360114857e+02,4.335374517528711635e+01,2.693291151919302018e-01,3.440672040026241524e-02,2.745407910477154836e-02,3.461662833414754642e-02,0.000000000000000000e+00
3.397686786085543531e+02,4.340535525585621457e+01,5.386582189713549074e-01,6.881343934258038475e-02,2.736992053289486262e-02,3.464924137032349138e-02,0.000000000000000000e+00
3.401726722810972205e+02,4.345696533642530568e+01,2.693291094856774537e-01,3.440671967129019237e-02,2.728512801706774529e-02,3.468171526806212296e-02,0.000000000000000000e+00
3.405766659536400880e+02,4.350857541699439679e+01,5.386582189713549074e-01,6.881343934258038475e-02,2.719970028859835381e-02,3.471404960446618226e-02,0.000000000000000000e+00
3.409806596261829554e+02,4.356018549756348790e+01,2.693291037794247056e-01,3.440671894231797645e-02,2.711363607879485951e-02,3.474624395663837573e-02,0.000000000000000000e+00
3.413846532987258229e+02,4.361179557813257901e+01,5.386582303838604036e-01,6.881344080052483048e-02,2.702693411896545106e-02,3.477829790168146529e-02,0.000000000000000000e+00
3.417886469712686903e+02,4.366340565870167012e+01,2.693291037794152132e-01,3.440671894231676214e-02,2.693959314041830325e-02,3.481021101669815043e-02,0.000000000000000000e+00
3.421926406438115578e+02,4.371501573927076123e+01,5.386582417962900715e-01,6.881344225845957563e-02,2.685161187446159087e-02,3.484198287879116535e-02,0.000000000000000000e+00
3.425966343163544821e+02,4.376662581983985945e+01,2.693291151919017801e-01,3.440672040025878620e-02,2.676298905240347831e-02,3.487361306506323033e-02,0.000000000000000000e+00
3.430006279888973495e+02,4.381823590040895056e+01,5.386582417963658997e-01,6.881344225846926232e-02,2.667372340555215771e-02,3.490510115261707957e-02,0.000000000000000000e+00
3.434046216614402169e+02,4.386984598097804167e+01,2.693291037794247056e-01,3.440671894231797645e-02,2.658381366521580386e-02,3.493644671855542644e-02,0.000000000000000000e+00
3.438086153339830844e+02,4.392145606154713278e+01,5.386582303838604036e-01,6.881344080052483048e-02,2.649325856270258114e-02,3.496764933998100511e-02,0.000000000000000000e+00
3.442126090065259518e+02,4.397306614211622389e+01,2.693291151919302018e-01,3.440672040026241524e-02,2.640205682932068171e-02,3.499870859399654283e-02,0.000000000000000000e+00
3.446166026790688193e+02,4.402467622268531500e+01,5.386582532088713959e-01,6.881344371641370805e-02,2.631020719637826993e-02,3.502962405770475296e-02,0.000000000000000000e+00
3.450205963516116867e+02,4.407628630325440611e+01,2.693290980731719575e-01,3.440671821334575359e-02,2.621770839518352061e-02,3.506039530820837663e-02,0.000000000000000000e+00
3.454245900241545542e+02,4.412789638382349722e+01,5.386582532088713959e-01,6.881344371641370805e-02,2.612455915704461895e-02,3.509102192261012026e-02,0.000000000000000000e+00
3.458285836966974216e+02,4.417950646439258833e+01,2.693291208981829499e-01,3.440672112923463116e-02,2.603075821326973974e-02,3.512150347801273192e-02,0.000000000000000000e+00
3.462325773692402890e+02,4.423111654496167944e+01,5.386582075588494112e-01,6.881343788463595290e-02,2.593630429516705777e-02,3.515183955151891804e-02,0.000000000000000000e+00
3.466365710417831565e+02,4.428272662553077055e+01,2.693291151919302018e-01,3.440672040026241524e-02,2.584119613404474436e-02,3.518202972023141972e-02,0.000000000000000000e+00
3.470405647143260239e+02,4.433433670609986166e+01,5.386582532088713959e-01,6.881344371641370805e-02,2.574543246121097431e-02,3.521207356125293647e-02,0.000000000000000000e+00
3.474445583868688914e+02,4.438594678666895277e+01,2.693291151919302018e-01,3.440672040026241524e-02,2.564901200797393283e-02,3.524197065168622328e-02,0.000000000000000000e+00
3.478485520594117588e+02,4.443755686723804388e+01,5.386582532088713959e-01,6.881344371641370805e-02,2.555193350564179816e-02,3.527172056863400046e-02,0.000000000000000000e+00
3.482525457319546263e+02,4.448916694780713499e+01,2.693291208981829499e-01,3.440672112923463116e-02,2.545419568552273470e-02,3.530132288919898137e-02,0.000000000000000000e+00
3.486565394044974937e+02,4.454077702837622610e+01,5.386582075588494112e-01,6.881343788463595290e-02,2.535579727892492766e-02,3.533077719048388632e-02,0.000000000000000000e+00
3.490605330770403611e+02,4.459238710894531721e+01,2.693291380169127169e-01,3.440672331614765683e-02,2.525673701715654834e-02,3.536008304959146337e-02,0.000000000000000000e+00
3.494645267495832854e+02,4.464399718951441542e+01,5.386582075587735829e-01,6.881343788462626621e-02,2.515701363152576461e-02,3.538924004362441894e-02,0.000000000000000000e+00
3.498685204221261529e+02,4.469560727008350653e+01,2.693291151919207094e-01,3.440672040026120093e-02,2.505662585334077555e-02,3.541824774968549416e-02,0.000000000000000000e+00
3.502725140946690203e+02,4.474721735065260475e+01,5.386582417963658997e-01,6.881344225846926232e-02,2.495557241390973166e-02,3.544710574487740240e-02,0.000000000000000000e+00
3.506765077672118878e+02,4.479882743122169586e+01,2.693291094856774537e-01,3.440671967129019237e-02,2.485385204454083549e-02,3.547581360630287090e-02,0.000000000000000000e+00
3.510805014397547552e+02,4.485043751179078697e+01,5.386582303838604036e-01,6.881344080052483048e-02,2.475146347654224449e-02,3.550437091106461995e-02,0.000000000000000000e+00
3.514844951122976227e+02,4.490204759235987808e+01,2.693291323106884461e-01,3.440672258717906995e-02,2.464840544122214733e-02,3.553277723626538376e-02,0.000000000000000000e+00
3.518884887848404901e+02,4.495365767292896919e+01,5.386581847338384188e-01,6.881343496874707533e-02,2.454467666988870839e-02,3.556103215900788261e-02,0.000000000000000000e+00
3.522924824573833575e+02,4.500526775349806030e+01,2.693291266044356980e-01,3.440672185820685403e-02,2.444027589385011287e-02,3.558913525639485070e-02,0.000000000000000000e+00
3.526964761299262250e+02,4.505687783406715141e+01,5.386582417963658997e-01,6.881344225846926232e-02,2.433520184441452863e-02,3.561708610552900139e-02,0.000000000000000000e+00
3.531004698024690924e+02,4.510848791463624252e+01,2.693291094856774537e-01,3.440671967129019237e-02,2.422945325289013740e-02,3.564488428351306193e-02,0.000000000000000000e+00
3.535044634750119599e+02,4.516009799520533363e+01,5.386582646213768921e-01,6.881344517435813990e-02,2.412302885058511398e-02,3.567252936744977343e-02,0.000000000000000000e+00
3.539084571475548273e+02,4.521170807577442474e+01,2.693291208981829499e-01,3.440672112923463116e-02,2.401592736880764356e-02,3.570002093444184926e-02,0.000000000000000000e+00
3.543124508200976948e+02,4.526331815634351585e+01,5.386582189713549074e-01,6.881343934258038475e-02,2.390814753886588706e-02,3.572735856159201667e-02,0.000000000000000000e+00
3.547164444926405622e+02,4.531492823691260696e+01,2.693291094856774537e-01,3.440671967129019237e-02,2.379968809206801927e-02,3.575454182600298209e-02,0.000000000000000000e+00
3.551204381651834296e+02,4.536653831748169807e+01,5.386582532088713959e-01,6.881344371641370805e-02,2.369054775972223234e-02,3.578157030477749356e-02,0.000000000000000000e+00
3.555244318377262971e+02,4.541814839805078918e+01,2.693291151919207094e-01,3.440672040026120093e-02,2.358072527313669758e-02,3.580844357501827835e-02,0.000000000000000000e+00
3.559284255102691645e+02,4.546975847861988029e+01,5.386582189712790791e-01,6.881343934257069805e-02,2.347021936361958286e-02,3.583516121382805675e-02,0.000000000000000000e+00
3.563324191828120888e+02,4.552136855918897851e+01,2.693291094856490320e-01,3.440671967128656333e-02,2.335902876247906296e-02,3.586172279830954907e-02,0.000000000000000000e+00
3.567364128553549563e+02,4.557297863975806962e+01,5.386582189713549074e-01,6.881343934258038475e-02,2.324715220102333002e-02,3.588812790556548254e-02,0.000000000000000000e+00
3.571404065278978237e+02,4.562458872032716073e+01,2.693291266044356980e-01,3.440672185820685403e-02,2.313458841056055190e-02,3.591437611269858443e-02,0.000000000000000000e+00
3.575444002004406912e+02,4.567619880089625184e+01,5.386582189713549074e-01,6.881343934258038475e-02,2.302133612239890340e-02,3.594046699681157503e-02,0.000000000000000000e+00
3.579483938729835586e+02,4.572780888146534295e+01,2.693291094856774537e-01,3.440671967129019237e-02,2.290739406784656276e-02,3.596640013500719546e-02,0.000000000000000000e+00
3.583523875455264260e+02,4.577941896203443406e+01,5.386582303838604036e-01,6.881344080052483048e-02,2.279276097821170480e-02,3.599217510438814521e-02,0.000000000000000000e+00
3.587563812180692935e+02,4.583102904260352517e+01,2.693291208981829499e-01,3.440672112923463116e-02,2.267743558480250776e-02,3.601779148205717929e-02,0.000000000000000000e+00
3.591603748906121609e+02,4.588263912317261628e+01,5.386582189713549074e-01,6.881343934258038475e-02,2.256141661892713951e-02,3.604324884511699717e-02,0.000000000000000000e+00
3.595643685631550284e+02,4.593424920374170739e+01,2.693291094856774537e-01,3.440671967129019237e-02,2.244470281189379218e-02,3.606854677067034692e-02,0.000000000000000000e+00
3.599683622356978958e+02,4.598585928431079850e+01,5.386582189713549074e-01,6.881343934258038475e-02,2.232729289501062322e-02,3.609368483581992804e-02,0.000000000000000000e+00
3.603723559082407633e+02,4.603746936487988961e+01,2.693291380169411942e-01,3.440672331615129281e-02,2.220918559958582131e-02,3.611866261766848857e-02,0.000000000000000000e+00
3.607763495807836307e+02,4.608907944544898072e+01,5.386582303838604036e-01,6.881344080052483048e-02,2.209037965692756122e-02,3.614347969331874189e-02,0.000000000000000000e+00
3.611803432533264981e+02,4.614068952601807894e+01,2.693290980731719575e-01,3.440671821334575359e-02,2.197087379834400389e-02,3.616813563987342217e-02,0.000000000000000000e+00
3.615843369258693656e+02,4.619229960658717005e+01,5.386582189713549074e-01,6.881343934258038475e-02,2.185066675514336226e-02,3.619263003443525667e-02,0.000000000000000000e+00
3.619883305984122330e+02,4.624390968715626116e+01,2.693291094856774537e-01,3.440671967129019237e-02,2.172975725863377297e-02,3.621696245410694487e-02,0.000000000000000000e+00
3.623923242709551005e+02,4.629551976772535227e+01,5.386582075588494112e-01,6.881343788463595290e-02,2.160814404012343509e-02,3.624113247599124177e-02,0.000000000000000000e+00
3.627963179434979679e+02,4.634712984829444338e+01,2.693291094856490320e-01,3.440671967128656333e-02,2.148582583092052342e-02,3.626513967719086767e-02,0.000000000000000000e+00
3.632003116160408922e+02,4.639873992886354159e+01,5.386582532087955677e-01,6.881344371640402136e-02,2.136280136233319193e-02,3.628898363480854289e-02,0.000000000000000000e+00
3.636043052885837596e+02,4.645035000943263270e+01,2.693291094856679613e-01,3.440671967128898501e-02,2.123906936566965012e-02,3.631266392594698772e-02,0.000000000000000000e+00
3.640082989611266271e+02,4.650196009000172381e+01,5.386582303838604036e-01,6.881344080052483048e-02,2.111462857223805195e-02,3.633618012770892941e-02,0.000000000000000000e+00
3.644122926336694945e+02,4.655357017057081492e+01,2.693291151919302018e-01,3.440672040026241524e-02,2.098947771334658263e-02,3.635953181719709520e-02,0.000000000000000000e+00
3.648162863062123620e+02,4.660518025113990603e+01,5.386582417963658997e-01,6.881344225846926232e-02,2.086361552030342043e-02,3.638271857151421929e-02,0.000000000000000000e+00
3.652202799787552294e+02,4.665679033170899714e+01,2.693291208981829499e-01,3.440672112923463116e-02,2.073704072441673318e-02,3.640573996776300808e-02,0.000000000000000000e+00
3.656242736512980969e+02,4.670840041227808825e+01,5.386582075588494112e-01,6.881343788463595290e-02,2.060975205699470611e-02,3.642859558304620965e-02,0.000000000000000000e+00
3.660282673238409643e+02,4.676001049284717936e+01,2.693291151919302018e-01,3.440672040026241524e-02,2.048174824934550012e-02,3.645128499446653042e-02,0.000000000000000000e+00
3.664322609963838318e+02,4.681162057341627047e+01,5.386582532088713959e-01,6.881344371641370805e-02,2.035302803277731082e-02,3.647380777912670458e-02,0.000000000000000000e+00
3.668362546689266992e+02,4.686323065398536158e+01,2.693291151919302018e-01,3.440672040026241524e-02,2.022359013859830260e-02,3.649616351412946630e-02,0.000000000000000000e+00
3.672402483414695666e+02,4.691484073455445269e+01,5.386582417963658997e-01,6.881344225846926232e-02,2.009343329811665024e-02,3.651835177657751508e-02,0.000000000000000000e+00
3.676442420140124341e+02,4.696645081512354380e+01,2.693291266044356980e-01,3.440672185820685403e-02,1.996255624264053549e-02,3.654037214357359897e-02,0.000000000000000000e+00
3.680482356865553015e+02,4.701806089569263492e+01,5.386581961463439150e-01,6.881343642669150718e-02,1.983095770347813661e-02,3.656222419222043829e-02,0.000000000000000000e+00
3.684522293590981690e+02,4.706967097626172603e+01,2.693291151919302018e-01,3.440672040026241524e-02,1.969863641193762491e-02,3.658390749962075333e-02,0.000000000000000000e+00
3.688562230316410364e+02,4.712128105683081714e+01,5.386582532088713959e-01,6.881344371641370805e-02,1.956559109932717866e-02,3.660542164287727829e-02,0.000000000000000000e+00
3.692602167041839039e+02,4.717289113739990825e+01,2.693291094856490320e-01,3.440671967128656333e-02,1.943182049695497612e-02,3.662676619909273346e-02,0.000000000000000000e+00
3.696642103767268281e+02,4.722450121796900646e+01,5.386582303837845753e-01,6.881344080051514378e-02,1.929732333612916781e-02,3.664794074536983914e-02,0.000000000000000000e+00
3.700682040492696956e+02,4.727611129853809757e+01,2.693291037794152132e-01,3.440671894231676214e-02,1.916209834815797708e-02,3.666894485881133647e-02,0.000000000000000000e+00
3.704721977218125630e+02,4.732772137910718868e+01,5.386582303838604036e-01,6.881344080052483048e-02,1.902614426434955097e-02,3.668977811651993187e-02,0.000000000000000000e+00
3.708761913943554305e+02,4.737933145967627979e+01,2.693291266044356980e-01,3.440672185820685403e-02,1.888945981601207122e-02,3.671044009559835258e-02,0.000000000000000000e+00
3.712801850668982979e+02,4.743094154024537090e+01,5.386582303838604036e-01,6.881344080052483048e-02,1.875204373445371261e-02,3.673093037314933973e-02,0.000000000000000000e+00
3.716841787394411654e+02,4.748255162081446912e+01,2.693291266044356980e-01,3.440672185820685403e-02,1.861389475098263954e-02,3.675124852627560668e-02,0.000000000000000000e+00
3.720881724119840328e+02,4.753416170138356023e+01,5.386582532088713959e-01,6.881344371641370805e-02,1.847501159690705455e-02,3.677139413207988761e-02,0.000000000000000000e+00
3.724921660845269002e+02,4.758577178195265134e+01,2.693290809544137132e-01,3.440671602642909888e-02,1.833539300353512203e-02,3.679136676766489589e-02,0.000000000000000000e+00
3.728961597570697677e+02,4.763738186252174245e+01,5.386582303838604036e-01,6.881344080052483048e-02,1.819503770217501676e-02,3.681116601013336570e-02,0.000000000000000000e+00
3.733001534296126351e+02,4.768899194309083356e+01,2.693291380169411942e-01,3.440672331615129281e-02,1.805394442413491354e-02,3.683079143658801041e-02,0.000000000000000000e+00
3.737041471021555026e+02,4.774060202365992467e+01,5.386582075588494112e-01,6.881343788463595290e-02,1.791211190072299064e-02,3.685024262413157115e-02,0.000000000000000000e+00
3.741081407746983700e+02,4.779221210422901578e+01,2.693291037794247056e-01,3.440671894231797645e-02,1.776953886324742632e-02,3.686951914986677514e-02,0.000000000000000000e+00
3.745121344472412375e+02,4.784382218479810689e+01,5.386582303838604036e-01,6.881344080052483048e-02,1.762622404301638843e-02,3.688862059089632189e-02,0.000000000000000000e+00
3.749161281197841049e+02,4.789543226536719800e+01,2.693291037794247056e-01,3.440671894231797645e-02,1.748216617133806217e-02,3.690754652432297334e-02,0.000000000000000000e+00
3.753201217923269724e+02,4.794704234593628911e+01,5.386582303838604036e-01,6.881344080052483048e-02,1.733736397952062233e-02,3.692629652724942896e-02,0.000000000000000000e+00
3.757241154648698398e+02,4.799865242650538022e+01,2.693291037794152132e-01,3.440671894231676214e-02,1.719181619887223678e-02,3.694487017677840907e-02,0.000000000000000000e+00
3.761281091374127072e+02,4.805026250707447133e+01,5.386582303837845753e-01,6.881344080051514378e-02,1.704552156070109417e-02,3.696326705001266866e-02,0.000000000000000000e+00
3.765321028099556315e+02,4.810187258764356955e+01,2.693291266044072763e-01,3.440672185820322498e-02,1.689847879631534849e-02,3.698148672405492804e-02,0.000000000000000000e+00
3.769360964824984990e+02,4.815348266821266066e+01,5.386582075588494112e-01,6.881343788463595290e-02,1.675068663702320576e-02,3.699952877600787282e-02,0.000000000000000000e+00
3.773400901550413664e+02,4.820509274878175177e+01,2.693291266044356980e-01,3.440672185820685403e-02,1.660214381413282689e-02,3.701739278297427188e-02,0.000000000000000000e+00
3.777440838275842339e+02,4.825670282935084288e+01,5.386582303838604036e-01,6.881344080052483048e-02,1.645284905895239014e-02,3.703507832205682471e-02,0.000000000000000000e+00
3.781480775001271013e+02,4.830831290991993399e+01,2.693291037794247056e-01,3.440671894231797645e-02,1.630280110279007724e-02,3.705258497035826548e-02,0.000000000000000000e+00
3.785520711726699687e+02,4.835992299048902510e+01,5.386582532088713959e-01,6.881344371641370805e-02,1.615199867695405259e-02,3.706991230498132839e-02,0.000000000000000000e+00
3.789560648452128362e+02,4.841153307105811621e+01,2.693291151919302018e-01,3.440672040026241524e-02,1.600044051275250484e-02,3.708705990302872679e-02,0.000000000000000000e+00
3.793600585177557036e+02,4.846314315162720732e+01,5.386582075588494112e-01,6.881343788463595290e-02,1.584812534149359839e-02,3.710402734160318794e-02,0.000000000000000000e+00
3.797640521902985711e+02,4.851475323219629843e+01,2.693291151919302018e-01,3.440672040026241524e-02,1.569505189448551843e-02,3.712081419780744601e-02,0.000000000000000000e+00
3.801680458628414385e+02,4.856636331276538954e+01,5.386582303838604036e-01,6.881344080052483048e-02,1.554121890303643283e-02,3.713742004874422131e-02,0.000000000000000000e+00
3.805720395353843060e+02,4.861797339333448065e+01,2.693291037794247056e-01,3.440671894231797645e-02,1.538662509845452851e-02,3.715384447151622721e-02,0.000000000000000000e+00
3.809760332079271734e+02,4.866958347390357176e+01,5.386582532088713959e-01,6.881344371641370805e-02,1.523126921204796813e-02,3.717008704322620483e-02,0.000000000000000000e+00
3.813800268804700409e+02,4.872119355447266287e+01,2.693291151919302018e-01,3.440672040026241524e-02,1.507514997512494036e-02,3.718614734097688140e-02,0.000000000000000000e+00
3.817840205530129083e+02,4.877280363504175398e+01,5.386582075588494112e-01,6.881343788463595290e-02,1.491826611899362345e-02,3.720202494187097725e-02,0.000000000000000000e+00
3.821880142255557757e+02,4.882441371561085219e+01,2.693291151919302018e-01,3.440672040026241524e-02,1.476061637496215925e-02,3.721771942301120573e-02,0.000000000000000000e+00
3.825920078980986432e+02,4.887602379617994330e+01,5.386582303838604036e-01,6.881344080052483048e-02,1.460219947433877459e-02,3.723323036150031490e-02,0.000000000000000000e+00
3.829960015706415106e+02,4.892763387674903441e+01,2.693291266044072763e-01,3.440672185820322498e-02,1.444301414843162171e-02,3.724855733444101119e-02,0.000000000000000000e+00
3.833999952431844349e+02,4.897924395731813263e+01,5.386582303837845753e-01,6.881344080051514378e-02,1.428305912854885805e-02,3.726369991893602185e-02,0.000000000000000000e+00
3.838039889157273024e+02,4.903085403788722374e+01,2.693291037794152132e-01,3.440671894231676214e-02,1.412233314599870178e-02,3.727865769208808105e-02,0.000000000000000000e+00
3.842079825882701698e+02,4.908246411845631485e+01,5.386582760338823883e-01,6.881344663230258563e-02,1.396083493208930514e-02,3.729343023099991605e-02,0.000000000000000000e+00
3.846119762608130372e+02,4.913407419902540596e+01,2.693291266044356980e-01,3.440672185820685403e-02,1.379856321812884465e-02,3.730801711277424021e-02,0.000000000000000000e+00
3.850159699333559047e+02,4.918568427959449707e+01,5.386582303838604036e-01,6.881344080052483048e-02,1.363551673542550031e-02,3.732241791451379465e-02,0.000000000000000000e+00
3.854199636058987721e+02,4.923729436016358818e+01,2.693291266044356980e-01,3.440672185820685403e-02,1.347169421528744519e-02,3.733663221332128579e-02,0.000000000000000000e+00
3.858239572784416396e+02,4.928890444073267929e+01,5.386582303838604036e-01,6.881344080052483048e-02,1.330709438902285581e-02,3.735065958629946170e-02,0.000000000000000000e+00
3.862279509509845070e+02,4.934051452130177040e+01,2.693291266044356980e-01,3.440672185820685403e-02,1.314171598793990696e-02,3.736449961055101493e-02,0.000000000000000000e+00
3.866319446235273745e+02,4.939212460187086151e+01,5.386582760338823883e-01,6.881344663230258563e-02,1.297555774334678037e-02,3.737815186317870048e-02,0.000000000000000000e+00
3.870359382960702419e+02,4.944373468243995262e+01,2.693291266044356980e-01,3.440672185820685403e-02,1.280861838655165084e-02,3.739161592128524558e-02,0.000000000000000000e+00
3.874399319686131093e+02,4.949534476300904373e+01,5.386582303838604036e-01,6.881344080052483048e-02,1.264089664886268623e-02,3.740489136197334280e-02,0.000000000000000000e+00
3.878439256411559768e+02,4.954695484357813484e+01,2.693291494294466903e-01,3.440672477409573160e-02,1.247239126158807693e-02,3.741797776234576101e-02,0.000000000000000000e+00
3.882479193136988442e+02,4.959856492414722595e+01,5.386582075588494112e-01,6.881343788463595290e-02,1.230310095603598906e-02,3.743087469950519275e-02,0.000000000000000000e+00
3.886519129862417117e+02,4.965017500471631706e+01,2.693290923669192094e-01,3.440671748437353766e-02,1.213302446351459569e-02,3.744358175055437221e-02,0.000000000000000000e+00
3.890559066587845791e+02,4.970178508528540817e+01,5.386582760338823883e-01,6.881344663230258563e-02,1.196216051533208376e-02,3.745609849259602664e-02,0.000000000000000000e+00
3.894599003313274466e+02,4.975339516585449928e+01,2.693291151919207094e-01,3.440672040026120093e-02,1.179050784279662457e-02,3.746842450273288327e-02,0.000000000000000000e+00
3.898638940038703140e+02,4.980500524642359039e+01,5.386582532087955677e-01,6.881344371640402136e-02,1.161806517721639120e-02,3.748055935806766936e-02,0.000000000000000000e+00
3.902678876764132383e+02,4.985661532699268861e+01,2.693291266044072763e-01,3.440672185820322498e-02,1.144483124989954630e-02,3.749250263570309827e-02,0.000000000000000000e+00
3.906718813489561057e+02,4.990822540756177972e+01,5.386582303838604036e-01,6.881344080052483048e-02,1.127080479215430107e-02,3.750425391274191805e-02,0.000000000000000000e+00
3.910758750214989732e+02,4.995983548813087083e+01,2.693291037794247056e-01,3.440671894231797645e-02,1.109598453528881298e-02,3.751581276628683514e-02,0.000000000000000000e+00
3.914798686940418406e+02,5.001144556869996194e+01,5.386582075588494112e-01,6.881343788463595290e-02,1.092036921061125855e-02,3.752717877344057679e-02,0.000000000000000000e+00
3.918838623665847081e+02,5.006305564926905305e+01,2.693291151919302018e-01,3.440672040026241524e-02,1.074395754942981604e-02,3.753835151130587716e-02,0.000000000000000000e+00
3.922878560391275755e+02,5.011466572983814416e+01,5.386582532088713959e-01,6.881344371641370805e-02,1.056674828305265504e-02,3.754933055698544964e-02,0.000000000000000000e+00
3.926918497116704430e+02,5.016627581040723527e+01,2.693291380169411942e-01,3.440672331615129281e-02,1.038874014278796075e-02,3.756011548758202839e-02,0.000000000000000000e+00
3.930958433842133104e+02,5.021788589097633349e+01,5.386582075588494112e-01,6.881343788463595290e-02,1.020993185994388368e-02,3.757070588019834068e-02,0.000000000000000000e+00
3.934998370567561778e+02,5.026949597154542460e+01,2.693290923669192649e-01,3.440671748437354460e-02,1.003032216582864199e-02,3.758110131193709985e-02,0.000000000000000000e+00
3.939038307292990453e+02,5.032110605211451571e+01,5.386582303838604036e-01,6.881344080052483048e-02,9.849909791750391386e-03,3.759130135990104704e-02,0.000000000000000000e+00
3.943078244018419127e+02,5.037271613268360682e+01,2.693291037794247056e-01,3.440671894231797645e-02,9.668693469017304934e-03,3.760130560119288173e-02,0.000000000000000000e+00
3.947118180743847802e+02,5.042432621325269793e+01,5.386582760338823883e-01,6.881344663230258563e-02,9.486671928937564363e-03,3.761111361291536587e-02,0.000000000000000000e+00
3.951158117469276476e+02,5.047593629382178904e+01,2.693291494294466903e-01,3.440672477409573160e-02,9.303843902819342732e-03,3.762072497217119893e-02,0.000000000000000000e+00
3.955198054194705151e+02,5.052754637439088015e+01,5.386582075588494112e-01,6.881343788463595290e-02,9.120208121970820037e-03,3.763013925606312204e-02,0.000000000000000000e+00
3.959237990920133825e+02,5.057915645495997126e+01,2.693291037794247056e-01,3.440671894231797645e-02,8.935763317700165867e-03,3.763935604169383470e-02,0.000000000000000000e+00
3.963277927645562499e+02,5.063076653552906237e+01,5.386582075588494112e-01,6.881343788463595290e-02,8.750508221315561955e-03,3.764837490616609883e-02,0.000000000000000000e+00
3.967317864370991174e+02,5.068237661609815348e+01,2.693291266044072763e-01,3.440672185820322498e-02,8.564441564125181358e-03,3.765719542658260699e-02,0.000000000000000000e+00
3.971357801096420417e+02,5.073398669666725169e+01,5.386581847337625906e-01,6.881343496873738863e-02,8.377562077437183258e-03,3.766581718004610724e-02,0.000000000000000000e+00
3.975397737821849091e+02,5.078559677723634280e+01,2.693290581293932284e-01,3.440671311053900699e-02,8.189868492559780611e-03,3.767423974365931988e-02,0.000000000000000000e+00
3.979437674547277766e+02,5.083720685780543391e+01,5.386582760338823883e-01,6.881344663230258563e-02,8.001359540801130862e-03,3.768246269452495134e-02,0.000000000000000000e+00
3.983477611272706440e+02,5.088881693837452502e+01,2.693291151919302018e-01,3.440672040026241524e-02,7.812033953469412276e-03,3.769048560974574968e-02,0.000000000000000000e+00
3.987517547998135115e+02,5.094042701894361613e+01,5.386582532088713959e-01,6.881344371641370805e-02,7.621890461872799644e-03,3.769830806642444215e-02,0.000000000000000000e+00
3.991557484723563789e+02,5.099203709951270724e+01,2.693291380169411942e-01,3.440672331615129281e-02,7.430927797319467759e-03,3.770592964166373517e-02,0.000000000000000000e+00
3.995597421448992463e+02,5.104364718008179835e+01,5.386582303838604036e-01,6.881344080052483048e-02,7.239144691117595752e-03,3.771334991256636987e-02,0.000000000000000000e+00
3.999637358174421138e+02,5.109525726065088946e+01,2.693291037794247056e-01,3.440671894231797645e-02,7.046539874575357548e-03,3.772056845623505267e-02,0.000000000000000000e+00
4.003677294899849812e+02,5.114686734121998057e+01,5.386582988588933807e-01,6.881344954819146320e-02,6.853112079000929675e-03,3.772758484977253857e-02,0.000000000000000000e+00
4.007717231625278487e+02,5.119847742178907168e+01,2.693291037794247056e-01,3.440671894231797645e-02,6.658860035702488661e-03,3.773439867028152706e-02,0.000000000000000000e+00
4.011757168350707161e+02,5.125008750235816279e+01,5.386582075588494112e-01,6.881343788463595290e-02,6.463782475988211901e-03,3.774100949486475925e-02,0.000000000000000000e+00
4.015797105076135836e+02,5.130169758292725390e+01,2.693291266044356980e-01,3.440672185820685403e-02,6.267878131166273320e-03,3.774741690062494853e-02,0.000000000000000000e+00
4.019837041801564510e+02,5.135330766349634501e+01,5.386582303838604036e-01,6.881344080052483048e-02,6.071145732544851181e-03,3.775362046466482907e-02,0.000000000000000000e+00
4.023876978526993184e+02,5.140491774406543612e+01,2.693291151919302018e-01,3.440672040026241524e-02,5.873584011432120278e-03,3.775961976408712117e-02,0.000000000000000000e+00
4.027916915252421859e+02,5.145652782463452724e+01,5.386582988588933807e-01,6.881344954819146320e-02,5.675191699136257137e-03,3.776541437599455903e-02,0.000000000000000000e+00
4.031956851977850533e+02,5.150813790520361835e+01,2.693290923668907877e-01,3.440671748436990862e-02,5.475967526965439154e-03,3.777100387748985599e-02,0.000000000000000000e+00
4.035996788703279776e+02,5.155974798577272367e+01,5.386582532087955677e-01,6.881344371640402136e-02,5.275910226227797754e-03,3.777638784567575320e-02,0.000000000000000000e+00
4.040036725428708451e+02,5.161135806634181478e+01,2.693291266044262056e-01,3.440672185820563972e-02,5.075018528231595334e-03,3.778156585765495706e-02,0.000000000000000000e+00
4.044076662154137125e+02,5.166296814691090589e+01,5.386581847338384188e-01,6.881343496874707533e-02,4.873291164284968523e-03,3.778653749053020178e-02,0.000000000000000000e+00
4.048116598879565800e+02,5.171457822747999700e+01,2.693291151919302018e-01,3.440672040026241524e-02,4.670726865696088644e-03,3.779130232140420764e-02,0.000000000000000000e+00
4.052156535604994474e+02,5.176618830804908811e+01,5.386582075588494112e-01,6.881343788463595290e-02,4.467324363773135694e-03,3.779585992737971578e-02,0.000000000000000000e+00
4.056196472330423148e+02,5.181779838861817922e+01,2.693291037794247056e-01,3.440671894231797645e-02,4.263082389824284467e-03,3.780020988555943262e-02,0.000000000000000000e+00
4.060236409055851823e+02,5.186940846918727033e+01,5.386582760338823883e-01,6.881344663230258563e-02,4.057999675157710623e-03,3.780435177304609234e-02,0.000000000000000000e+00
4.064276345781280497e+02,5.192101854975636144e+01,2.693291494294466903e-01,3.440672477409573160e-02,3.852074951081591123e-03,3.780828516694242913e-02,0.000000000000000000e+00
4.068316282506709172e+02,5.197262863032545255e+01,5.386582075588494112e-01,6.881343788463595290e-02,3.645306948904102062e-03,3.781200964435114942e-02,0.000000000000000000e+00
4.072356219232137846e+02,5.202423871089454366e+01,2.693291151919302018e-01,3.440672040026241524e-02,3.437694399933419100e-03,3.781552478237498738e-02,0.000000000000000000e+00
4.076396155957566521e+02,5.207584879146363477e+01,5.386582075588494112e-01,6.881343788463595290e-02,3.229236035477719199e-03,3.781883015811667720e-02,0.000000000000000000e+00
4.080436092682995195e+02,5.212745887203272588e+01,2.693291037794247056e-01,3.440671894231797645e-02,3.019930586845178018e-03,3.782192534867892530e-02,0.000000000000000000e+00
4.084476029408423869e+02,5.217906895260181699e+01,5.386582760338823883e-01,6.881344663230258563e-02,2.809776785343973387e-03,3.782480993116447976e-02,0.000000000000000000e+00
4.088515966133852544e+02,5.223067903317090810e+01,2.693291380169411942e-01,3.440672331615129281e-02,2.598773362282278798e-03,3.782748348267604699e-02,0.000000000000000000e+00
4.092555902859281218e+02,5.228228911373999921e+01,5.386582075588494112e-01,6.881343788463595290e-02,2.386919048968273380e-03,3.782994558031636118e-02,0.000000000000000000e+00
4.096595839584709893e+02,5.233389919430909032e+01,2.693291380169317017e-01,3.440672331615007851e-02,2.174212576710131059e-03,3.783219580118814956e-02,0.000000000000000000e+00
4.100635776310138567e+02,5.238550927487818143e+01,5.386582303837845753e-01,6.881344080051514378e-02,1.960652676816029664e-03,3.783423372239413246e-02,0.000000000000000000e+00
4.104675713035567810e+02,5.243711935544727964e+01,2.693291380169127724e-01,3.440672331614766377e-02,1.746238080594119486e-03,3.783605892103703711e-02,0.000000000000000000e+00
4.108715649760996484e+02,5.248872943601637076e+01,5.386582075588494112e-01,6.881343788463595290e-02,1.530967519352626708e-03,3.783767097421958381e-02,0.000000000000000000e+00
4.112755586486425159e+02,5.254033951658546187e+01,2.693290923669192094e-01,3.440671748437353766e-02,1.314839724399702705e-03,3.783906945904451369e-02,0.000000000000000000e+00
4.116795523211853833e+02,5.259194959715455298e+01,5.386582760338823883e-01,6.881344663230258563e-02,1.097853427043524004e-03,3.784025395261453317e-02,0.000000000000000000e+00
4.120835459937282508e+02,5.264355967772364409e+01,2.693291266044356980e-01,3.440672185820685403e-02,8.800073585922664823e-04,3.784122403203238338e-02,0.000000000000000000e+00
4.124875396662711182e+02,5.269516975829273520e+01,5.386582075588494112e-01,6.881343788463595290e-02,6.613002503541066685e-04,3.784197927440078463e-02,0.000000000000000000e+00
4.128915333388139857e+02,5.274677983886182631e+01,2.693291380169411942e-01,3.440672331615129281e-02,4.417308336372204936e-04,3.784251925682245027e-02,0.000000000000000000e+00
4.132955270113568531e+02,5.279838991943091742e+01,5.386582075588494112e-01,6.881343788463595290e-02,2.212978397497845126e-04,3.784284355640011449e-02,0.000000000000000000e+00
4.136995206838997206e+02,5.285000000000000853e+01,1.346645747147233452e-01,1.720336238704786580e-02,0.000000000000000000e+00,0.000000000000000000e+00,0.000000000000000000e+00
